idx,score,length,gc,frac_a,frac_t,frac_c,frac_g,entropy_bits,cpg_density,longest_run,runs_ge_5,mean_unpair_prob
2,0.9977702498435974,100,0.71,0.14,0.15,0.39,0.32,1.8634860459891054,0.13,5,1,nan
3,0.9986340999603271,100,0.68,0.17,0.15,0.24,0.44,1.860413005047401,0.08,5,1,nan
4,0.9604185819625854,100,0.64,0.25,0.11,0.18,0.46,1.8109296642350987,0.03,5,1,nan
9,0.9892769455909729,100,0.59,0.18,0.23,0.28,0.31,1.970990205225935,0.06,4,0,nan
13,0.9840491414070129,100,0.81,0.12,0.07,0.43,0.38,1.6896395455136892,0.14,10,1,nan
14,0.9750196933746338,100,0.64,0.19,0.17,0.42,0.22,1.896033005540601,0.07,4,0,nan
15,0.9938478469848633,100,0.55,0.24,0.21,0.34,0.21,1.9689545060094527,0.05,4,0,nan
20,0.9853794574737549,100,0.68,0.17,0.15,0.37,0.31,1.8996553159182463,0.11,4,0,nan
21,0.9824031591415405,100,0.66,0.18,0.16,0.26,0.4,1.9023841248434796,0.07,4,0,nan
23,0.9870016574859619,100,0.65,0.13,0.22,0.51,0.14,1.75575745682265,0.03,4,0,nan
41,0.9995044469833374,100,0.66,0.22,0.12,0.24,0.42,1.867421415847824,0.12,4,0,nan
46,0.993661105632782,100,0.71,0.1,0.19,0.52,0.19,1.7332222717440582,0.05,5,2,nan
49,0.9996129274368286,100,0.61,0.23,0.16,0.39,0.22,1.9210551184251294,0.06,3,0,nan
51,0.9852769374847412,100,0.72,0.15,0.13,0.25,0.47,1.805144629342934,0.07,6,1,nan
54,0.9673475027084351,100,0.69,0.14,0.17,0.6,0.09,1.5865302101791832,0.06,5,4,nan
55,0.9950535893440247,100,0.79,0.11,0.1,0.4,0.39,1.7410477989246638,0.17,5,1,nan
59,0.9925459027290344,100,0.75,0.11,0.14,0.5,0.25,1.747396880305514,0.14,5,2,nan
60,0.9756757020950317,100,0.67,0.19,0.14,0.15,0.52,1.7534580303577332,0.03,5,1,nan
62,0.9809149503707886,100,0.63,0.19,0.18,0.29,0.34,1.947611607348716,0.07,5,1,nan
63,0.9903964996337891,100,0.88,0.08,0.04,0.25,0.63,1.3972057905260962,0.15,5,2,nan
71,0.9995826482772827,100,0.71,0.12,0.17,0.56,0.15,1.6806396609820922,0.08,4,0,nan
81,0.9966977834701538,100,0.79,0.14,0.07,0.22,0.57,1.60848939196852,0.09,5,3,nan
88,0.997113049030304,100,0.73,0.14,0.13,0.45,0.28,1.8123760658038355,0.11,4,0,nan
98,0.9794982075691223,100,0.67,0.25,0.08,0.4,0.27,1.8303012787919621,0.06,5,2,nan
104,0.9690570831298828,100,0.69,0.16,0.15,0.33,0.36,1.8919995405259247,0.14,4,0,nan
109,0.9913679361343384,100,0.76,0.09,0.15,0.39,0.37,1.7837247396646503,0.12,5,1,nan
110,0.9846982955932617,100,0.66,0.14,0.2,0.23,0.43,1.8727277872941728,0.06,7,2,nan
115,0.9972108602523804,100,0.64,0.23,0.13,0.37,0.27,1.9110624056564218,0.09,4,0,nan
120,0.9975483417510986,100,0.6,0.16,0.24,0.23,0.37,1.9355481944258228,0.05,5,1,nan
121,0.998366117477417,100,0.75,0.15,0.1,0.21,0.54,1.695603880992898,0.06,6,1,nan
128,0.9710358381271362,100,0.62,0.18,0.2,0.28,0.34,1.9530873263363915,0.03,5,1,nan
133,0.9539204239845276,100,0.74,0.08,0.18,0.43,0.31,1.784174988773275,0.15,4,0,nan
134,0.953961193561554,100,0.65,0.21,0.14,0.28,0.37,1.91488271844428,0.08,4,0,nan
136,0.9925621151924133,100,0.54,0.2,0.26,0.23,0.31,1.9811361379675239,0.06,4,0,nan
138,0.992816150188446,100,0.59,0.27,0.14,0.31,0.28,1.945146640706463,0.06,4,0,nan
143,0.9816407561302185,100,0.62,0.23,0.15,0.18,0.44,1.864666938080307,0.06,4,0,nan
149,0.9930258989334106,100,0.72,0.12,0.16,0.43,0.29,1.831552356579288,0.12,7,2,nan
152,0.9586760401725769,100,0.75,0.1,0.15,0.34,0.41,1.799296103026181,0.11,4,0,nan
153,0.9828240275382996,100,0.56,0.23,0.21,0.31,0.25,1.9842853774344595,0.08,3,0,nan
157,0.9870439767837524,100,0.67,0.12,0.21,0.27,0.4,1.8786831673655646,0.07,5,1,nan
158,0.998424232006073,100,0.69,0.15,0.16,0.38,0.31,1.8878092891049532,0.1,4,0,nan
159,0.9892994165420532,100,0.76,0.11,0.13,0.35,0.41,1.7904161705421275,0.09,5,1,nan
161,0.9952213168144226,100,0.71,0.16,0.13,0.35,0.36,1.8663769699664123,0.13,4,0,nan
165,0.9928460121154785,100,0.6,0.17,0.23,0.39,0.21,1.9248747327292375,0.04,4,0,nan
175,0.995403528213501,100,0.72,0.09,0.19,0.47,0.25,1.7798359043584644,0.1,5,2,nan
185,0.9945235252380371,100,0.57,0.25,0.18,0.28,0.29,1.9774317753083022,0.06,5,1,nan
188,0.9685764908790588,100,0.66,0.15,0.19,0.48,0.18,1.8193478722733945,0.05,5,1,nan
191,0.9865205883979797,100,0.75,0.12,0.13,0.33,0.42,1.8031801493744752,0.13,5,1,nan
202,0.9919225573539734,100,0.65,0.15,0.2,0.28,0.37,1.9198798579971337,0.08,4,0,nan
204,0.9991639852523804,100,0.67,0.09,0.24,0.14,0.53,1.689344409465279,0.04,4,0,nan
205,0.9687292575836182,100,0.62,0.16,0.22,0.36,0.26,1.9394939064386028,0.03,3,0,nan
218,0.9935421347618103,100,0.83,0.1,0.07,0.49,0.34,1.6342033461003889,0.19,5,1,nan
219,0.9971497654914856,100,0.81,0.07,0.12,0.55,0.26,1.6152836759889069,0.15,5,1,nan
228,0.9887561798095703,100,0.61,0.25,0.14,0.36,0.25,1.9277254052800652,0.09,5,1,nan
231,0.9761044979095459,100,0.73,0.13,0.14,0.35,0.38,1.8403078262890176,0.13,4,0,nan
238,0.9974396228790283,100,0.59,0.19,0.22,0.26,0.33,1.9689106200152644,0.08,4,0,nan
240,0.996039092540741,100,0.69,0.17,0.14,0.35,0.34,1.890971395718249,0.03,4,0,nan
241,0.997525155544281,100,0.78,0.14,0.08,0.4,0.38,1.7478428076231525,0.12,5,1,nan
244,0.9994665384292603,100,0.76,0.16,0.08,0.42,0.34,1.76934550618253,0.19,4,0,nan
246,0.9957557320594788,100,0.75,0.17,0.08,0.24,0.51,1.7156595821836267,0.1,4,0,nan
251,0.9885757565498352,100,0.66,0.19,0.15,0.18,0.48,1.8193478722733945,0.03,4,0,nan
252,0.9937060475349426,100,0.75,0.13,0.12,0.27,0.48,1.7680019003995526,0.13,5,1,nan
253,0.9922245144844055,100,0.7,0.19,0.11,0.37,0.33,1.8640646794993396,0.08,4,0,nan
257,0.9880198240280151,100,0.67,0.12,0.21,0.22,0.45,1.8388651814560872,0.09,4,0,nan
258,0.9988671541213989,100,0.77,0.1,0.13,0.41,0.36,1.7728368945149997,0.13,3,0,nan
259,0.9983758926391602,100,0.75,0.13,0.12,0.27,0.48,1.7680019003995526,0.09,5,2,nan
266,0.9984937906265259,100,0.61,0.28,0.11,0.3,0.31,1.909391298646006,0.05,4,0,nan
270,0.993191123008728,100,0.54,0.26,0.2,0.26,0.28,1.9891825391877551,0.06,4,0,nan
278,0.9984005689620972,100,0.64,0.21,0.15,0.31,0.33,1.934985026041686,0.11,4,0,nan
288,0.9968701601028442,100,0.62,0.22,0.16,0.24,0.38,1.9281777783928793,0.08,5,1,nan
291,0.9855927228927612,100,0.71,0.09,0.2,0.54,0.17,1.6916693864866132,0.06,5,2,nan
295,0.9996535778045654,100,0.59,0.2,0.21,0.35,0.24,1.9614438559098968,0.05,3,0,nan
300,0.9871805906295776,100,0.61,0.21,0.18,0.2,0.41,1.909901089860682,0.04,4,0,nan
306,0.9988433122634888,100,0.61,0.13,0.26,0.33,0.28,1.92997526213528,0.07,5,1,nan
311,0.9639447331428528,100,0.72,0.2,0.08,0.28,0.44,1.7912612804207124,0.13,4,0,nan
317,0.9862544536590576,100,0.63,0.13,0.24,0.3,0.33,1.9256907881724599,0.11,4,0,nan
321,0.952195942401886,100,0.61,0.16,0.23,0.43,0.18,1.8795565951000934,0.09,5,1,nan
322,0.9908350706100464,100,0.64,0.19,0.17,0.27,0.37,1.9305639083410377,0.09,5,1,nan
325,0.9775702357292175,100,0.63,0.21,0.16,0.41,0.22,1.9037982529975652,0.09,4,0,nan
326,0.9932379126548767,100,0.53,0.24,0.23,0.22,0.31,1.9861701273883976,0.05,5,1,nan
327,0.9996464252471924,100,0.71,0.11,0.18,0.46,0.25,1.8109296642350987,0.11,4,0,nan
328,0.9978501200675964,100,0.68,0.19,0.13,0.15,0.53,1.733861368602328,0.08,5,1,nan
329,0.9866547584533691,100,0.7,0.14,0.16,0.44,0.26,1.8465622617695654,0.09,5,1,nan
341,0.9966300129890442,100,0.71,0.1,0.19,0.3,0.41,1.8358936521557374,0.06,5,1,nan
342,0.9998619556427002,100,0.71,0.2,0.09,0.21,0.5,1.749862566996542,0.05,5,1,nan
353,0.9954107403755188,100,0.59,0.3,0.11,0.19,0.4,1.85537406753284,0.04,4,0,nan
356,0.9909867644309998,100,0.65,0.2,0.15,0.24,0.41,1.8964496593894826,0.09,4,0,nan
357,0.9991258978843689,100,0.7,0.25,0.05,0.21,0.49,1.6932012551866837,0.08,4,0,nan
359,0.9640564918518066,100,0.7,0.12,0.18,0.47,0.23,1.8119981792469673,0.03,4,0,nan
360,0.9884839057922363,100,0.83,0.07,0.1,0.34,0.49,1.6342033461003889,0.19,5,1,nan
369,0.990402340888977,100,0.57,0.27,0.16,0.3,0.27,1.9641497599238964,0.05,3,0,nan
374,0.9958633780479431,100,0.62,0.15,0.23,0.3,0.32,1.9453361718577784,0.05,3,0,nan
375,0.9554799795150757,100,0.71,0.13,0.16,0.5,0.21,1.7784842727454808,0.05,4,0,nan
378,0.9756820201873779,100,0.63,0.23,0.14,0.3,0.33,1.9336900127227021,0.12,4,0,nan
387,0.9989184141159058,100,0.74,0.14,0.12,0.47,0.27,1.7861546147274956,0.14,5,1,nan
396,0.9811277389526367,100,0.71,0.08,0.21,0.56,0.15,1.643317185297649,0.04,4,0,nan
405,0.9985774755477905,100,0.63,0.18,0.19,0.39,0.24,1.9244655964314727,0.06,5,1,nan
413,0.9927799105644226,100,0.62,0.25,0.13,0.29,0.33,1.928370430997416,0.06,6,1,nan
418,0.9913240671157837,100,0.59,0.26,0.15,0.13,0.46,1.813812610572195,0.02,4,0,nan
427,0.9996249675750732,100,0.71,0.18,0.11,0.25,0.46,1.8109296642350987,0.11,4,0,nan
432,0.9678518772125244,100,0.71,0.17,0.12,0.39,0.32,1.8574851413193514,0.09,5,2,nan
442,0.999462902545929,100,0.82,0.05,0.13,0.57,0.25,1.5609912661544307,0.1,5,1,nan
451,0.9628422260284424,100,0.51,0.14,0.35,0.37,0.14,1.8550500103851462,0.03,4,0,nan
452,0.9982635378837585,100,0.75,0.14,0.11,0.51,0.24,1.7369610980580172,0.14,5,2,nan
457,0.9957062602043152,100,0.68,0.19,0.13,0.25,0.43,1.8614349068965184,0.05,4,0,nan
459,0.9969516396522522,100,0.72,0.13,0.15,0.29,0.43,1.8346571039662067,0.09,3,0,nan
462,0.9997765421867371,100,0.66,0.27,0.07,0.25,0.41,1.8059613503094605,0.06,4,0,nan
464,0.990132749080658,100,0.73,0.15,0.12,0.32,0.41,1.8310307784534938,0.08,6,1,nan
467,0.9757922291755676,100,0.74,0.17,0.09,0.38,0.36,1.8083088010045638,0.13,8,1,nan
471,0.9988164901733398,100,0.59,0.16,0.25,0.26,0.33,1.95612775622607,0.08,3,0,nan
473,0.9733889698982239,100,0.62,0.23,0.15,0.33,0.29,1.9439388025650484,0.07,3,0,nan
475,0.9811014533042908,100,0.66,0.1,0.24,0.41,0.25,1.8537120107758156,0.07,5,1,nan
476,0.995232343673706,100,0.62,0.2,0.18,0.29,0.33,1.9554195225623503,0.08,4,0,nan
477,0.9987772703170776,100,0.67,0.14,0.19,0.14,0.53,1.7348927431258188,0.03,5,1,nan
478,0.9793946743011475,100,0.77,0.12,0.11,0.45,0.32,1.7617893182897295,0.15,4,0,nan
483,0.9919669032096863,100,0.69,0.13,0.18,0.38,0.31,1.8821992148282725,0.12,4,0,nan
484,0.9819155931472778,100,0.65,0.17,0.18,0.42,0.23,1.8932084390423587,0.09,4,0,nan
489,0.9950081706047058,100,0.74,0.13,0.13,0.44,0.3,1.8075247721750745,0.1,5,1,nan
495,0.9776520133018494,100,0.69,0.13,0.18,0.46,0.23,1.8309547764774277,0.1,4,0,nan
498,0.9974688291549683,100,0.61,0.24,0.15,0.34,0.27,1.9438746086511176,0.04,3,0,nan
502,0.9976868033409119,100,0.7,0.17,0.13,0.13,0.57,1.6621258719715803,0.04,4,0,nan
505,0.9869969487190247,100,0.62,0.2,0.18,0.21,0.41,1.909901089860682,0.09,5,2,nan
508,0.9977018237113953,100,0.63,0.13,0.24,0.36,0.27,1.9174154001399362,0.08,5,1,nan
509,0.9885997772216797,100,0.82,0.08,0.1,0.48,0.34,1.6611440139147182,0.15,6,1,nan
510,0.9984177947044373,100,0.67,0.15,0.18,0.32,0.35,1.9119870442430926,0.09,4,0,nan
511,0.9556258916854858,100,0.74,0.15,0.11,0.33,0.41,1.8160387411016403,0.04,4,0,nan
526,0.9666656255722046,100,0.64,0.22,0.14,0.33,0.31,1.9293006289782335,0.08,4,0,nan
528,0.9985948204994202,100,0.61,0.11,0.28,0.31,0.3,1.909391298646006,0.05,4,0,nan
531,0.9904075860977173,100,0.63,0.27,0.1,0.16,0.47,1.7771869944133627,0.05,5,1,nan
539,0.9956514835357666,100,0.68,0.17,0.15,0.44,0.24,1.860413005047401,0.09,4,0,nan
541,0.9980161786079407,100,0.63,0.18,0.19,0.26,0.37,1.9365513899614317,0.06,5,1,nan
544,0.9745156764984131,100,0.77,0.1,0.13,0.57,0.2,1.6414732898762714,0.09,5,3,nan
547,0.9912455677986145,100,0.71,0.14,0.15,0.24,0.47,1.8137451508838152,0.05,5,1,nan
549,0.9917930364608765,100,0.7,0.21,0.09,0.2,0.5,1.749862566996542,0.09,4,0,nan
552,0.9911813139915466,100,0.64,0.19,0.17,0.22,0.42,1.896033005540601,0.04,4,0,nan
555,0.9968231320381165,100,0.75,0.06,0.19,0.4,0.35,1.7576319182914908,0.17,5,1,nan
557,0.9744966626167297,100,0.7,0.14,0.16,0.34,0.36,1.8799161341423125,0.13,4,0,nan
560,0.9962688088417053,100,0.7,0.14,0.16,0.21,0.49,1.7972320182866686,0.06,4,0,nan
570,0.9991439580917358,100,0.64,0.16,0.2,0.19,0.45,1.8610304498946175,0.1,5,1,nan
573,0.9994893670082092,100,0.71,0.17,0.12,0.23,0.48,1.7975907564363605,0.13,7,1,nan
574,0.9967859983444214,100,0.58,0.25,0.17,0.32,0.26,1.9659091326018017,0.05,4,0,nan
581,0.9525201320648193,100,0.67,0.21,0.12,0.26,0.41,1.872563382294548,0.05,4,0,nan
585,0.9792347550392151,100,0.66,0.2,0.14,0.41,0.25,1.8888805123720922,0.06,4,0,nan
589,0.9981327652931213,100,0.57,0.2,0.23,0.21,0.36,1.9554916616013673,0.05,5,1,nan
613,0.9928618669509888,100,0.68,0.16,0.16,0.24,0.44,1.8613152774012365,0.06,4,0,nan
617,0.9515766501426697,100,0.6,0.13,0.27,0.24,0.36,1.9174154001399364,0.09,4,0,nan
620,0.9770947694778442,100,0.6,0.17,0.23,0.32,0.28,1.962508878692925,0.04,5,2,nan
622,0.9933862090110779,100,0.67,0.19,0.14,0.41,0.26,1.8850096245222805,0.06,5,1,nan
627,0.998112678527832,100,0.79,0.09,0.12,0.25,0.54,1.6597641409464234,0.11,4,0,nan
628,0.9961346387863159,100,0.63,0.15,0.22,0.28,0.35,1.9354392102263742,0.05,7,1,nan
632,0.9970387816429138,100,0.67,0.09,0.24,0.48,0.19,1.770283711571403,0.09,4,0,nan
635,0.9951884150505066,100,0.64,0.13,0.23,0.4,0.24,1.8932175383952474,0.09,4,0,nan
645,0.9925075173377991,100,0.64,0.18,0.18,0.44,0.2,1.8761476580776089,0.06,5,2,nan
660,0.9615321159362793,100,0.67,0.17,0.16,0.47,0.2,1.833945127496205,0.07,5,1,nan
668,0.9836875796318054,100,0.64,0.19,0.17,0.39,0.25,1.9196103664079276,0.1,4,0,nan
674,0.9981421232223511,100,0.79,0.08,0.13,0.25,0.54,1.6541957278044284,0.1,6,3,nan
676,0.9922581911087036,100,0.75,0.11,0.14,0.58,0.17,1.637791362450008,0.07,5,2,nan
678,0.9978293776512146,100,0.81,0.14,0.05,0.37,0.44,1.6650824384591698,0.17,6,1,nan
684,0.9978654384613037,100,0.78,0.1,0.12,0.39,0.39,1.7588541494868961,0.08,5,1,nan
687,0.9967266321182251,100,0.67,0.08,0.25,0.49,0.18,1.7410978184549752,0.06,4,0,nan
691,0.9772265553474426,100,0.56,0.32,0.12,0.22,0.34,1.9028483675628651,0.03,5,1,nan
692,0.9902338981628418,100,0.82,0.08,0.1,0.27,0.55,1.6080959122632892,0.17,5,1,nan
696,0.9917405247688293,100,0.75,0.12,0.13,0.41,0.34,1.8062698384113143,0.11,5,2,nan
697,0.9960911273956299,100,0.77,0.06,0.17,0.38,0.39,1.7383704362540584,0.13,5,2,nan
708,0.9917455911636353,100,0.6,0.31,0.09,0.23,0.37,1.854845088249161,0.06,3,0,nan
709,0.9796863794326782,100,0.69,0.21,0.1,0.21,0.48,1.786108062372754,0.1,5,1,nan
710,0.9973002672195435,100,0.6,0.27,0.13,0.19,0.41,1.8752768513845508,0.05,4,0,nan
717,0.9932363033294678,100,0.85,0.09,0.06,0.51,0.34,1.580790899171069,0.19,5,1,nan
725,0.9813510179519653,100,0.5,0.26,0.24,0.28,0.22,1.9942165286086286,0.03,3,0,nan
726,0.9759382009506226,100,0.58,0.24,0.18,0.14,0.44,1.8576990880535558,0.02,4,0,nan
730,0.9634426236152649,100,0.73,0.19,0.08,0.28,0.45,1.7793566906959608,0.14,5,1,nan
732,0.9804932475090027,100,0.78,0.11,0.11,0.43,0.35,1.754238333221879,0.08,7,1,nan
734,0.9964608550071716,100,0.65,0.19,0.16,0.35,0.3,1.9294337276071496,0.09,4,0,nan
740,0.9735664129257202,100,0.62,0.24,0.14,0.18,0.44,1.8576990880535558,0.03,4,0,nan
741,0.9976146817207336,100,0.63,0.21,0.16,0.29,0.34,1.9429176763790736,0.09,4,0,nan
742,0.9931455254554749,100,0.68,0.14,0.18,0.49,0.19,1.8019259492563107,0.05,4,0,nan
743,0.9885460138320923,100,0.71,0.16,0.13,0.39,0.32,1.8614921610601058,0.09,5,1,nan
746,0.9872164130210876,100,0.82,0.09,0.09,0.39,0.43,1.6786689796369294,0.12,4,0,nan
747,0.9997373819351196,100,0.76,0.11,0.13,0.52,0.24,1.7176418947598346,0.07,5,1,nan
750,0.972832977771759,100,0.76,0.09,0.15,0.46,0.3,1.7596236718348575,0.13,4,0,nan
751,0.9864839911460876,100,0.63,0.23,0.14,0.26,0.37,1.920795178794152,0.09,4,0,nan
752,0.9976913928985596,100,0.67,0.2,0.13,0.31,0.36,1.9014395506997466,0.1,3,0,nan
760,0.9899596571922302,100,0.64,0.19,0.17,0.48,0.16,1.8210992788617308,0.04,6,1,nan
762,0.9888041615486145,100,0.53,0.18,0.29,0.27,0.26,1.978521248627292,0.02,5,1,nan
766,0.9574113488197327,100,0.8,0.08,0.12,0.47,0.33,1.6983538700114067,0.15,4,0,nan
768,0.9915136694908142,100,0.78,0.13,0.09,0.39,0.39,1.754892045574021,0.11,5,1,nan
769,0.9933000802993774,100,0.67,0.2,0.13,0.28,0.39,1.8910471639065043,0.12,3,0,nan
774,0.9954607486724854,100,0.58,0.11,0.31,0.3,0.28,1.9093912986460058,0.04,4,0,nan
776,0.9968565702438354,100,0.72,0.12,0.16,0.48,0.24,1.7924876891689534,0.14,4,0,nan
778,0.99055016040802,100,0.57,0.14,0.29,0.4,0.17,1.8783720911321615,0.04,4,0,nan
781,0.9995267391204834,100,0.69,0.18,0.13,0.38,0.31,1.8821992148282725,0.11,4,0,nan
782,0.9807641506195068,100,0.67,0.24,0.09,0.2,0.47,1.783129560205877,0.1,6,1,nan
787,0.9879623651504517,100,0.55,0.29,0.16,0.23,0.32,1.954622451294616,0.06,3,0,nan
789,0.9955939054489136,100,0.74,0.17,0.09,0.18,0.56,1.6609890000204843,0.06,7,2,nan
791,0.9810225367546082,100,0.62,0.23,0.15,0.24,0.38,1.922799895258694,0.04,4,0,nan
800,0.9736967086791992,100,0.51,0.37,0.12,0.17,0.34,1.8615568953678014,0.01,5,1,nan
803,0.9979109764099121,100,0.65,0.2,0.15,0.28,0.37,1.9198798579971337,0.09,3,0,nan
808,0.9775974750518799,100,0.79,0.08,0.13,0.52,0.27,1.6747507473988783,0.11,6,2,nan
812,0.9932511448860168,100,0.68,0.14,0.18,0.43,0.25,1.8659821084614605,0.08,5,1,nan
813,0.9876634478569031,100,0.66,0.17,0.17,0.35,0.31,1.9230689115989397,0.13,3,0,nan
814,0.9974160194396973,100,0.72,0.17,0.11,0.53,0.19,1.7255459602392875,0.06,5,2,nan
816,0.9543938040733337,100,0.58,0.21,0.21,0.24,0.34,1.9689545060094527,0.04,4,0,nan
819,0.99160236120224,100,0.67,0.12,0.21,0.35,0.32,1.896024974973908,0.14,4,0,nan
823,0.9889081120491028,100,0.62,0.19,0.19,0.41,0.21,1.9106607539892082,0.04,4,0,nan
834,0.96021968126297,100,0.78,0.1,0.12,0.26,0.52,1.6951249000493978,0.15,6,3,nan
840,0.9934711456298828,100,0.64,0.13,0.23,0.37,0.27,1.9110624056564218,0.07,4,0,nan
844,0.9626065492630005,100,0.69,0.13,0.18,0.31,0.38,1.8821992148282727,0.1,4,0,nan
847,0.9980978965759277,100,0.63,0.21,0.16,0.33,0.3,1.9447522929203398,0.06,8,2,nan
848,0.9602106213569641,100,0.57,0.17,0.26,0.37,0.2,1.9349898157852992,0.07,3,0,nan
849,0.9991790652275085,100,0.81,0.12,0.07,0.58,0.23,1.579097618077049,0.1,5,1,nan
852,0.9899236559867859,100,0.74,0.1,0.16,0.45,0.29,1.791514998350639,0.14,5,2,nan
854,0.9913934469223022,100,0.61,0.06,0.33,0.49,0.12,1.642705056640175,0.01,5,1,nan
855,0.9943119287490845,100,0.66,0.16,0.18,0.37,0.29,1.9169574556454012,0.11,5,2,nan
861,0.9959208965301514,100,0.69,0.17,0.14,0.34,0.35,1.8909713957182492,0.12,4,0,nan
862,0.9992482662200928,100,0.68,0.05,0.27,0.53,0.15,1.6221087291864467,0.05,4,0,nan
863,0.9990803599357605,100,0.69,0.2,0.11,0.23,0.46,1.8176753430678108,0.13,4,0,nan
866,0.9899762868881226,100,0.74,0.14,0.12,0.28,0.46,1.7937331226377664,0.11,4,0,nan
869,0.9993143677711487,100,0.71,0.13,0.16,0.53,0.18,1.736414685238271,0.08,5,1,nan
871,0.9781812429428101,100,0.65,0.18,0.17,0.39,0.26,1.91497981442959,0.1,4,0,nan
873,0.9838516712188721,100,0.63,0.19,0.18,0.26,0.37,1.9365513899614317,0.09,4,0,nan
875,0.9587628841400146,100,0.7,0.16,0.14,0.39,0.31,1.873718779110452,0.02,4,0,nan
876,0.9627653956413269,100,0.76,0.11,0.13,0.39,0.37,1.7934569377272918,0.1,5,1,nan
879,0.9997307062149048,100,0.63,0.12,0.25,0.5,0.13,1.7497113839988006,0.05,4,0,nan
885,0.9990131258964539,100,0.62,0.16,0.22,0.32,0.3,1.950714054991964,0.07,3,0,nan
886,0.9985558390617371,100,0.69,0.19,0.12,0.42,0.27,1.857961518982689,0.07,5,1,nan
887,0.9977605938911438,100,0.63,0.12,0.25,0.4,0.23,1.8835061543964469,0.03,5,2,nan
891,0.998907744884491,100,0.57,0.24,0.19,0.19,0.38,1.9350402793845223,0.06,5,1,nan
896,0.9567229747772217,100,0.82,0.09,0.09,0.4,0.42,1.679725133993084,0.16,5,1,nan
899,0.999090850353241,100,0.7,0.17,0.13,0.19,0.51,1.767887191444081,0.05,5,2,nan
906,0.9994418621063232,100,0.65,0.14,0.21,0.39,0.26,1.9050186498301598,0.06,4,0,nan
908,0.999701976776123,100,0.65,0.2,0.15,0.37,0.28,1.919879857997134,0.14,4,0,nan
911,0.9584152698516846,100,0.64,0.19,0.17,0.35,0.29,1.9378177346901515,0.09,5,1,nan
915,0.9849560856819153,100,0.66,0.21,0.13,0.3,0.36,1.9071721884310553,0.06,4,0,nan
916,0.9964330792427063,100,0.75,0.13,0.12,0.21,0.54,1.702577616378031,0.11,6,1,nan
920,0.9834005832672119,100,0.52,0.3,0.18,0.23,0.29,1.971968772352444,0.05,3,0,nan
921,0.9583005309104919,100,0.62,0.24,0.14,0.19,0.43,1.8700354284373994,0.06,4,0,nan
924,0.9978616237640381,100,0.66,0.17,0.17,0.23,0.43,1.8804057293345942,0.09,4,0,nan
927,0.9953744411468506,100,0.74,0.15,0.11,0.57,0.17,1.6576691312968839,0.04,5,1,nan
929,0.999801516532898,100,0.63,0.2,0.17,0.34,0.29,1.9460500331725832,0.07,3,0,nan
932,0.9702849984169006,100,0.66,0.19,0.15,0.3,0.36,1.9174761936773779,0.1,3,0,nan
941,0.9781022071838379,100,0.68,0.16,0.16,0.43,0.25,1.8695982978091414,0.09,4,0,nan
942,0.9922575950622559,100,0.71,0.15,0.14,0.16,0.55,1.7050450689068195,0.03,6,1,nan
944,0.9866835474967957,100,0.67,0.23,0.1,0.27,0.4,1.858653266853794,0.06,4,0,nan
945,0.996320903301239,100,0.82,0.12,0.06,0.4,0.42,1.6650183841228925,0.19,5,1,nan
946,0.999905526638031,100,0.73,0.16,0.11,0.32,0.41,1.8267223898312075,0.14,5,1,nan
947,0.9986681938171387,100,0.76,0.05,0.19,0.46,0.3,1.707747879007294,0.09,5,3,nan
950,0.994147539138794,100,0.55,0.14,0.31,0.37,0.18,1.896941398924401,0.04,5,1,nan
955,0.9956376552581787,100,0.68,0.17,0.15,0.29,0.39,1.8928325634776164,0.12,3,0,nan
957,0.9980795383453369,100,0.72,0.11,0.17,0.31,0.41,1.8360528505987186,0.12,4,0,nan
965,0.9810239672660828,100,0.7,0.14,0.16,0.19,0.51,1.7707833487269162,0.05,5,1,nan
966,0.992523193359375,100,0.65,0.2,0.15,0.34,0.31,1.9278987592109278,0.07,4,0,nan
967,0.9980514049530029,100,0.68,0.28,0.04,0.22,0.46,1.6958833557121642,0.05,5,1,nan
971,0.9994714856147766,100,0.73,0.11,0.16,0.48,0.25,1.781572663934786,0.08,4,0,nan
975,0.9992470741271973,100,0.69,0.15,0.16,0.39,0.3,1.8844485563946147,0.13,3,0,nan
985,0.9988391995429993,100,0.59,0.22,0.19,0.25,0.34,1.9649735926514416,0.04,4,0,nan
986,0.9897546172142029,100,0.49,0.16,0.35,0.0,0.49,1.4573993102275344,0.0,3,0,nan
987,0.9935368299484253,100,0.69,0.14,0.17,0.53,0.16,1.740159976755607,0.04,5,1,nan
992,0.9817602634429932,100,0.59,0.19,0.22,0.3,0.29,1.9747933388506864,0.04,4,0,nan
999,0.970901370048523,100,0.62,0.14,0.24,0.43,0.19,1.8700354284373994,0.06,4,0,nan
1002,0.9691176414489746,100,0.51,0.34,0.15,0.22,0.29,1.9381957897211302,0.03,7,1,nan
1003,0.9936284422874451,100,0.77,0.1,0.13,0.21,0.56,1.6561008017918486,0.1,6,2,nan
1006,0.9995074272155762,100,0.74,0.18,0.08,0.15,0.59,1.5964767010503442,0.06,4,0,nan
1013,0.993229866027832,100,0.64,0.2,0.16,0.18,0.46,1.84804557075141,0.06,4,0,nan
1019,0.9905654191970825,100,0.62,0.18,0.2,0.3,0.32,1.9568168918550803,0.06,3,0,nan
1029,0.9992871284484863,100,0.67,0.22,0.11,0.19,0.48,1.7943555277239804,0.05,4,0,nan
1032,0.9818054437637329,100,0.64,0.18,0.18,0.3,0.34,1.9408786445478214,0.04,4,0,nan
1036,0.9830479025840759,100,0.9,0.01,0.09,0.44,0.46,1.4155745276582798,0.15,5,3,nan
1041,0.9792989492416382,100,0.75,0.2,0.05,0.3,0.45,1.719973094021975,0.08,5,1,nan
1045,0.9931523203849792,100,0.67,0.19,0.14,0.32,0.35,1.9084712172016407,0.06,4,0,nan
1053,0.9963083267211914,100,0.71,0.14,0.15,0.56,0.15,1.6866405656518462,0.03,5,2,nan
1057,0.9720104932785034,100,0.72,0.17,0.11,0.32,0.4,1.8396787907571195,0.09,4,0,nan
1062,0.9999415278434753,100,0.72,0.17,0.11,0.38,0.34,1.8445002075783865,0.12,4,0,nan
1065,0.9708961248397827,100,0.6,0.17,0.23,0.2,0.4,1.9154113999366364,0.05,4,0,nan
1070,0.951640784740448,100,0.73,0.13,0.14,0.43,0.3,1.8244083141238607,0.16,4,0,nan
1076,0.9843217134475708,100,0.75,0.1,0.15,0.26,0.49,1.7523076406115747,0.08,5,3,nan
1077,0.9978373646736145,100,0.65,0.19,0.16,0.33,0.32,1.9320999028321535,0.05,4,0,nan
1080,0.9772012829780579,100,0.77,0.14,0.09,0.52,0.25,1.700340549679803,0.15,5,2,nan
1091,0.9946863055229187,100,0.73,0.14,0.13,0.28,0.45,1.8123760658038355,0.13,6,2,nan
1097,0.9983996152877808,100,0.66,0.21,0.13,0.34,0.32,1.9106750016077276,0.04,5,1,nan
1098,0.9992747902870178,100,0.71,0.14,0.15,0.35,0.36,1.8683708548954119,0.09,4,0,nan
1101,0.9927846789360046,100,0.72,0.15,0.13,0.38,0.34,1.852815615941427,0.16,3,0,nan
1102,0.9562242031097412,100,0.7,0.12,0.18,0.28,0.42,1.8522414936853613,0.05,4,0,nan
1105,0.9797083139419556,100,0.59,0.24,0.17,0.4,0.19,1.9127190410798633,0.04,4,0,nan
1106,0.9941048622131348,100,0.68,0.22,0.1,0.15,0.53,1.7087569939260097,0.07,6,2,nan
1108,0.9987228512763977,100,0.73,0.16,0.11,0.29,0.44,1.812354310937215,0.12,6,1,nan
1109,0.954573392868042,100,0.75,0.11,0.14,0.43,0.32,1.7969951781146554,0.13,5,1,nan
1115,0.9996132850646973,100,0.78,0.13,0.09,0.56,0.22,1.6443120638341107,0.12,4,0,nan
1119,0.9929574728012085,100,0.7,0.09,0.21,0.34,0.36,1.8452659143170291,0.07,4,0,nan
1121,0.994394063949585,100,0.77,0.08,0.15,0.32,0.45,1.7464887070850934,0.21,3,0,nan
1129,0.9967565536499023,100,0.77,0.08,0.15,0.3,0.47,1.7350986614624015,0.09,5,1,nan
1133,0.9991734623908997,100,0.73,0.15,0.12,0.38,0.35,1.8381655893076077,0.12,4,0,nan
1134,0.998597264289856,100,0.6,0.26,0.14,0.32,0.28,1.9426527957938469,0.03,5,1,nan
1137,0.9960196614265442,100,0.57,0.24,0.19,0.23,0.34,1.9662023461291378,0.05,4,0,nan
1139,0.981160581111908,100,0.87,0.07,0.06,0.51,0.36,1.5381336702627277,0.19,6,2,nan
1141,0.9901033043861389,100,0.57,0.18,0.25,0.27,0.3,1.9764188378047352,0.07,4,0,nan
1143,0.9502043724060059,100,0.72,0.07,0.21,0.41,0.31,1.792557508333807,0.04,5,1,nan
1145,0.9900864362716675,100,0.79,0.06,0.15,0.41,0.38,1.7119160733882006,0.16,5,1,nan
1146,0.9973359704017639,100,0.63,0.25,0.12,0.23,0.4,1.8835061543964469,0.03,5,2,nan
1149,0.9924106597900391,100,0.71,0.08,0.21,0.47,0.24,1.7704217705296181,0.13,4,0,nan
1150,0.9944921135902405,100,0.69,0.13,0.18,0.35,0.34,1.8872261042009129,0.12,4,0,nan
1151,0.9867201447486877,100,0.68,0.19,0.13,0.33,0.35,1.8957936835430735,0.06,5,1,nan
1152,0.9973911046981812,100,0.67,0.23,0.1,0.21,0.46,1.8080189718231099,0.1,4,0,nan
1160,0.9993137717247009,100,0.64,0.12,0.24,0.45,0.19,1.8348295686124738,0.13,4,0,nan
1161,0.9971300959587097,100,0.68,0.2,0.12,0.25,0.43,1.8550171787451304,0.08,5,1,nan
1162,0.9861867427825928,100,0.54,0.25,0.21,0.3,0.24,1.9880473046918707,0.04,4,0,nan
1165,0.9998329281806946,100,0.68,0.15,0.17,0.44,0.24,1.860413005047401,0.1,5,1,nan
1166,0.9967700242996216,100,0.66,0.13,0.21,0.41,0.25,1.8828519982957475,0.09,5,2,nan
1167,0.9971587657928467,100,0.6,0.2,0.2,0.34,0.26,1.9632332590779804,0.08,5,2,nan
1168,0.9939292073249817,100,0.67,0.17,0.16,0.45,0.22,1.856578657313608,0.07,4,0,nan
1174,0.9946528673171997,100,0.73,0.12,0.15,0.43,0.3,1.8222660771424506,0.09,5,1,nan
1176,0.9969558715820312,100,0.76,0.14,0.1,0.39,0.37,1.7898290805589356,0.12,6,1,nan
1181,0.9948520064353943,100,0.62,0.21,0.17,0.33,0.29,1.9531363000033417,0.06,5,1,nan
1183,0.9977173805236816,100,0.75,0.16,0.09,0.24,0.51,1.7252350150663762,0.11,4,0,nan
1184,0.9752222895622253,100,0.64,0.21,0.15,0.29,0.35,1.931372397132173,0.08,4,0,nan
1186,0.997847318649292,100,0.77,0.1,0.13,0.57,0.2,1.6414732898762714,0.09,6,2,nan
1190,0.9813647866249084,100,0.64,0.24,0.12,0.21,0.43,1.8575891862096667,0.04,5,1,nan
1191,0.9988959431648254,100,0.58,0.24,0.18,0.23,0.35,1.9572103835181798,0.08,4,0,nan
1192,0.998360812664032,100,0.57,0.22,0.21,0.3,0.27,1.9845077706242875,0.1,3,0,nan
1193,0.9733400344848633,100,0.68,0.19,0.13,0.31,0.37,1.8923941973594585,0.02,5,1,nan
1201,0.995822548866272,100,0.63,0.21,0.16,0.21,0.42,1.8943095546405662,0.04,5,3,nan
1203,0.9847862720489502,100,0.86,0.05,0.09,0.46,0.4,1.5728567971593774,0.2,5,1,nan
1205,0.9834622740745544,100,0.62,0.22,0.16,0.39,0.23,1.9210551184251294,0.06,6,1,nan
1207,0.987220823764801,100,0.54,0.19,0.27,0.22,0.32,1.9718553805361014,0.04,4,0,nan
1215,0.9887204170227051,100,0.66,0.18,0.16,0.39,0.27,1.908143198574695,0.1,4,0,nan
1223,0.9983925819396973,100,0.74,0.14,0.12,0.29,0.45,1.800482618664772,0.11,5,1,nan
1224,0.9544291496276855,100,0.74,0.15,0.11,0.26,0.48,1.7743887953205053,0.08,5,1,nan
1226,0.959918200969696,100,0.64,0.19,0.17,0.51,0.13,1.767887191444081,0.01,4,0,nan
1230,0.9689594507217407,100,0.63,0.11,0.26,0.35,0.28,1.8998959509010709,0.08,3,0,nan
1232,0.9927002787590027,100,0.73,0.13,0.14,0.11,0.62,1.5576301468383529,0.07,5,2,nan
1233,0.9922476410865784,100,0.57,0.15,0.28,0.34,0.23,1.9416066063390895,0.06,5,1,nan
1237,0.9605040550231934,100,0.69,0.1,0.21,0.35,0.34,1.8642902995465953,0.09,3,0,nan
1241,0.9905584454536438,100,0.74,0.14,0.12,0.42,0.32,1.815857683033042,0.1,6,2,nan
1245,0.9993231892585754,100,0.8,0.13,0.07,0.32,0.48,1.6855021815261955,0.16,4,0,nan
1246,0.9988009333610535,100,0.73,0.17,0.1,0.46,0.27,1.7921365719030684,0.06,5,2,nan
1247,0.9741787314414978,100,0.72,0.1,0.18,0.39,0.33,1.8351199552818056,0.08,4,0,nan
1249,0.9996451139450073,100,0.62,0.28,0.1,0.21,0.41,1.8466210214329055,0.08,4,0,nan
1252,0.9981738328933716,100,0.75,0.17,0.08,0.22,0.53,1.692114709743466,0.1,4,0,nan
1254,0.9971266388893127,100,0.63,0.08,0.29,0.47,0.16,1.7443849408992393,0.05,4,0,nan
1265,0.9984620809555054,100,0.74,0.12,0.14,0.33,0.41,1.8193846193184173,0.13,4,0,nan
1266,0.9993197321891785,100,0.7,0.18,0.12,0.27,0.43,1.8459607193225311,0.07,4,0,nan
1268,0.9936560392379761,100,0.82,0.1,0.08,0.27,0.55,1.6080959122632892,0.1,6,2,nan
1269,0.9730618596076965,100,0.68,0.18,0.14,0.35,0.33,1.900340885108016,0.07,5,1,nan
1279,0.9870664477348328,100,0.73,0.15,0.12,0.56,0.17,1.680639660982092,0.05,5,2,nan
1285,0.9538177847862244,100,0.69,0.2,0.11,0.34,0.35,1.873946670791296,0.06,4,0,nan
1287,0.9921286106109619,100,0.8,0.12,0.08,0.34,0.46,1.7030848238768448,0.14,4,0,nan
1289,0.9696197509765625,100,0.68,0.13,0.19,0.55,0.13,1.6948877930651967,0.02,5,1,nan
1296,0.9997588992118835,100,0.86,0.06,0.08,0.42,0.44,1.5818352099639652,0.13,5,2,nan
1299,0.9799512028694153,100,0.65,0.21,0.14,0.47,0.18,1.8271965813550146,0.06,4,0,nan
1304,0.9898496866226196,100,0.82,0.06,0.12,0.51,0.31,1.6298251590195223,0.16,4,0,nan
1307,0.9799376726150513,100,0.59,0.26,0.15,0.14,0.45,1.8313446912803448,0.03,4,0,nan
1321,0.9851974844932556,100,0.6,0.19,0.21,0.31,0.29,1.9697479586299764,0.01,4,0,nan
1323,0.9967837929725647,100,0.62,0.22,0.16,0.31,0.31,1.9511795212346565,0.05,5,1,nan
1326,0.9681637287139893,100,0.74,0.16,0.1,0.28,0.46,1.7847655023236333,0.11,5,1,nan
1328,0.9908863306045532,100,0.63,0.11,0.26,0.45,0.18,1.8192839913999683,0.07,4,0,nan
1344,0.9859012961387634,100,0.73,0.15,0.12,0.33,0.4,1.8342058030036736,0.12,4,0,nan
1353,0.9671298861503601,100,0.65,0.12,0.23,0.28,0.37,1.8996843163362325,0.09,5,1,nan
1354,0.9991188049316406,100,0.8,0.1,0.1,0.33,0.47,1.7041637511204728,0.17,5,3,nan
1355,0.9704877734184265,100,0.67,0.17,0.16,0.37,0.3,1.9094225827969002,0.1,5,1,nan
1356,0.9589400291442871,100,0.6,0.23,0.17,0.31,0.29,1.9639529120621269,0.11,4,0,nan
1357,0.9963095784187317,100,0.63,0.12,0.25,0.46,0.17,1.816989459445721,0.09,4,0,nan
1358,0.9891259670257568,100,0.74,0.18,0.08,0.17,0.57,1.633653698428648,0.12,5,3,nan
1364,0.995610237121582,100,0.59,0.24,0.17,0.18,0.41,1.9014136844360587,0.05,4,0,nan
1367,0.9976831674575806,100,0.6,0.22,0.18,0.34,0.26,1.9603430406731037,0.08,3,0,nan
1368,0.9971195459365845,100,0.77,0.1,0.13,0.33,0.44,1.7638062453389463,0.14,5,1,nan
1373,0.9790517687797546,100,0.66,0.18,0.16,0.38,0.28,1.9129978562304168,0.02,6,1,nan
1375,0.9982413053512573,100,0.77,0.14,0.09,0.43,0.34,1.7625020400098346,0.17,4,0,nan
1378,0.997244119644165,100,0.81,0.06,0.13,0.45,0.36,1.6751943825055275,0.17,4,0,nan
1382,0.9967510104179382,100,0.59,0.15,0.26,0.26,0.33,1.9489438876117893,0.07,3,0,nan
1384,0.9777342081069946,100,0.63,0.16,0.21,0.23,0.4,1.9122790431431271,0.08,4,0,nan
1385,0.988014280796051,100,0.6,0.18,0.22,0.26,0.34,1.9603430406731037,0.07,4,0,nan
1388,0.9990347623825073,100,0.57,0.16,0.27,0.29,0.28,1.9651626974274632,0.02,4,0,nan
1390,0.9973121881484985,100,0.7,0.17,0.13,0.31,0.39,1.870822621827617,0.1,4,0,nan
1392,0.9504651427268982,100,0.73,0.16,0.11,0.16,0.57,1.6585714036507193,0.03,6,3,nan
1400,0.9789267778396606,100,0.87,0.06,0.07,0.36,0.51,1.5381336702627277,0.19,6,2,nan
1401,0.9981439113616943,100,0.73,0.14,0.13,0.35,0.38,1.8403078262890176,0.12,4,0,nan
1402,0.9943355321884155,100,0.68,0.17,0.15,0.42,0.26,1.8760662731371258,0.04,4,0,nan
1403,0.9718987345695496,100,0.61,0.15,0.24,0.27,0.34,1.9438746086511176,0.11,4,0,nan
1404,0.969577431678772,100,0.6,0.15,0.25,0.29,0.31,1.9522432081828383,0.09,4,0,nan
1405,0.9863767623901367,100,0.6,0.17,0.23,0.3,0.3,1.964433899503943,0.08,5,1,nan
1406,0.9984151721000671,100,0.72,0.2,0.08,0.2,0.52,1.7108562983864117,0.1,5,1,nan
1407,0.996539831161499,100,0.78,0.16,0.06,0.35,0.43,1.720215539278815,0.12,4,0,nan
1410,0.9644286036491394,100,0.68,0.15,0.17,0.27,0.41,1.8825379699433382,0.11,6,1,nan
1412,0.9921507835388184,100,0.73,0.15,0.12,0.27,0.46,1.8029689749765458,0.04,4,0,nan
1417,0.9989619851112366,100,0.69,0.2,0.11,0.38,0.31,1.8689197814186556,0.11,3,0,nan
1431,0.983766496181488,100,0.54,0.23,0.23,0.37,0.17,1.9406512616932297,0.08,4,0,nan
1433,0.9973105192184448,100,0.61,0.18,0.21,0.33,0.28,1.96017359316715,0.09,4,0,nan
1440,0.9915151596069336,100,0.73,0.12,0.15,0.31,0.42,1.8270529265598974,0.03,6,1,nan
1444,0.9785171747207642,100,0.62,0.24,0.14,0.37,0.25,1.9219737077871901,0.08,4,0,nan
1446,0.9978920817375183,100,0.77,0.09,0.14,0.37,0.4,1.7692642673191958,0.15,5,2,nan
1447,0.9921746253967285,100,0.73,0.14,0.13,0.29,0.44,1.8188049365409116,0.13,5,1,nan
1457,0.9978519678115845,100,0.78,0.11,0.11,0.45,0.33,1.7467972809378762,0.15,5,1,nan
1468,0.9853437542915344,100,0.59,0.25,0.16,0.37,0.22,1.9343194409481268,0.07,4,0,nan
1471,0.9696143269538879,100,0.73,0.14,0.13,0.36,0.37,1.8410985915263742,0.14,4,0,nan
1472,0.9968162178993225,100,0.67,0.07,0.26,0.51,0.16,1.6922900941085457,0.03,4,0,nan
1475,0.9922351241111755,100,0.68,0.23,0.09,0.23,0.45,1.8063905465103371,0.06,5,1,nan
1476,0.999347448348999,100,0.66,0.17,0.17,0.36,0.3,1.9208786445478214,0.08,3,0,nan
1479,0.9787346720695496,100,0.57,0.26,0.17,0.18,0.39,1.9149798144295898,0.01,6,1,nan
1483,0.9966528415679932,100,0.84,0.12,0.04,0.55,0.29,1.5450983586626272,0.19,5,1,nan
1484,0.9990437030792236,100,0.71,0.13,0.16,0.48,0.23,1.801597776177115,0.07,5,1,nan
1490,0.9940816164016724,100,0.74,0.09,0.17,0.35,0.39,1.807138335345344,0.11,4,0,nan
1493,0.9985413551330566,100,0.76,0.04,0.2,0.54,0.22,1.6107563635287736,0.12,5,1,nan
1496,0.9994837641716003,100,0.85,0.1,0.05,0.52,0.33,1.5666882627199628,0.16,5,2,nan
1499,0.9765540957450867,100,0.68,0.18,0.14,0.45,0.23,1.8484868571855775,0.1,5,1,nan
1500,0.9627069234848022,100,0.62,0.18,0.2,0.25,0.37,1.9404222778112432,0.03,4,0,nan
1502,0.9994149804115295,100,0.81,0.12,0.07,0.3,0.51,1.6521417420561355,0.11,5,1,nan
1506,0.9972242712974548,100,0.77,0.15,0.08,0.36,0.41,1.7600532780207998,0.15,4,0,nan
1516,0.9958966970443726,100,0.77,0.13,0.1,0.32,0.45,1.7592723235792929,0.11,5,1,nan
1517,0.9985335469245911,100,0.66,0.15,0.19,0.35,0.31,1.9196664607284961,0.07,4,0,nan
1522,0.9889095425605774,100,0.64,0.21,0.15,0.26,0.38,1.9191091598246608,0.08,5,1,nan
1527,0.9979598522186279,100,0.72,0.17,0.11,0.44,0.28,1.8202407383355246,0.08,5,3,nan
1528,0.9922699928283691,100,0.66,0.13,0.21,0.32,0.34,1.9106750016077276,0.09,4,0,nan
1532,0.978976845741272,100,0.64,0.11,0.25,0.35,0.29,1.8982911197632066,0.08,4,0,nan
1533,0.997612476348877,100,0.63,0.19,0.18,0.22,0.41,1.9084921839672075,0.05,5,1,nan
1535,0.9936832189559937,100,0.65,0.09,0.26,0.45,0.2,1.8007291006024064,0.09,4,0,nan
1539,0.9760082960128784,100,0.7,0.2,0.1,0.23,0.47,1.7962017511269135,0.09,5,1,nan
1548,0.9921568036079407,100,0.64,0.2,0.16,0.29,0.35,1.9354070262795182,0.07,3,0,nan
1549,0.9929794669151306,100,0.58,0.18,0.24,0.27,0.31,1.9732582075379632,0.03,4,0,nan
1551,0.9949183464050293,100,0.64,0.22,0.14,0.34,0.3,1.9279469998787842,0.08,4,0,nan
1555,0.996661365032196,100,0.69,0.04,0.27,0.48,0.21,1.6768679050608937,0.05,5,1,nan
1559,0.9561498761177063,100,0.72,0.17,0.11,0.34,0.38,1.8445002075783865,0.13,4,0,nan
1560,0.9999207854270935,100,0.7,0.16,0.14,0.16,0.54,1.723187249518387,0.05,5,2,nan
1562,0.9943335652351379,100,0.74,0.16,0.1,0.26,0.48,1.7687670532231494,0.1,6,1,nan
1565,0.9883583188056946,100,0.74,0.12,0.14,0.41,0.33,1.8193846193184176,0.16,3,0,nan
1566,0.9645799398422241,100,0.73,0.13,0.14,0.38,0.35,1.8403078262890173,0.15,5,1,nan
1567,0.9683139324188232,100,0.82,0.1,0.08,0.46,0.36,1.6696518799805302,0.14,5,1,nan
1570,0.9891253709793091,100,0.69,0.17,0.14,0.31,0.38,1.8859445063456086,0.05,4,0,nan
1571,0.9551462531089783,100,0.66,0.24,0.1,0.27,0.39,1.8661458891724978,0.07,7,1,nan
1572,0.9761234521865845,100,0.57,0.19,0.24,0.36,0.21,1.9527993027445938,0.01,5,1,nan
1576,0.9958142638206482,100,0.58,0.25,0.17,0.29,0.29,1.9703944821444939,0.08,3,0,nan
1577,0.994835376739502,100,0.67,0.11,0.22,0.45,0.22,1.8298349061758576,0.09,4,0,nan
1580,0.9997535347938538,100,0.71,0.22,0.07,0.22,0.49,1.7339836094138297,0.08,6,2,nan
1581,0.9956656098365784,100,0.67,0.12,0.21,0.53,0.14,1.722446500898086,0.06,5,1,nan
1586,0.9909215569496155,100,0.62,0.24,0.14,0.43,0.19,1.8700354284373994,0.08,4,0,nan
1596,0.9727041125297546,100,0.67,0.16,0.17,0.25,0.42,1.8832501417514065,0.08,4,0,nan
1598,0.9998411536216736,100,0.74,0.18,0.08,0.21,0.53,1.6950851898130732,0.1,5,1,nan
1599,0.9998482465744019,100,0.64,0.15,0.21,0.4,0.24,1.9062737035218849,0.06,5,1,nan
1600,0.9893230199813843,100,0.72,0.14,0.14,0.31,0.41,1.84539963348525,0.04,4,0,nan
1601,0.9887892007827759,100,0.65,0.24,0.11,0.4,0.25,1.8731924261529183,0.1,3,0,nan
1610,0.9934350252151489,100,0.62,0.21,0.17,0.33,0.29,1.9531363000033417,0.05,4,0,nan
1612,0.9997557997703552,100,0.8,0.05,0.15,0.59,0.21,1.5485801377820527,0.1,5,3,nan
1615,0.9979436993598938,100,0.7,0.12,0.18,0.38,0.32,1.868861734320007,0.11,3,0,nan
1616,0.9699779152870178,100,0.63,0.16,0.21,0.45,0.18,1.8595491373832154,0.06,4,0,nan
1617,0.9823033809661865,100,0.51,0.19,0.3,0.23,0.28,1.9782041554686458,0.03,4,0,nan
1620,0.954698920249939,100,0.54,0.26,0.2,0.36,0.18,1.9455967433017194,0.06,4,0,nan
1625,0.9734905958175659,100,0.68,0.18,0.14,0.31,0.37,1.896941398924401,0.07,5,1,nan
1627,0.9902791380882263,100,0.7,0.2,0.1,0.31,0.39,1.850170039732308,0.08,5,1,nan
1631,0.9915367960929871,100,0.59,0.19,0.22,0.35,0.24,1.9600349500164223,0.04,5,1,nan
1632,0.9984439611434937,100,0.78,0.11,0.11,0.38,0.4,1.7597975406110118,0.15,5,1,nan
1640,0.9796127080917358,100,0.68,0.19,0.13,0.29,0.39,1.8855714449188286,0.1,3,0,nan
1642,0.9985538721084595,100,0.71,0.15,0.14,0.31,0.4,1.860220817170506,0.15,3,0,nan
1644,0.9988043308258057,100,0.77,0.14,0.09,0.32,0.45,1.7541993572084986,0.11,4,0,nan
1647,0.9791067838668823,100,0.6,0.26,0.14,0.25,0.35,1.932499070595557,0.11,4,0,nan
1650,0.9982621669769287,100,0.71,0.09,0.2,0.28,0.43,1.8148240979694128,0.07,6,1,nan
1651,0.9996190667152405,100,0.75,0.09,0.16,0.53,0.22,1.7016901426262154,0.12,5,1,nan
1656,0.9922515153884888,100,0.75,0.15,0.1,0.19,0.56,1.6664048070381712,0.08,4,0,nan
1658,0.9548936486244202,100,0.79,0.06,0.15,0.25,0.54,1.6341215517782235,0.16,5,3,nan
1663,0.9873098731040955,100,0.64,0.18,0.18,0.27,0.37,1.9313658183886444,0.07,5,1,nan
1665,0.9951338768005371,100,0.6,0.22,0.18,0.31,0.29,1.9675793886079755,0.07,4,0,nan
1666,0.9819688200950623,100,0.71,0.17,0.12,0.37,0.34,1.8615568953678014,0.12,4,0,nan
1667,0.9918549656867981,100,0.69,0.18,0.13,0.3,0.39,1.878838482117934,0.07,5,1,nan
1674,0.99871426820755,100,0.59,0.17,0.24,0.3,0.29,1.967714839319538,0.06,3,0,nan
1679,0.9965736269950867,100,0.74,0.12,0.14,0.32,0.42,1.8158576830330424,0.13,5,1,nan
1682,0.9506170749664307,100,0.49,0.4,0.11,0.18,0.31,1.8481601172901292,0.01,4,0,nan
1683,0.9998239278793335,100,0.63,0.17,0.2,0.29,0.34,1.9460500331725832,0.07,3,0,nan
1685,0.9750820398330688,100,0.67,0.13,0.2,0.53,0.14,1.72958587743235,0.09,5,2,nan
1686,0.9896714687347412,100,0.68,0.18,0.14,0.15,0.53,1.7384085701672705,0.06,5,2,nan
1687,0.9953105449676514,100,0.65,0.09,0.26,0.39,0.26,1.8530274208552717,0.1,4,0,nan
1690,0.9884406328201294,100,0.66,0.17,0.17,0.36,0.3,1.9208786445478214,0.1,4,0,nan
1692,0.9995641112327576,100,0.71,0.13,0.16,0.31,0.4,1.8582269322415064,0.12,4,0,nan
1694,0.9816234707832336,100,0.63,0.15,0.22,0.42,0.21,1.8895876679826225,0.06,3,0,nan
1701,0.9986187219619751,100,0.7,0.18,0.12,0.3,0.4,1.862235772791069,0.05,5,1,nan
1703,0.9995905756950378,100,0.79,0.1,0.11,0.52,0.27,1.6830776232183815,0.13,4,0,nan
1706,0.9976336359977722,100,0.68,0.15,0.17,0.39,0.29,1.8928325634776162,0.14,7,1,nan
1708,0.9990333318710327,100,0.67,0.21,0.12,0.33,0.34,1.8968866054912412,0.11,4,0,nan
1713,0.9996543526649475,100,0.65,0.15,0.2,0.34,0.31,1.9278987592109278,0.08,4,0,nan
1717,0.9707701206207275,100,0.71,0.11,0.18,0.47,0.24,1.8016844510034389,0.06,4,0,nan
1718,0.9886802434921265,100,0.65,0.17,0.18,0.38,0.27,1.9203689258098517,0.11,4,0,nan
1720,0.9941697716712952,100,0.77,0.12,0.11,0.43,0.34,1.770092001091066,0.16,4,0,nan
1721,0.9918403029441833,100,0.54,0.27,0.19,0.25,0.29,1.98315180060563,0.06,4,0,nan
1727,0.9923424124717712,100,0.58,0.2,0.22,0.28,0.3,1.980269057838362,0.06,3,0,nan
1743,0.982934296131134,100,0.59,0.13,0.28,0.34,0.25,1.926038234771457,0.09,4,0,nan
1746,0.9807538390159607,100,0.71,0.12,0.17,0.53,0.18,1.7324076654975165,0.04,5,3,nan
1747,0.999701976776123,100,0.65,0.2,0.15,0.37,0.28,1.919879857997134,0.14,4,0,nan
1750,0.9994367361068726,100,0.74,0.08,0.18,0.55,0.19,1.6664156195222644,0.1,5,1,nan
1751,0.9975200295448303,100,0.62,0.15,0.23,0.34,0.28,1.9416066063390895,0.07,3,0,nan
1756,0.9862527251243591,100,0.66,0.15,0.19,0.22,0.44,1.8674915045785494,0.05,4,0,nan
1757,0.9882367849349976,100,0.74,0.12,0.14,0.32,0.42,1.8158576830330424,0.17,4,0,nan
1760,0.9953148365020752,100,0.57,0.25,0.18,0.39,0.18,1.9204122764555343,0.05,4,0,nan
1763,0.9608365893363953,100,0.71,0.14,0.15,0.27,0.44,1.8388233735608353,0.06,4,0,nan
1765,0.9522489905357361,100,0.75,0.13,0.12,0.29,0.46,1.7829505379566222,0.09,5,1,nan
1770,0.9911400079727173,100,0.82,0.09,0.09,0.41,0.41,1.6800770457282796,0.12,4,0,nan
1771,0.9934174418449402,100,0.64,0.2,0.16,0.22,0.42,1.8936222971299674,0.07,4,0,nan
1772,0.9948211312294006,100,0.68,0.13,0.19,0.46,0.22,1.8337793429756701,0.03,5,1,nan
1773,0.9980468153953552,100,0.65,0.1,0.25,0.3,0.35,1.8833830982290136,0.08,4,0,nan
1774,0.9610176682472229,100,0.51,0.31,0.18,0.24,0.27,1.9732582075379632,0.04,3,0,nan
1776,0.9974177479743958,100,0.67,0.16,0.17,0.5,0.17,1.792190728862247,0.05,5,1,nan
1783,0.97257399559021,100,0.8,0.08,0.12,0.25,0.55,1.632948799805942,0.1,4,0,nan
1784,0.9972931146621704,100,0.69,0.16,0.15,0.2,0.49,1.8022291578395224,0.07,4,0,nan
1792,0.995434045791626,100,0.68,0.2,0.12,0.32,0.36,1.888102070191481,0.14,3,0,nan
1798,0.9938687682151794,100,0.65,0.21,0.14,0.22,0.43,1.874071041281013,0.08,5,1,nan
1809,0.958877682685852,100,0.64,0.17,0.19,0.13,0.51,1.767887191444081,0.02,5,1,nan
1810,0.962669849395752,100,0.72,0.22,0.06,0.41,0.31,1.7752863055179042,0.1,3,0,nan
1813,0.9900208115577698,100,0.79,0.09,0.12,0.58,0.21,1.6083518036008464,0.1,5,1,nan
1817,0.9925293922424316,100,0.74,0.2,0.06,0.26,0.48,1.721476493691144,0.11,4,0,nan
1818,0.9985509514808655,100,0.59,0.3,0.11,0.28,0.31,1.909391298646006,0.06,4,0,nan
1821,0.9972774982452393,100,0.74,0.09,0.17,0.33,0.41,1.802447875350655,0.07,5,1,nan
1822,0.9980679750442505,100,0.68,0.23,0.09,0.18,0.5,1.745629094604825,0.07,4,0,nan
1824,0.9989497661590576,100,0.64,0.12,0.24,0.46,0.18,1.8218446894692664,0.1,4,0,nan
1826,0.9927735924720764,100,0.61,0.23,0.16,0.16,0.45,1.8521030465332582,0.03,4,0,nan
1828,0.9995611310005188,100,0.66,0.21,0.13,0.25,0.41,1.8828519982957475,0.11,4,0,nan
1829,0.9727922081947327,100,0.68,0.17,0.15,0.31,0.37,1.8996553159182463,0.07,5,1,nan
1831,0.9974339604377747,100,0.67,0.22,0.11,0.14,0.53,1.7134162256178564,0.06,6,3,nan
1832,0.9785753488540649,100,0.67,0.2,0.13,0.3,0.37,1.898848483473643,0.05,5,1,nan
1834,0.9993640780448914,100,0.74,0.16,0.1,0.41,0.33,1.8104169990042844,0.13,5,1,nan
1843,0.954642117023468,100,0.71,0.1,0.19,0.49,0.22,1.7722743730150499,0.09,4,0,nan
1848,0.9977053999900818,100,0.77,0.12,0.11,0.42,0.35,1.773100838140266,0.11,8,2,nan
1850,0.9989467859268188,100,0.6,0.2,0.2,0.35,0.25,1.9588718484453604,0.08,3,0,nan
1857,0.9924920201301575,100,0.66,0.15,0.19,0.28,0.38,1.910444539594474,0.08,4,0,nan
1859,0.9946476817131042,100,0.59,0.28,0.13,0.32,0.27,1.932920022656117,0.11,4,0,nan
1860,0.9893882870674133,100,0.67,0.16,0.17,0.32,0.35,1.913738450831429,0.05,4,0,nan
1865,0.9924261569976807,100,0.64,0.2,0.16,0.16,0.48,1.8186885704510973,0.09,4,0,nan
1872,0.9927215576171875,100,0.65,0.17,0.18,0.24,0.41,1.9014136844360587,0.09,4,0,nan
1873,0.9754008054733276,100,0.62,0.24,0.14,0.3,0.32,1.9383683218310273,0.09,6,1,nan
1886,0.9842467308044434,100,0.77,0.11,0.12,0.31,0.46,1.7564838556319258,0.13,6,2,nan
1888,0.96378493309021,100,0.76,0.2,0.04,0.32,0.44,1.6973206585968414,0.13,4,0,nan
1896,0.9968171119689941,100,0.75,0.1,0.15,0.45,0.3,1.7822287189138017,0.09,6,2,nan
1904,0.9805701971054077,100,0.56,0.23,0.21,0.14,0.42,1.8832472744429283,0.02,4,0,nan
1908,0.9981963038444519,100,0.64,0.07,0.29,0.47,0.17,1.7330014133426492,0.06,5,2,nan
1912,0.9937121868133545,100,0.63,0.16,0.21,0.29,0.34,1.9429176763790736,0.09,4,0,nan
1920,0.9995460510253906,100,0.74,0.13,0.13,0.44,0.3,1.8075247721750745,0.13,4,0,nan
1921,0.9996159672737122,100,0.65,0.2,0.15,0.17,0.48,1.8177862980972617,0.05,5,1,nan
1943,0.9778575897216797,100,0.73,0.16,0.11,0.23,0.5,1.7609713669441467,0.07,4,0,nan
1950,0.9996366500854492,100,0.73,0.14,0.13,0.48,0.25,1.788023289538482,0.1,4,0,nan
1955,0.9907295107841492,100,0.8,0.1,0.1,0.34,0.46,1.7088947049859111,0.18,5,3,nan
1965,0.9950600266456604,100,0.62,0.2,0.18,0.18,0.44,1.8761476580776089,0.04,5,1,nan
1966,0.9926565885543823,100,0.59,0.18,0.23,0.39,0.2,1.927157955288246,0.02,6,2,nan
1982,0.9974353313446045,100,0.66,0.18,0.16,0.28,0.38,1.9129978562304168,0.07,4,0,nan
1983,0.9505394697189331,100,0.71,0.16,0.13,0.26,0.45,1.8293508063513453,0.1,4,0,nan
1984,0.9962978959083557,100,0.77,0.13,0.1,0.3,0.47,1.7478822779566014,0.14,5,3,nan
1992,0.9959400296211243,100,0.6,0.25,0.15,0.29,0.31,1.9522432081828383,0.11,4,0,nan
1997,0.9581639170646667,100,0.63,0.18,0.19,0.46,0.17,1.8504562791620436,0.01,4,0,nan
2000,0.9996091723442078,100,0.68,0.09,0.23,0.49,0.19,1.7598296385810703,0.08,4,0,nan
2001,0.993066668510437,100,0.67,0.16,0.17,0.26,0.41,1.8902768581520686,0.09,5,1,nan
2003,0.9931085109710693,100,0.66,0.14,0.2,0.43,0.23,1.8727277872941726,0.1,4,0,nan
2005,0.9991599321365356,100,0.58,0.21,0.21,0.25,0.33,1.9734687653756746,0.06,3,0,nan
2006,0.9982621669769287,100,0.7,0.13,0.17,0.18,0.52,1.7531151897108408,0.05,4,0,nan
2007,0.9625486135482788,100,0.6,0.18,0.22,0.36,0.24,1.9506307327225931,0.06,6,1,nan
2011,0.9918387532234192,100,0.75,0.11,0.14,0.46,0.29,1.7806360342633356,0.14,4,0,nan
2014,0.955981433391571,100,0.69,0.14,0.17,0.31,0.38,1.8859445063456086,0.13,3,0,nan
2023,0.9846540689468384,100,0.63,0.16,0.21,0.33,0.3,1.9447522929203398,0.06,3,0,nan
2026,0.9617620706558228,100,0.84,0.09,0.07,0.43,0.41,1.6321579286855679,0.09,9,3,nan
2032,0.9890806674957275,100,0.54,0.26,0.2,0.27,0.27,1.9897169929122953,0.04,9,1,nan
2035,0.9988873600959778,100,0.68,0.13,0.19,0.39,0.29,1.8855714449188288,0.15,3,0,nan
2036,0.9977648854255676,100,0.67,0.2,0.13,0.51,0.16,1.7654764830334475,0.05,5,1,nan
2037,0.9840914607048035,100,0.58,0.24,0.18,0.26,0.32,1.970764362625347,0.04,5,1,nan
2038,0.9981550574302673,100,0.67,0.17,0.16,0.38,0.29,1.9059605630666085,0.13,5,1,nan
2039,0.9766220450401306,100,0.54,0.25,0.21,0.34,0.2,1.966382498544916,0.03,4,0,nan
2043,0.9891042709350586,100,0.65,0.2,0.15,0.27,0.38,1.9154049007632754,0.13,5,1,nan
2046,0.9974933862686157,100,0.66,0.25,0.09,0.29,0.37,1.8612866583315277,0.12,4,0,nan
2049,0.9995908141136169,100,0.64,0.23,0.13,0.42,0.22,1.8765315028559852,0.07,4,0,nan
2050,0.9822400212287903,100,0.71,0.14,0.15,0.19,0.52,1.7534580303577332,0.05,4,0,nan
2053,0.9902334809303284,100,0.6,0.22,0.18,0.12,0.48,1.8012172329822094,0.03,5,2,nan
2056,0.9979280233383179,100,0.62,0.16,0.22,0.24,0.38,1.9281777783928793,0.1,3,0,nan
2067,0.9980981945991516,100,0.78,0.04,0.18,0.56,0.22,1.5800759770626447,0.12,5,1,nan
2068,0.9993767142295837,100,0.83,0.09,0.08,0.46,0.37,1.650226694575979,0.18,4,0,nan
2075,0.9932811856269836,100,0.65,0.13,0.22,0.41,0.24,1.8847367482496855,0.07,5,1,nan
2081,0.9958549737930298,100,0.74,0.15,0.11,0.32,0.42,1.812511804816265,0.15,4,0,nan
2088,0.9827948808670044,100,0.73,0.15,0.12,0.38,0.35,1.8381655893076077,0.11,4,0,nan
2093,0.9996632933616638,100,0.64,0.21,0.15,0.41,0.23,1.89842036986338,0.06,4,0,nan
2095,0.9995375275611877,100,0.63,0.16,0.21,0.22,0.41,1.9037982529975652,0.1,4,0,nan
2096,0.9898408055305481,100,0.72,0.22,0.06,0.24,0.48,1.7265104831120175,0.13,4,0,nan
2098,0.9991292953491211,100,0.76,0.13,0.11,0.24,0.52,1.7176418947598346,0.07,5,1,nan
2100,0.9904181957244873,100,0.5,0.17,0.33,0.3,0.2,1.9478846497138491,0.03,7,1,nan
2101,0.9989542961120605,100,0.62,0.25,0.13,0.18,0.44,1.8490985665126747,0.06,4,0,nan
2104,0.9836446046829224,100,0.57,0.18,0.25,0.17,0.4,1.9086657211039246,0.04,5,1,nan
2105,0.977891743183136,100,0.76,0.17,0.07,0.39,0.37,1.7636680515791463,0.14,4,0,nan
2113,0.9585612416267395,100,0.65,0.22,0.13,0.18,0.47,1.8204808097680716,0.08,4,0,nan
2116,0.9885092973709106,100,0.65,0.17,0.18,0.2,0.45,1.8626814941767247,0.03,4,0,nan
2118,0.9999164938926697,100,0.83,0.13,0.04,0.61,0.22,1.4839742944028167,0.08,5,2,nan
2120,0.9960660934448242,100,0.58,0.22,0.2,0.27,0.31,1.978775132892979,0.06,5,1,nan
2129,0.971732497215271,100,0.63,0.16,0.21,0.36,0.27,1.936476904887816,0.02,6,1,nan
2130,0.9938509464263916,100,0.7,0.17,0.13,0.25,0.45,1.8356324026117903,0.11,5,1,nan
2132,0.9987015724182129,100,0.61,0.23,0.16,0.31,0.3,1.955568904979125,0.09,4,0,nan
2133,0.9997901320457458,100,0.76,0.14,0.1,0.44,0.32,1.776483778997513,0.15,4,0,nan
2135,0.999441921710968,100,0.76,0.04,0.2,0.49,0.27,1.6644431215966637,0.14,5,1,nan
2140,0.9987816214561462,100,0.68,0.19,0.13,0.28,0.4,1.8808621827310272,0.11,5,1,nan
2141,0.9652299880981445,100,0.5,0.18,0.32,0.26,0.24,1.970764362625347,0.04,4,0,nan
2142,0.9922320246696472,100,0.74,0.14,0.12,0.43,0.31,1.8115362998582878,0.08,4,0,nan
2144,0.9949753284454346,100,0.68,0.19,0.13,0.31,0.37,1.8923941973594585,0.05,5,1,nan
2154,0.9997208118438721,100,0.74,0.14,0.12,0.48,0.26,1.7777346735372825,0.14,5,1,nan
2155,0.9893128871917725,100,0.73,0.04,0.23,0.5,0.23,1.6610895951011366,0.13,4,0,nan
2163,0.9836366772651672,100,0.69,0.18,0.13,0.32,0.37,1.884714780874055,0.1,4,0,nan
2169,0.9938387870788574,100,0.71,0.12,0.17,0.37,0.34,1.8615568953678014,0.16,4,0,nan
2173,0.9974977374076843,100,0.65,0.2,0.15,0.33,0.32,1.9287869220676845,0.06,5,1,nan
2177,0.9675808548927307,100,0.66,0.17,0.17,0.37,0.29,1.917806589879902,0.07,6,1,nan
2179,0.976850152015686,100,0.7,0.13,0.17,0.34,0.36,1.877019976859477,0.16,4,0,nan
2180,0.9919186234474182,100,0.67,0.08,0.25,0.44,0.23,1.8003229802375198,0.1,4,0,nan
2182,0.9900899529457092,100,0.62,0.15,0.23,0.48,0.14,1.8035916611061145,0.02,5,2,nan
2187,0.9985976815223694,100,0.8,0.06,0.14,0.38,0.42,1.696742977967749,0.15,4,0,nan
2195,0.9900790452957153,100,0.71,0.13,0.16,0.46,0.25,1.8209964791864757,0.09,5,1,nan
2196,0.9944183230400085,100,0.66,0.08,0.26,0.35,0.31,1.850691950907371,0.07,5,1,nan
2197,0.9584818482398987,100,0.72,0.17,0.11,0.38,0.34,1.8445002075783865,0.05,4,0,nan
2202,0.985351026058197,100,0.63,0.21,0.16,0.21,0.42,1.8943095546405662,0.06,4,0,nan
2203,0.9991984367370605,100,0.7,0.17,0.13,0.2,0.5,1.7816166295389901,0.07,6,1,nan
2204,0.9944313764572144,100,0.71,0.13,0.16,0.47,0.24,1.8117512659548156,0.06,5,1,nan
2207,0.9902498126029968,100,0.56,0.18,0.26,0.38,0.18,1.9263564074302457,0.07,4,0,nan
2209,0.9919527173042297,100,0.67,0.16,0.17,0.35,0.32,1.9137384508314286,0.07,3,0,nan
2213,0.9982191324234009,100,0.66,0.16,0.18,0.46,0.2,1.84804557075141,0.07,4,0,nan
2216,0.9948951601982117,100,0.77,0.11,0.12,0.37,0.4,1.7768542284004267,0.16,5,1,nan
2217,0.9677785038948059,100,0.66,0.17,0.17,0.46,0.2,1.848894704985911,0.08,5,1,nan
2220,0.983121395111084,100,0.67,0.18,0.15,0.3,0.37,1.9076711762085634,0.04,5,1,nan
2223,0.9709950089454651,100,0.72,0.11,0.17,0.38,0.34,1.8445002075783865,0.08,4,0,nan
2226,0.9864606857299805,100,0.61,0.23,0.16,0.28,0.33,1.9527275023171928,0.04,6,1,nan
2228,0.9692105054855347,100,0.59,0.17,0.24,0.4,0.19,1.9127190410798633,0.07,5,1,nan
2231,0.9515644907951355,100,0.69,0.14,0.17,0.3,0.39,1.88258377363527,0.05,4,0,nan
2237,0.965268075466156,100,0.55,0.17,0.28,0.34,0.21,1.950804103777383,0.07,4,0,nan
2243,0.9820142388343811,100,0.69,0.17,0.14,0.21,0.48,1.8127891585444078,0.06,5,3,nan
2245,0.9996538162231445,100,0.67,0.1,0.23,0.27,0.4,1.858653266853794,0.1,5,1,nan
2247,0.9826869964599609,100,0.72,0.15,0.13,0.44,0.28,1.828556146698565,0.05,7,2,nan
2251,0.9898180365562439,100,0.53,0.2,0.27,0.26,0.27,1.9897169929122953,0.03,5,1,nan
2255,0.988674521446228,100,0.8,0.1,0.1,0.27,0.53,1.65985310429462,0.08,5,4,nan
2257,0.9987815618515015,100,0.82,0.09,0.09,0.42,0.4,1.679725133993084,0.16,4,0,nan
2266,0.9921898245811462,100,0.65,0.18,0.17,0.43,0.22,1.8840322058804433,0.07,4,0,nan
2268,0.9987421035766602,100,0.56,0.23,0.21,0.34,0.22,1.9702379589727514,0.06,5,1,nan
2273,0.990870475769043,100,0.72,0.14,0.14,0.31,0.41,1.84539963348525,0.07,5,1,nan
2275,0.9963498115539551,100,0.7,0.14,0.16,0.27,0.43,1.8537130305806215,0.15,4,0,nan
2282,0.9836500287055969,100,0.78,0.09,0.13,0.55,0.23,1.657338683954899,0.1,4,0,nan
2292,0.9893206357955933,100,0.75,0.14,0.11,0.17,0.58,1.637791362450008,0.09,5,1,nan
2306,0.9979848861694336,100,0.65,0.08,0.27,0.4,0.25,1.830301278791962,0.08,4,0,nan
2307,0.9947264194488525,100,0.55,0.17,0.28,0.27,0.28,1.9730491248257722,0.01,3,0,nan
2310,0.9929569959640503,100,0.69,0.18,0.13,0.42,0.27,1.8636195830055506,0.08,4,0,nan
2311,0.9994469881057739,100,0.66,0.17,0.17,0.36,0.3,1.9208786445478214,0.09,3,0,nan
2315,0.9798594117164612,100,0.63,0.16,0.21,0.32,0.31,1.9456686747712535,0.07,5,1,nan
2316,0.9977657198905945,100,0.63,0.18,0.19,0.39,0.24,1.9244655964314727,0.06,5,1,nan
2319,0.9629068970680237,100,0.6,0.2,0.2,0.33,0.27,1.9666152668473535,0.05,7,1,nan
2320,0.9929391145706177,100,0.66,0.16,0.18,0.45,0.21,1.8595491373832154,0.09,4,0,nan
2321,0.9784103631973267,100,0.69,0.12,0.19,0.19,0.5,1.777520139692261,0.12,4,0,nan
2323,0.9771429300308228,100,0.8,0.06,0.14,0.37,0.43,1.6949371608387773,0.15,6,1,nan
2324,0.979740560054779,100,0.69,0.14,0.17,0.31,0.38,1.8859445063456086,0.1,4,0,nan
2325,0.9759564995765686,100,0.73,0.11,0.16,0.38,0.35,1.8338572006853213,0.09,4,0,nan
2328,0.9974333047866821,100,0.83,0.09,0.08,0.26,0.57,1.5717013048543298,0.16,4,0,nan
2333,0.974450945854187,100,0.54,0.31,0.15,0.17,0.37,1.8996553159182463,0.02,5,1,nan
2340,0.9758740067481995,100,0.63,0.24,0.13,0.2,0.43,1.8647285627439305,0.05,5,1,nan
2346,0.9748550653457642,100,0.65,0.17,0.18,0.32,0.33,1.9337509471142609,0.08,4,0,nan
2347,0.996411144733429,100,0.76,0.12,0.12,0.41,0.35,1.7916198117774949,0.1,5,2,nan
2348,0.9791627526283264,100,0.73,0.16,0.11,0.45,0.28,1.8059254402001395,0.13,4,0,nan
2356,0.9964759349822998,100,0.67,0.14,0.19,0.18,0.49,1.8019259492563107,0.12,5,1,nan
2362,0.9973165988922119,100,0.78,0.08,0.14,0.33,0.45,1.734842547950017,0.17,4,0,nan
2363,0.9747930765151978,100,0.64,0.16,0.2,0.26,0.38,1.9231437889720058,0.07,4,0,nan
2364,0.9799900054931641,100,0.8,0.12,0.08,0.37,0.43,1.7128690998835725,0.1,4,0,nan
2375,0.9917985796928406,100,0.64,0.19,0.17,0.18,0.46,1.8504562791620436,0.08,4,0,nan
2381,0.9803407192230225,100,0.63,0.14,0.23,0.26,0.37,1.920795178794152,0.08,4,0,nan
2383,0.9979104399681091,100,0.69,0.15,0.16,0.35,0.34,1.8928361784775936,0.1,5,2,nan
2386,0.9960546493530273,100,0.71,0.12,0.17,0.52,0.19,1.7474571256879792,0.07,5,2,nan
2387,0.9968565702438354,100,0.77,0.12,0.11,0.19,0.58,1.6283880069098102,0.06,5,1,nan
2392,0.9539847373962402,100,0.67,0.23,0.1,0.37,0.3,1.8716792064276087,0.03,4,0,nan
2396,0.9982269406318665,100,0.76,0.2,0.04,0.2,0.56,1.5829661954675214,0.06,6,4,nan
2401,0.9757308959960938,100,0.71,0.13,0.16,0.28,0.43,1.8434458037183514,0.06,4,0,nan
2402,0.9848009347915649,100,0.51,0.26,0.23,0.32,0.19,1.9742163856106465,0.05,4,0,nan
2403,0.9989946484565735,100,0.66,0.21,0.13,0.3,0.36,1.9071721884310553,0.06,5,1,nan
2409,0.9775791168212891,100,0.62,0.15,0.23,0.44,0.18,1.864666938080307,0.06,4,0,nan
2410,0.9787731766700745,100,0.69,0.05,0.26,0.44,0.25,1.7425314986695808,0.13,4,0,nan
2411,0.9988970160484314,100,0.62,0.25,0.13,0.22,0.4,1.891988784917551,0.04,4,0,nan
2413,0.999066174030304,100,0.76,0.09,0.15,0.57,0.19,1.6406758146754548,0.09,5,1,nan
2415,0.9980323910713196,100,0.64,0.21,0.15,0.21,0.43,1.8797554383444655,0.11,4,0,nan
2417,0.9938478469848633,100,0.55,0.24,0.21,0.34,0.21,1.9689545060094527,0.05,4,0,nan
2418,0.9516885280609131,100,0.78,0.13,0.09,0.43,0.35,1.7489628758339344,0.08,5,3,nan
2423,0.9666721820831299,100,0.66,0.13,0.21,0.22,0.44,1.8571874993322268,0.08,4,0,nan
2426,0.997969925403595,100,0.6,0.16,0.24,0.32,0.28,1.9574058114255182,0.04,5,1,nan
2430,0.9906713962554932,100,0.61,0.25,0.14,0.17,0.44,1.8528438580300106,0.06,4,0,nan
2439,0.9706330895423889,100,0.74,0.15,0.11,0.4,0.34,1.818776518403284,0.13,4,0,nan
2440,0.9978553652763367,100,0.84,0.05,0.11,0.37,0.47,1.609067801409053,0.19,4,0,nan
2441,0.9904633164405823,100,0.63,0.21,0.16,0.25,0.38,1.9262930284389415,0.09,3,0,nan
2442,0.9996607303619385,100,0.67,0.17,0.16,0.21,0.46,1.8457623481924015,0.09,5,1,nan
2445,0.9981309771537781,100,0.61,0.21,0.18,0.28,0.33,1.96017359316715,0.09,4,0,nan
2450,0.9974060654640198,100,0.64,0.16,0.2,0.3,0.34,1.9376660260895813,0.07,4,0,nan
2456,0.998292088508606,100,0.75,0.13,0.12,0.4,0.35,1.8085832324441609,0.13,4,0,nan
2458,0.9955047369003296,100,0.71,0.14,0.15,0.41,0.3,1.8561294107694124,0.07,4,0,nan
2459,0.9993443489074707,100,0.62,0.12,0.26,0.41,0.21,1.872563382294548,0.06,4,0,nan
2463,0.9994443655014038,100,0.71,0.13,0.16,0.4,0.31,1.8582269322415064,0.1,5,1,nan
2465,0.9946112632751465,100,0.79,0.15,0.06,0.47,0.32,1.6920680901016878,0.15,5,1,nan
2472,0.9993553161621094,100,0.68,0.12,0.2,0.43,0.25,1.8550171787451302,0.1,4,0,nan
2473,0.9980687499046326,100,0.67,0.23,0.1,0.31,0.36,1.8742702736537118,0.1,3,0,nan
2474,0.9929191470146179,100,0.76,0.14,0.1,0.3,0.46,1.7657280127291426,0.11,5,2,nan
2478,0.994217038154602,100,0.67,0.19,0.14,0.31,0.36,1.906746416393215,0.1,4,0,nan
2482,0.9689239263534546,100,0.74,0.12,0.14,0.54,0.2,1.7086061304543758,0.11,5,3,nan
2483,0.9979119300842285,100,0.69,0.13,0.18,0.5,0.19,1.783178203715123,0.07,4,0,nan
2485,0.997472882270813,100,0.72,0.21,0.07,0.23,0.49,1.7333276129375879,0.06,6,1,nan
2487,0.9973260760307312,100,0.66,0.18,0.16,0.2,0.46,1.84804557075141,0.03,5,1,nan
2490,0.9988027811050415,100,0.81,0.06,0.13,0.32,0.49,1.6564934527566613,0.15,5,1,nan
2492,0.9541990756988525,100,0.67,0.17,0.16,0.38,0.29,1.9059605630666085,0.03,4,0,nan
2493,0.9543634057044983,100,0.77,0.09,0.14,0.49,0.28,1.728266048764271,0.16,4,0,nan
2494,0.9991703033447266,100,0.77,0.04,0.19,0.51,0.26,1.6416987110982968,0.15,5,1,nan
2499,0.9967586398124695,100,0.69,0.23,0.08,0.52,0.17,1.7043396034356861,0.07,4,0,nan
2501,0.9856634140014648,100,0.76,0.13,0.11,0.26,0.5,1.7382191267622338,0.13,6,1,nan
2502,0.987669050693512,100,0.62,0.15,0.23,0.43,0.19,1.8770032784641508,0.04,5,3,nan
2505,0.998071014881134,100,0.68,0.12,0.2,0.28,0.4,1.8744444545796393,0.12,4,0,nan
2511,0.989071786403656,100,0.57,0.23,0.2,0.37,0.2,1.9471679566439555,0.05,4,0,nan
2512,0.9751912355422974,100,0.76,0.06,0.18,0.54,0.22,1.6494577322033606,0.09,5,2,nan
2514,0.9996857047080994,100,0.65,0.13,0.22,0.46,0.19,1.8337793429756701,0.08,4,0,nan
2517,0.9977637529373169,100,0.7,0.19,0.11,0.38,0.32,1.862000029061778,0.08,5,2,nan
2520,0.9802837371826172,100,0.74,0.21,0.05,0.33,0.41,1.7441267449651128,0.09,4,0,nan
2528,0.9814969897270203,100,0.58,0.2,0.22,0.23,0.35,1.9627273088731956,0.05,5,1,nan
2531,0.9857003092765808,100,0.65,0.15,0.2,0.36,0.29,1.9234494923497458,0.11,5,1,nan
2533,0.9771013855934143,100,0.57,0.33,0.1,0.23,0.34,1.8768567049794707,0.07,6,1,nan
2542,0.9840186834335327,100,0.64,0.15,0.21,0.26,0.38,1.9191091598246608,0.08,4,0,nan
2544,0.9793696999549866,100,0.68,0.17,0.15,0.31,0.37,1.8996553159182463,0.09,4,0,nan
2545,0.9930998086929321,100,0.66,0.23,0.11,0.18,0.48,1.791530961225738,0.07,4,0,nan
2548,0.9981431365013123,100,0.59,0.24,0.17,0.3,0.29,1.967714839319538,0.04,5,1,nan
2549,0.9839067459106445,100,0.58,0.17,0.25,0.27,0.31,1.968402977514418,0.07,5,1,nan
2552,0.9756283760070801,100,0.8,0.08,0.12,0.44,0.36,1.7103377769685428,0.18,5,1,nan
2553,0.9551678895950317,100,0.56,0.19,0.25,0.31,0.25,1.9790210111131499,0.03,3,0,nan
2563,0.9826710820198059,100,0.72,0.1,0.18,0.55,0.17,1.6864603545752517,0.04,4,0,nan
2564,0.9984620213508606,100,0.62,0.12,0.26,0.43,0.19,1.8511462908953187,0.13,4,0,nan
2566,0.9994317889213562,100,0.73,0.1,0.17,0.33,0.4,1.8233733999301962,0.15,4,0,nan
2568,0.9990818500518799,100,0.71,0.13,0.16,0.35,0.36,1.8663769699664123,0.13,4,0,nan
2571,0.99012690782547,100,0.73,0.13,0.14,0.4,0.33,1.8363480399850836,0.14,4,0,nan
2574,0.950527012348175,100,0.72,0.04,0.24,0.51,0.21,1.6481416064126448,0.09,5,1,nan
2575,0.9947193264961243,100,0.69,0.2,0.11,0.22,0.47,1.8072013763584547,0.08,5,1,nan
2577,0.9932071566581726,100,0.77,0.11,0.12,0.51,0.26,1.7180719605159365,0.14,4,0,nan
2579,0.9908038377761841,100,0.52,0.28,0.2,0.14,0.38,1.906169048424496,0.06,4,0,nan
2589,0.99234938621521,100,0.76,0.15,0.09,0.45,0.31,1.7653946007353536,0.12,5,1,nan
2593,0.9901522397994995,100,0.71,0.17,0.12,0.39,0.32,1.8574851413193514,0.08,4,0,nan
2594,0.9560412764549255,100,0.61,0.15,0.24,0.27,0.34,1.9438746086511176,0.08,4,0,nan
2595,0.9722111225128174,100,0.75,0.11,0.14,0.36,0.39,1.8078091567610484,0.12,4,0,nan
2599,0.9980717897415161,100,0.76,0.12,0.12,0.21,0.55,1.6813306883795447,0.05,7,1,nan
2600,0.9957442879676819,100,0.62,0.16,0.22,0.26,0.36,1.939493906438603,0.07,4,0,nan
2611,0.9947373867034912,100,0.62,0.17,0.21,0.2,0.42,1.8974419114340755,0.01,4,0,nan
2612,0.9756703972816467,100,0.56,0.24,0.2,0.42,0.14,1.881276563969031,0.04,5,1,nan
2613,0.9956234097480774,100,0.73,0.21,0.06,0.34,0.39,1.7753275495665233,0.13,5,1,nan
2620,0.9814541339874268,100,0.66,0.14,0.2,0.32,0.34,1.9167035156840724,0.1,4,0,nan
2622,0.9894412755966187,100,0.62,0.2,0.18,0.31,0.31,1.957282358097773,0.05,5,1,nan
2626,0.9569122195243835,100,0.71,0.2,0.09,0.21,0.5,1.749862566996542,0.08,7,1,nan
2629,0.9943181276321411,100,0.66,0.21,0.13,0.37,0.29,1.9041001337631356,0.07,4,0,nan
2634,0.9840145111083984,100,0.78,0.14,0.08,0.59,0.19,1.5929608740088925,0.02,4,0,nan
2635,0.9971844553947449,100,0.61,0.14,0.25,0.25,0.36,1.9277254052800652,0.14,4,0,nan
2638,0.9663861393928528,100,0.68,0.18,0.14,0.43,0.25,1.8659821084614605,0.1,4,0,nan
2640,0.997221827507019,100,0.65,0.18,0.17,0.47,0.18,1.8371577459544448,0.06,5,1,nan
2643,0.9597276449203491,100,0.71,0.1,0.19,0.36,0.35,1.8481350962817364,0.06,5,1,nan
2645,0.9826433062553406,100,0.61,0.19,0.2,0.21,0.4,1.9212064465044865,0.06,3,0,nan
2646,0.9905747175216675,100,0.59,0.19,0.22,0.32,0.27,1.9718553805361017,0.06,5,1,nan
2647,0.9952878952026367,100,0.76,0.08,0.16,0.34,0.42,1.76934550618253,0.11,5,1,nan
2650,0.9623183012008667,100,0.77,0.16,0.07,0.3,0.47,1.724617406259647,0.19,4,0,nan
2653,0.9856002330780029,100,0.68,0.15,0.17,0.36,0.32,1.9017809169016564,0.13,4,0,nan
2662,0.9654940366744995,100,0.72,0.16,0.12,0.31,0.41,1.84126351157484,0.16,3,0,nan
2664,0.9867643713951111,100,0.55,0.31,0.14,0.26,0.29,1.944096829163049,0.06,4,0,nan
2667,0.9820144772529602,100,0.57,0.17,0.26,0.29,0.28,1.971999313282358,0.04,3,0,nan
2668,0.9921756982803345,100,0.53,0.27,0.2,0.28,0.25,1.9886275195933054,0.05,4,0,nan
2676,0.9952564239501953,100,0.72,0.18,0.1,0.25,0.47,1.7894560722942017,0.11,4,0,nan
2681,0.9956807494163513,100,0.6,0.18,0.22,0.24,0.36,1.9506307327225931,0.05,3,0,nan
2682,0.9788160920143127,100,0.59,0.2,0.21,0.4,0.19,1.9212064465044862,0.05,4,0,nan
2685,0.9950910210609436,100,0.66,0.19,0.15,0.33,0.33,1.9214162541025863,0.11,4,0,nan
2689,0.9870827198028564,100,0.55,0.22,0.23,0.3,0.25,1.9893307576551695,0.02,4,0,nan
2690,0.9707773327827454,100,0.81,0.08,0.11,0.31,0.5,1.6655897606173284,0.16,3,0,nan
2691,0.9975074529647827,100,0.64,0.16,0.2,0.28,0.36,1.9322381921018907,0.09,5,1,nan
2692,0.9999623894691467,100,0.69,0.21,0.1,0.34,0.35,1.8642902995465955,0.12,5,1,nan
2695,0.9806662201881409,100,0.67,0.19,0.14,0.25,0.42,1.8779829081216186,0.1,4,0,nan
2696,0.985953152179718,100,0.74,0.13,0.13,0.3,0.44,1.8075247721750745,0.18,3,0,nan
2701,0.9876378178596497,100,0.73,0.12,0.15,0.32,0.41,1.8310307784534938,0.14,4,0,nan
2702,0.9900963306427002,100,0.67,0.2,0.13,0.22,0.45,1.8460045579903512,0.06,5,1,nan
2705,0.9982843995094299,100,0.68,0.16,0.16,0.45,0.23,1.8521030465332584,0.11,4,0,nan
2707,0.9633755087852478,100,0.7,0.17,0.13,0.4,0.3,1.8670919267663244,0.09,5,2,nan
2710,0.95548015832901,100,0.74,0.09,0.17,0.35,0.39,1.807138335345344,0.06,6,2,nan
2711,0.9708703756332397,100,0.7,0.2,0.1,0.33,0.37,1.8551299566375148,0.13,4,0,nan
2716,0.9929176568984985,100,0.57,0.23,0.2,0.34,0.23,1.9688947049859111,0.06,3,0,nan
2721,0.9898214340209961,100,0.6,0.24,0.16,0.2,0.4,1.9103083326692296,0.04,4,0,nan
2731,0.9989596009254456,100,0.67,0.18,0.15,0.37,0.3,1.9076711762085639,0.12,4,0,nan
2732,0.9955845475196838,100,0.58,0.21,0.21,0.37,0.21,1.9491984681413943,0.06,4,0,nan
2736,0.9595913887023926,100,0.6,0.23,0.17,0.28,0.32,1.9625088786929248,0.06,4,0,nan
2739,0.9880159497261047,100,0.6,0.22,0.18,0.32,0.28,1.9661353552387737,0.07,4,0,nan
2740,0.9797366857528687,100,0.64,0.22,0.14,0.26,0.38,1.9134247627612082,0.09,4,0,nan
2745,0.9737493991851807,100,0.63,0.2,0.17,0.38,0.25,1.9294253852324508,0.05,6,1,nan
2747,0.9992857575416565,100,0.64,0.27,0.09,0.33,0.31,1.874292398452559,0.09,4,0,nan
2748,0.9946839213371277,100,0.72,0.12,0.16,0.43,0.29,1.831552356579288,0.12,7,2,nan
2751,0.9854952096939087,100,0.66,0.21,0.13,0.09,0.57,1.6303718094291324,0.03,6,1,nan
2753,0.9995781779289246,100,0.67,0.15,0.18,0.41,0.26,1.8885254515637324,0.08,4,0,nan
2755,0.9813759326934814,100,0.66,0.2,0.14,0.23,0.43,1.8727277872941728,0.1,4,0,nan
2759,0.9880805611610413,100,0.62,0.12,0.26,0.35,0.27,1.9124776814566273,0.09,3,0,nan
2765,0.997329592704773,100,0.65,0.14,0.21,0.42,0.23,1.8832472744429285,0.07,4,0,nan
2767,0.9722146987915039,100,0.67,0.09,0.24,0.39,0.28,1.8508056959394332,0.08,4,0,nan
2770,0.9783128499984741,100,0.75,0.13,0.12,0.2,0.55,1.6884700649138085,0.05,5,2,nan
2777,0.9997979998588562,100,0.74,0.16,0.1,0.18,0.56,1.668958123674114,0.06,5,2,nan
2784,0.9931932091712952,100,0.54,0.19,0.27,0.35,0.19,1.9505750531512878,0.05,4,0,nan
2786,0.9984431266784668,100,0.72,0.12,0.16,0.43,0.29,1.831552356579288,0.13,4,0,nan
2787,0.9957417249679565,100,0.71,0.12,0.17,0.27,0.44,1.8328224688910812,0.08,5,1,nan
2788,0.978359043598175,100,0.77,0.09,0.14,0.37,0.4,1.7692642673191958,0.12,7,1,nan
2794,0.9900406002998352,100,0.68,0.16,0.16,0.22,0.46,1.8419427338882934,0.09,7,2,nan
2795,0.9941021203994751,100,0.77,0.13,0.1,0.56,0.21,1.6561008017918486,0.06,4,0,nan
2796,0.9859726428985596,100,0.65,0.21,0.14,0.21,0.44,1.8639032709191703,0.06,3,0,nan
2799,0.988497257232666,100,0.63,0.25,0.12,0.19,0.44,1.8434405024898126,0.04,4,0,nan
2800,0.9899669885635376,100,0.61,0.21,0.18,0.27,0.34,1.957326039122317,0.07,4,0,nan
2801,0.9959739446640015,100,0.75,0.11,0.14,0.32,0.43,1.7969951781146554,0.06,4,0,nan
2802,0.9992479681968689,100,0.7,0.13,0.17,0.27,0.43,1.8508168732977865,0.13,4,0,nan
2806,0.980407178401947,100,0.67,0.23,0.1,0.18,0.49,1.7694498065168074,0.01,5,1,nan
2807,0.9969778656959534,100,0.7,0.07,0.23,0.56,0.14,1.6217736498972566,0.05,5,3,nan
2818,0.9613108038902283,100,0.8,0.09,0.11,0.3,0.5,1.684030188024896,0.16,3,0,nan
2822,0.9996921420097351,100,0.63,0.24,0.13,0.22,0.41,1.8847367482496855,0.07,5,1,nan
2825,0.9741970300674438,100,0.74,0.05,0.21,0.41,0.33,1.744126744965113,0.09,4,0,nan
2827,0.9960322380065918,100,0.7,0.21,0.09,0.26,0.44,1.8119120419442822,0.08,4,0,nan
2832,0.999971866607666,100,0.7,0.12,0.18,0.47,0.23,1.8119981792469673,0.11,5,1,nan
2835,0.9985015988349915,100,0.78,0.05,0.17,0.52,0.26,1.6465481218677471,0.11,5,1,nan
2837,0.9949415326118469,100,0.69,0.2,0.11,0.23,0.46,1.8176753430678108,0.09,4,0,nan
2839,0.9944968223571777,100,0.7,0.12,0.18,0.27,0.43,1.8459607193225311,0.09,4,0,nan
2840,0.9778748154640198,100,0.72,0.1,0.18,0.34,0.38,1.8371270588926945,0.06,5,1,nan
2841,0.9934135675430298,100,0.73,0.14,0.13,0.23,0.5,1.767421992547843,0.06,5,1,nan
2842,0.998935878276825,100,0.85,0.05,0.1,0.38,0.47,1.5906977601445682,0.13,5,3,nan
2844,0.9890559315681458,100,0.72,0.19,0.09,0.18,0.54,1.693230960662746,0.03,4,0,nan
2845,0.9534976482391357,100,0.84,0.08,0.08,0.22,0.62,1.4911795212346566,0.18,7,3,nan
2849,0.9997977614402771,100,0.58,0.29,0.13,0.18,0.4,1.8746267996148256,0.04,4,0,nan
2855,0.9939026832580566,100,0.72,0.17,0.11,0.34,0.38,1.8445002075783865,0.15,5,1,nan
2864,0.9763964414596558,100,0.63,0.17,0.2,0.48,0.15,1.8177862980972617,0.01,4,0,nan
2866,0.9973435997962952,100,0.68,0.26,0.06,0.35,0.33,1.8067449976957435,0.12,7,2,nan
2868,0.9990530014038086,100,0.78,0.15,0.07,0.5,0.28,1.693320282825923,0.14,5,2,nan
2869,0.9996196031570435,100,0.74,0.16,0.1,0.32,0.42,1.8068900627189093,0.14,4,0,nan
2881,0.986835241317749,100,0.72,0.15,0.13,0.44,0.28,1.828556146698565,0.05,5,1,nan
2885,0.9935138821601868,100,0.63,0.12,0.25,0.28,0.35,1.9113882081376374,0.05,7,1,nan
2886,0.9934950470924377,100,0.67,0.17,0.16,0.28,0.39,1.901621263229761,0.08,4,0,nan
2889,0.9856687784194946,100,0.55,0.21,0.24,0.28,0.27,1.991199527057842,0.04,3,0,nan
2893,0.9977155923843384,100,0.7,0.2,0.1,0.41,0.29,1.8418669508281058,0.1,4,0,nan
2899,0.9970523118972778,100,0.68,0.19,0.13,0.55,0.13,1.6948877930651967,0.03,5,1,nan
2908,0.9804759621620178,100,0.62,0.22,0.16,0.24,0.38,1.9281777783928793,0.02,5,1,nan
2911,0.9983474016189575,100,0.64,0.13,0.23,0.4,0.24,1.8932175383952474,0.09,10,1,nan
2922,0.9937427639961243,100,0.65,0.22,0.13,0.36,0.29,1.9117365812099487,0.13,4,0,nan
2924,0.957904040813446,100,0.68,0.22,0.1,0.15,0.53,1.7087569939260097,0.04,5,2,nan
2928,0.9784912467002869,100,0.55,0.12,0.33,0.33,0.22,1.9032856148114012,0.03,5,1,nan
2930,0.9865034818649292,100,0.57,0.22,0.21,0.38,0.19,1.939075892228136,0.05,4,0,nan
2936,0.9990406632423401,100,0.75,0.11,0.14,0.42,0.33,1.8008656456811887,0.08,6,2,nan
2937,0.9923639893531799,100,0.67,0.17,0.16,0.41,0.26,1.8902768581520688,0.08,5,1,nan
2943,0.9989039301872253,100,0.6,0.24,0.16,0.16,0.44,1.8613152774012365,0.04,4,0,nan
2950,0.9987272024154663,100,0.75,0.13,0.12,0.58,0.17,1.6401058661432946,0.08,5,1,nan
2951,0.9602143168449402,100,0.72,0.1,0.18,0.54,0.18,1.7028511285984829,0.02,4,0,nan
2952,0.9806893467903137,100,0.84,0.05,0.11,0.63,0.21,1.459149296391767,0.13,9,2,nan
2954,0.9961274862289429,100,0.68,0.15,0.17,0.31,0.37,1.8996553159182463,0.05,4,0,nan
2957,0.9895801544189453,100,0.62,0.14,0.24,0.46,0.16,1.8295970007273568,0.06,6,2,nan
2959,0.9988588690757751,100,0.66,0.16,0.18,0.28,0.38,1.9129978562304168,0.11,4,0,nan
2965,0.9983164668083191,100,0.56,0.2,0.24,0.44,0.12,1.8467341583372252,0.06,3,0,nan
2974,0.996064305305481,100,0.79,0.12,0.09,0.23,0.56,1.6358294333130066,0.11,4,0,nan
2975,0.9955244064331055,100,0.68,0.12,0.2,0.5,0.18,1.776760475563735,0.07,4,0,nan
2982,0.9592540860176086,100,0.6,0.24,0.16,0.32,0.28,1.9574058114255182,0.06,4,0,nan
2985,0.9975706338882446,100,0.66,0.19,0.15,0.32,0.34,1.9209790068540502,0.09,4,0,nan
2986,0.9521139860153198,100,0.59,0.2,0.21,0.2,0.39,1.931391427679963,0.07,4,0,nan
2995,0.9784287214279175,100,0.71,0.17,0.12,0.51,0.2,1.761469463292693,0.06,4,0,nan
2998,0.9956861138343811,100,0.73,0.11,0.16,0.48,0.25,1.781572663934786,0.11,5,1,nan
3001,0.9850404262542725,100,0.62,0.22,0.16,0.4,0.22,1.9129350396193687,0.08,4,0,nan
3003,0.9923776388168335,100,0.64,0.2,0.16,0.43,0.21,1.8837900674918104,0.05,7,2,nan
3004,0.9820401668548584,100,0.71,0.06,0.23,0.49,0.22,1.7160564101216849,0.11,4,0,nan
3006,0.9839206337928772,100,0.54,0.23,0.23,0.44,0.1,1.828674968299352,0.03,4,0,nan
3007,0.9996433854103088,100,0.65,0.21,0.14,0.16,0.49,1.7972320182866686,0.05,5,1,nan
3015,0.9970665574073792,100,0.56,0.16,0.28,0.44,0.12,1.8254513993116461,0.05,8,2,nan
3019,0.9966627359390259,100,0.74,0.13,0.13,0.34,0.4,1.8232332590779805,0.12,4,0,nan
3023,0.9956666827201843,100,0.68,0.17,0.15,0.48,0.2,1.8177862980972617,0.05,4,0,nan
3029,0.9979599714279175,100,0.56,0.21,0.23,0.25,0.31,1.9842853774344595,0.05,4,0,nan
3037,0.9648755788803101,100,0.71,0.12,0.17,0.44,0.27,1.832822468891081,0.04,5,1,nan
3042,0.9846029877662659,100,0.84,0.08,0.08,0.38,0.46,1.6288052348799362,0.15,5,2,nan
3045,0.9810907244682312,100,0.79,0.09,0.12,0.26,0.53,1.6704552719231982,0.15,5,1,nan
3046,0.9990426301956177,100,0.72,0.11,0.17,0.5,0.22,1.7654469777244965,0.07,4,0,nan
3049,0.9649285078048706,100,0.56,0.3,0.14,0.15,0.41,1.8561294107694124,0.03,4,0,nan
3051,0.9911712408065796,100,0.73,0.16,0.11,0.1,0.63,1.5254395504309384,0.07,5,4,nan
3055,0.9800596833229065,100,0.71,0.16,0.13,0.36,0.35,1.8663769699664123,0.06,5,1,nan
3056,0.9991714954376221,100,0.7,0.15,0.15,0.44,0.26,1.8475247721750743,0.07,4,0,nan
3060,0.9988809823989868,100,0.81,0.11,0.08,0.47,0.34,1.6829245854110173,0.1,5,3,nan
3062,0.9627354741096497,100,0.75,0.09,0.16,0.33,0.42,1.7891395626895474,0.13,4,0,nan
3067,0.9814655780792236,100,0.67,0.17,0.16,0.39,0.28,1.9016212632297609,0.09,3,0,nan
3075,0.9998311400413513,100,0.66,0.12,0.22,0.38,0.28,1.892313900303289,0.08,5,1,nan
3077,0.9686800241470337,100,0.7,0.14,0.16,0.23,0.47,1.8197504905050579,0.08,6,1,nan
3078,0.9995470643043518,100,0.54,0.27,0.19,0.17,0.37,1.9305639083410377,0.04,5,1,nan
3082,0.961419939994812,100,0.76,0.15,0.09,0.33,0.43,1.7745854463934472,0.11,5,1,nan
3084,0.9826913475990295,100,0.69,0.21,0.1,0.44,0.25,1.826162761858357,0.1,4,0,nan
3089,0.9962716698646545,100,0.72,0.15,0.13,0.42,0.3,1.8399249408254703,0.04,5,2,nan
3099,0.9983896017074585,100,0.72,0.11,0.17,0.49,0.23,1.7768229552024994,0.09,4,0,nan
3100,0.9966500401496887,100,0.75,0.11,0.14,0.43,0.32,1.7969951781146554,0.09,4,0,nan
3103,0.9904545545578003,100,0.68,0.23,0.09,0.17,0.51,1.730338082333783,0.04,5,2,nan
3108,0.983234167098999,100,0.63,0.21,0.16,0.26,0.37,1.9318574589917894,0.12,3,0,nan
3112,0.9738117456436157,100,0.64,0.13,0.23,0.43,0.21,1.8666992732178282,0.04,5,1,nan
3113,0.9962989091873169,100,0.64,0.2,0.16,0.24,0.4,1.9103083326692296,0.09,4,0,nan
3122,0.9522754549980164,100,0.65,0.24,0.11,0.31,0.34,1.897389489306498,0.03,4,0,nan
3124,0.9969698190689087,100,0.67,0.16,0.17,0.35,0.32,1.9137384508314286,0.11,3,0,nan
3126,0.9554176926612854,100,0.78,0.14,0.08,0.48,0.3,1.7179773216579495,0.13,4,0,nan
3128,0.9591070413589478,100,0.71,0.17,0.12,0.35,0.36,1.8623699502256579,0.16,4,0,nan
3130,0.9992004632949829,100,0.68,0.14,0.18,0.42,0.26,1.8733523561432806,0.08,5,1,nan
3132,0.9989569783210754,100,0.79,0.11,0.1,0.46,0.33,1.72563734306137,0.2,2,0,nan
3133,0.9987230896949768,100,0.7,0.16,0.14,0.47,0.23,1.8197504905050577,0.07,4,0,nan
3136,0.9997282028198242,100,0.72,0.11,0.17,0.39,0.33,1.8424931039674977,0.11,4,0,nan
3139,0.9986962080001831,100,0.66,0.09,0.25,0.4,0.26,1.8467133275296064,0.11,4,0,nan
3143,0.9854020476341248,100,0.67,0.18,0.15,0.24,0.43,1.873551255478851,0.11,4,0,nan
3151,0.9995929002761841,100,0.81,0.07,0.12,0.45,0.36,1.6846389512765678,0.17,4,0,nan
3152,0.9995744228363037,100,0.76,0.13,0.11,0.22,0.54,1.6935473410978017,0.07,4,0,nan
3158,0.9578832983970642,100,0.63,0.19,0.18,0.34,0.29,1.947611607348716,0.06,4,0,nan
3159,0.9946212768554688,100,0.72,0.13,0.15,0.45,0.27,1.821611918142615,0.13,4,0,nan
3160,0.9957866668701172,100,0.71,0.18,0.11,0.36,0.35,1.8563101550150352,0.11,5,1,nan
3162,0.9850046038627625,100,0.75,0.13,0.12,0.33,0.42,1.8031801493744752,0.14,3,0,nan
3166,0.9891449213027954,100,0.72,0.14,0.14,0.3,0.42,1.840956315348961,0.12,5,1,nan
3170,0.9881548285484314,100,0.79,0.08,0.13,0.27,0.52,1.6747507473988783,0.14,5,2,nan
3176,0.9980878233909607,100,0.75,0.17,0.08,0.18,0.57,1.633653698428648,0.1,4,0,nan
3182,0.9920359253883362,100,0.76,0.09,0.15,0.46,0.3,1.7596236718348575,0.12,4,0,nan
3186,0.9735550284385681,100,0.71,0.19,0.1,0.32,0.39,1.8432502873754304,0.14,4,0,nan
3193,0.9508619904518127,100,0.58,0.27,0.15,0.23,0.35,1.9383346690254593,0.05,3,0,nan
3198,0.9843624830245972,100,0.59,0.24,0.17,0.14,0.45,1.8442329241526716,0.02,4,0,nan
3205,0.9993509650230408,100,0.79,0.09,0.12,0.47,0.32,1.7177106792698882,0.16,4,0,nan
3207,0.9979364275932312,100,0.68,0.19,0.13,0.33,0.35,1.8957936835430735,0.09,4,0,nan
3209,0.9519767761230469,100,0.65,0.15,0.2,0.32,0.33,1.9287869220676848,0.09,4,0,nan
3210,0.9799233675003052,100,0.77,0.11,0.12,0.37,0.4,1.7768542284004267,0.11,4,0,nan
3211,0.9747160077095032,100,0.63,0.21,0.16,0.19,0.44,1.8722133912364929,0.05,5,1,nan
3215,0.9995321035385132,100,0.79,0.06,0.15,0.4,0.39,1.7126467470789555,0.16,5,2,nan
3220,0.9955149292945862,100,0.6,0.22,0.18,0.36,0.24,1.9506307327225931,0.05,3,0,nan
3222,0.9999504685401917,100,0.78,0.08,0.14,0.42,0.36,1.7448801826003484,0.15,6,1,nan
3223,0.9965695142745972,100,0.68,0.1,0.22,0.4,0.28,1.8557578080547088,0.1,5,1,nan
3224,0.9965353012084961,100,0.78,0.09,0.13,0.2,0.58,1.6154911801351102,0.05,5,1,nan
3232,0.9939767718315125,100,0.62,0.17,0.21,0.2,0.42,1.8974419114340755,0.04,4,0,nan
3234,0.983566164970398,100,0.62,0.19,0.19,0.27,0.35,1.9505750531512875,0.06,5,1,nan
3235,0.9810760021209717,100,0.76,0.18,0.06,0.29,0.47,1.7187006905963536,0.11,7,1,nan
3242,0.9941625595092773,100,0.67,0.16,0.17,0.26,0.41,1.8902768581520686,0.07,4,0,nan
3245,0.9986772537231445,100,0.7,0.16,0.14,0.48,0.22,1.8089695442402998,0.08,4,0,nan
3247,0.9902824759483337,100,0.7,0.21,0.09,0.24,0.46,1.7949467809020734,0.12,4,0,nan
3253,0.9927027821540833,100,0.7,0.16,0.14,0.51,0.19,1.7707833487269162,0.05,5,1,nan
3256,0.9623270630836487,100,0.66,0.12,0.22,0.46,0.2,1.8273616148242822,0.04,5,1,nan
3266,0.9900833964347839,100,0.8,0.16,0.04,0.31,0.49,1.6368475099383413,0.13,5,2,nan
3276,0.9976649284362793,100,0.73,0.17,0.1,0.23,0.5,1.7544473524929556,0.1,5,1,nan
3282,0.9957379698753357,100,0.8,0.11,0.09,0.4,0.4,1.720482985684924,0.1,4,0,nan
3283,0.999397873878479,100,0.73,0.14,0.13,0.24,0.49,1.7781705135387886,0.09,5,1,nan
3286,0.965368926525116,100,0.59,0.21,0.2,0.36,0.23,1.9554916616013671,0.04,5,1,nan
3290,0.9833042621612549,100,0.65,0.17,0.18,0.39,0.26,1.91497981442959,0.09,3,0,nan
3299,0.9989696145057678,100,0.7,0.15,0.15,0.46,0.24,1.8305595111328656,0.06,4,0,nan
3302,0.9924436807632446,100,0.58,0.15,0.27,0.38,0.2,1.9154049007632754,0.1,4,0,nan
3303,0.9996458888053894,100,0.75,0.16,0.09,0.34,0.41,1.7922292517263867,0.09,5,1,nan
3306,0.9975412487983704,100,0.81,0.1,0.09,0.39,0.42,1.7002899472328243,0.16,4,0,nan
3307,0.9946611523628235,100,0.83,0.07,0.1,0.38,0.45,1.6496021872850402,0.15,5,1,nan
3320,0.9765434265136719,100,0.75,0.14,0.11,0.42,0.33,1.8008656456811887,0.14,4,0,nan
3321,0.9962908625602722,100,0.61,0.18,0.21,0.27,0.34,1.957326039122317,0.04,4,0,nan
3326,0.9891831278800964,100,0.78,0.07,0.15,0.26,0.52,1.6749647757393626,0.03,8,2,nan
3327,0.997847318649292,100,0.77,0.1,0.13,0.57,0.2,1.6414732898762714,0.09,6,2,nan
3328,0.9926984906196594,100,0.81,0.08,0.11,0.34,0.47,1.6829245854110173,0.15,4,0,nan
3332,0.9991485476493835,100,0.67,0.15,0.18,0.41,0.26,1.8885254515637324,0.08,5,1,nan
3334,0.9937107563018799,100,0.6,0.33,0.07,0.24,0.36,1.8211272851500926,0.07,3,0,nan
3335,0.9966537356376648,100,0.7,0.19,0.11,0.21,0.49,1.782618001770349,0.08,4,0,nan
3337,0.9810889959335327,100,0.59,0.18,0.23,0.27,0.32,1.969030814037859,0.06,3,0,nan
3339,0.9835541844367981,100,0.67,0.17,0.16,0.26,0.41,1.8902768581520686,0.05,4,0,nan
3340,0.988548994064331,100,0.83,0.09,0.08,0.44,0.39,1.655106162088229,0.14,5,2,nan
3341,0.9986802935600281,100,0.85,0.12,0.03,0.27,0.58,1.4846632119084229,0.17,4,0,nan
3342,0.9994961619377136,100,0.67,0.18,0.15,0.26,0.41,1.8885254515637322,0.08,5,1,nan
3347,0.9885901808738708,100,0.74,0.13,0.13,0.35,0.39,1.8251859417710259,0.11,5,1,nan
3350,0.9840445518493652,100,0.66,0.18,0.16,0.23,0.43,1.8795565951000937,0.05,5,2,nan
3352,0.990699052810669,100,0.58,0.31,0.11,0.26,0.32,1.9054035287880065,0.05,4,0,nan
3353,0.9749278426170349,100,0.85,0.07,0.08,0.47,0.38,1.6024721298336402,0.08,8,5,nan
3356,0.9971373081207275,100,0.71,0.14,0.15,0.31,0.4,1.860220817170506,0.08,6,1,nan
3357,0.9989878535270691,100,0.7,0.22,0.08,0.21,0.49,1.7491867512745276,0.11,5,1,nan
3358,0.998907744884491,100,0.74,0.11,0.15,0.57,0.17,1.6576691312968839,0.08,5,2,nan
3359,0.9914736747741699,100,0.63,0.16,0.21,0.44,0.19,1.872213391236493,0.06,4,0,nan
3363,0.9855318069458008,100,0.8,0.16,0.04,0.24,0.56,1.571346433249389,0.14,5,1,nan
3369,0.9622024893760681,100,0.63,0.17,0.2,0.41,0.22,1.9069306097910745,0.07,4,0,nan
3370,0.9717722535133362,100,0.63,0.2,0.17,0.33,0.3,1.9478846497138491,0.1,5,1,nan
3371,0.9974977970123291,100,0.59,0.26,0.15,0.21,0.38,1.9191091598246608,0.06,5,1,nan
3376,0.9796847701072693,100,0.67,0.22,0.11,0.26,0.41,1.8635331070143182,0.05,5,1,nan
3378,0.9988319277763367,100,0.68,0.12,0.2,0.2,0.48,1.804107451387086,0.11,5,1,nan
3381,0.9972895383834839,100,0.75,0.09,0.16,0.36,0.39,1.7960830737694073,0.18,4,0,nan
3383,0.9897803068161011,100,0.68,0.18,0.14,0.43,0.25,1.8659821084614605,0.06,4,0,nan
3385,0.9900581240653992,100,0.65,0.19,0.16,0.37,0.28,1.9231928387616029,0.09,5,1,nan
3388,0.9926671385765076,100,0.66,0.19,0.15,0.31,0.35,1.9196664607284961,0.11,4,0,nan
3389,0.994442343711853,100,0.63,0.18,0.19,0.32,0.31,1.9503626057408958,0.03,4,0,nan
3391,0.983079195022583,100,0.81,0.1,0.09,0.34,0.47,1.6859760038425753,0.17,5,1,nan
3399,0.9857513904571533,100,0.72,0.12,0.16,0.39,0.33,1.8477037649436194,0.13,6,1,nan
3403,0.9988359212875366,100,0.78,0.19,0.03,0.59,0.19,1.5113354605210412,0.06,5,2,nan
3404,0.9821842908859253,100,0.71,0.17,0.12,0.35,0.36,1.8623699502256579,0.06,5,1,nan
3407,0.9992818832397461,100,0.73,0.17,0.1,0.16,0.57,1.6520473891995282,0.06,5,3,nan
3409,0.9715908765792847,100,0.77,0.11,0.12,0.32,0.45,1.7617893182897295,0.15,4,0,nan
3416,0.9976309537887573,100,0.58,0.19,0.23,0.42,0.16,1.8915573947602513,0.04,4,0,nan
3420,0.99696946144104,100,0.71,0.16,0.13,0.5,0.21,1.7784842727454808,0.09,4,0,nan
3422,0.9868038296699524,100,0.69,0.1,0.21,0.38,0.31,1.8592634101739547,0.1,5,1,nan
3430,0.9998750686645508,100,0.67,0.08,0.25,0.4,0.27,1.8303012787919621,0.08,4,0,nan
3435,0.998040497303009,100,0.55,0.25,0.2,0.22,0.33,1.972781507865076,0.05,3,0,nan
3443,0.9899225234985352,100,0.58,0.29,0.13,0.25,0.33,1.928370430997416,0.06,6,2,nan
3444,0.9915420413017273,100,0.66,0.23,0.11,0.24,0.42,1.8577351440913525,0.08,4,0,nan
3447,0.961628258228302,100,0.66,0.17,0.17,0.24,0.42,1.8889545060094526,0.08,6,1,nan
3448,0.9994831085205078,100,0.69,0.18,0.13,0.17,0.52,1.7531151897108408,0.06,5,1,nan
3449,0.9944905042648315,100,0.68,0.2,0.12,0.19,0.49,1.79096101953998,0.08,4,0,nan
3451,0.9992589354515076,100,0.69,0.18,0.13,0.48,0.21,1.8090438670270719,0.09,5,1,nan
3457,0.9607985019683838,100,0.7,0.2,0.1,0.43,0.27,1.8301642912024774,0.13,6,1,nan
3459,0.9899716973304749,100,0.68,0.14,0.18,0.43,0.25,1.8659821084614605,0.06,6,1,nan
3462,0.9771250486373901,100,0.78,0.13,0.09,0.3,0.48,1.724656597257864,0.18,3,0,nan
3464,0.9830566048622131,100,0.65,0.15,0.2,0.37,0.28,1.919879857997134,0.13,5,1,nan
3466,0.9998109340667725,100,0.81,0.07,0.12,0.56,0.25,1.6040630413482142,0.16,4,0,nan
3468,0.9963052272796631,100,0.79,0.06,0.15,0.5,0.29,1.6719822669158193,0.18,5,1,nan
3471,0.9992978572845459,100,0.68,0.2,0.12,0.31,0.37,1.8859764692080705,0.09,4,0,nan
3472,0.9990696907043457,100,0.6,0.2,0.2,0.38,0.22,1.9397975406110117,0.05,5,1,nan
3478,0.9810899496078491,100,0.72,0.15,0.13,0.42,0.3,1.8399249408254703,0.11,5,1,nan
3484,0.9983671307563782,100,0.58,0.18,0.24,0.23,0.35,1.9572103835181798,0.07,5,1,nan
3486,0.9989523887634277,100,0.57,0.17,0.26,0.27,0.3,1.970986375778791,0.06,3,0,nan
3487,0.9993143081665039,100,0.7,0.13,0.17,0.28,0.42,1.8570976476606167,0.1,4,0,nan
3491,0.9886067509651184,100,0.62,0.14,0.24,0.24,0.38,1.9158320452319428,0.1,5,1,nan
3496,0.9934613108634949,100,0.73,0.1,0.17,0.3,0.43,1.8114336740689732,0.12,4,0,nan
3498,0.9709903001785278,100,0.58,0.23,0.19,0.29,0.29,1.9787017351533385,0.06,3,0,nan
3502,0.9940024018287659,100,0.71,0.15,0.14,0.45,0.26,1.8313446912803448,0.11,5,1,nan
3510,0.9909185171127319,100,0.75,0.14,0.11,0.22,0.53,1.7134162256178564,0.07,5,2,nan
3512,0.9786248803138733,100,0.62,0.21,0.17,0.3,0.32,1.9545336692960715,0.05,4,0,nan
3514,0.9988884329795837,100,0.72,0.19,0.09,0.23,0.49,1.7598296385810703,0.09,4,0,nan
3522,0.9857946038246155,100,0.6,0.22,0.18,0.23,0.37,1.9442777382390788,0.03,4,0,nan
3523,0.9986220598220825,100,0.64,0.21,0.15,0.26,0.38,1.9191091598246608,0.11,3,0,nan
3532,0.9652993083000183,100,0.61,0.26,0.13,0.27,0.34,1.927127708090447,0.08,4,0,nan
3535,0.9918748140335083,100,0.66,0.15,0.19,0.38,0.28,1.910444539594474,0.06,4,0,nan
3539,0.9954001903533936,100,0.68,0.18,0.14,0.21,0.47,1.8271965813550146,0.07,5,1,nan
3542,0.9994120001792908,100,0.61,0.12,0.27,0.47,0.14,1.7861546147274954,0.05,5,1,nan
3543,0.9989628791809082,100,0.85,0.1,0.05,0.47,0.38,1.5906977601445684,0.13,5,3,nan
3547,0.9990543723106384,100,0.67,0.16,0.17,0.2,0.47,1.833945127496205,0.08,5,1,nan
3550,0.9979265928268433,100,0.63,0.19,0.18,0.36,0.27,1.9411708358574582,0.06,5,1,nan
3553,0.9709647297859192,100,0.71,0.14,0.15,0.33,0.38,1.8659303968485301,0.12,3,0,nan
3554,0.9808146953582764,100,0.66,0.16,0.18,0.33,0.33,1.9239695707385291,0.14,3,0,nan
3555,0.9907013177871704,100,0.67,0.2,0.13,0.21,0.46,1.8351882488691447,0.04,5,1,nan
3556,0.9989877343177795,100,0.68,0.16,0.16,0.41,0.27,1.8834402422971739,0.07,5,1,nan
3559,0.9923998713493347,100,0.79,0.12,0.09,0.4,0.39,1.7382893362471559,0.18,4,0,nan
3568,0.9772247076034546,100,0.62,0.19,0.19,0.2,0.42,1.9004847981216106,0.09,5,2,nan
3569,0.9938351511955261,100,0.66,0.21,0.13,0.14,0.52,1.7431540251114106,0.09,5,2,nan
3571,0.9650842547416687,100,0.73,0.08,0.19,0.54,0.19,1.6820044834978891,0.09,5,1,nan
3574,0.9940590262413025,100,0.63,0.16,0.21,0.44,0.19,1.872213391236493,0.03,5,1,nan
3576,0.9808483123779297,100,0.57,0.3,0.13,0.17,0.4,1.8670919267663244,0.05,4,0,nan
3579,0.9544236660003662,100,0.66,0.17,0.17,0.34,0.32,1.9243814577244938,0.03,5,1,nan
3580,0.9991924166679382,100,0.67,0.18,0.15,0.25,0.42,1.88149873516307,0.06,4,0,nan
3581,0.9976912140846252,100,0.74,0.09,0.17,0.48,0.26,1.76079792956952,0.12,5,1,nan
3582,0.9967157244682312,100,0.59,0.13,0.28,0.44,0.15,1.828556146698565,0.05,4,0,nan
3584,0.9939935207366943,100,0.61,0.12,0.27,0.45,0.16,1.818507170755696,0.07,6,2,nan
3586,0.9809829592704773,100,0.71,0.16,0.13,0.21,0.5,1.7784842727454808,0.06,5,1,nan
3589,0.9870423078536987,100,0.63,0.22,0.15,0.38,0.25,1.9215711417809977,0.11,5,1,nan
3594,0.9998158812522888,100,0.72,0.17,0.11,0.24,0.48,1.7872770281928319,0.08,4,0,nan
3598,0.9577187299728394,100,0.62,0.24,0.14,0.3,0.32,1.9383683218310273,0.04,4,0,nan
3602,0.9777637124061584,100,0.79,0.09,0.12,0.46,0.33,1.7228788803838622,0.11,5,2,nan
3611,0.9992871284484863,100,0.69,0.21,0.1,0.34,0.35,1.8642902995465955,0.09,4,0,nan
3617,0.9982950091362,100,0.57,0.23,0.2,0.28,0.29,1.9841774541410142,0.06,5,1,nan
3621,0.9927569031715393,100,0.83,0.05,0.12,0.42,0.41,1.6361946454833243,0.18,5,1,nan
3622,0.9874659180641174,100,0.52,0.2,0.28,0.28,0.24,1.9869608142719164,0.04,7,1,nan
3629,0.9917991757392883,100,0.63,0.21,0.16,0.38,0.25,1.9262930284389412,0.05,6,1,nan
3634,0.9930344820022583,100,0.66,0.22,0.12,0.45,0.21,1.8388651814560875,0.07,4,0,nan
3646,0.9855805039405823,100,0.73,0.12,0.15,0.42,0.31,1.8270529265598974,0.15,4,0,nan
3647,0.9994611740112305,100,0.69,0.14,0.17,0.5,0.19,1.786923495232459,0.06,4,0,nan
3648,0.9981659054756165,100,0.65,0.26,0.09,0.14,0.51,1.7104819994347054,0.05,4,0,nan
3649,0.9954121708869934,100,0.8,0.12,0.08,0.28,0.52,1.6633726580786887,0.14,7,4,nan
3656,0.99590665102005,100,0.78,0.13,0.09,0.44,0.34,1.7456184980610485,0.14,5,2,nan
3659,0.9935486912727356,100,0.65,0.14,0.21,0.47,0.18,1.8271965813550146,0.07,4,0,nan
3660,0.9841601252555847,100,0.63,0.15,0.22,0.39,0.24,1.915049778803887,0.06,4,0,nan
3662,0.998691976070404,100,0.63,0.25,0.12,0.19,0.44,1.8434405024898126,0.09,4,0,nan
3670,0.9982832074165344,100,0.56,0.23,0.21,0.19,0.37,1.9464463082610792,0.06,4,0,nan
3671,0.9706231355667114,100,0.64,0.18,0.18,0.44,0.2,1.8761476580776089,0.09,5,2,nan
3672,0.9990558624267578,100,0.63,0.12,0.25,0.42,0.21,1.865536665893886,0.06,5,1,nan
3679,0.9996152520179749,100,0.7,0.19,0.11,0.35,0.35,1.8657143723088643,0.12,5,1,nan
3680,0.9981846809387207,100,0.7,0.15,0.15,0.26,0.44,1.8475247721750745,0.09,4,0,nan
3681,0.9919722676277161,100,0.6,0.12,0.28,0.29,0.31,1.9229859667051294,0.07,4,0,nan
3682,0.9894573092460632,100,0.68,0.18,0.14,0.17,0.51,1.7724343930090234,0.02,4,0,nan
3683,0.9992725849151611,100,0.55,0.25,0.2,0.27,0.28,1.9886275195933054,0.06,3,0,nan
3691,0.9872318506240845,100,0.71,0.14,0.15,0.31,0.4,1.860220817170506,0.16,4,0,nan
3692,0.9944389462471008,100,0.77,0.13,0.1,0.36,0.41,1.7728368945149997,0.18,4,0,nan
3701,0.977862536907196,100,0.61,0.26,0.13,0.18,0.43,1.8568043549181805,0.06,6,2,nan
3703,0.9925578832626343,100,0.76,0.13,0.11,0.48,0.28,1.755420169843996,0.11,5,1,nan
3705,0.9979523420333862,100,0.62,0.18,0.2,0.25,0.37,1.9404222778112432,0.05,5,1,nan
3714,0.9974555969238281,100,0.63,0.18,0.19,0.36,0.27,1.9411708358574582,0.11,3,0,nan
3716,0.9878189563751221,100,0.63,0.17,0.2,0.18,0.45,1.8626814941767247,0.03,4,0,nan
3720,0.9956879615783691,100,0.64,0.21,0.15,0.25,0.39,1.9131650288499493,0.07,5,1,nan
3721,0.9993028044700623,100,0.62,0.18,0.2,0.24,0.38,1.934280615255996,0.1,5,1,nan
3724,0.9910600185394287,100,0.69,0.17,0.14,0.24,0.45,1.8442329241526716,0.13,4,0,nan
3725,0.978308379650116,100,0.54,0.21,0.25,0.27,0.27,1.992866232379231,0.05,3,0,nan
3729,0.9988858103752136,100,0.8,0.13,0.07,0.25,0.55,1.6255722919901063,0.11,6,1,nan
3731,0.9963042140007019,100,0.74,0.11,0.15,0.47,0.27,1.7828087365107181,0.13,5,1,nan
3732,0.9636218547821045,100,0.61,0.19,0.2,0.2,0.41,1.9113824023720842,0.04,4,0,nan
3738,0.952058732509613,100,0.6,0.18,0.22,0.29,0.31,1.9675793886079758,0.05,3,0,nan
3740,0.993928074836731,100,0.66,0.19,0.15,0.41,0.25,1.89315600354207,0.11,5,1,nan
3742,0.9612681865692139,100,0.7,0.17,0.13,0.56,0.14,1.682781897963502,0.06,5,1,nan
3743,0.9995306134223938,100,0.74,0.09,0.17,0.49,0.25,1.7515223855722257,0.12,4,0,nan
3744,0.9975489974021912,100,0.74,0.14,0.12,0.28,0.46,1.7937331226377664,0.11,5,2,nan
3747,0.987311840057373,100,0.66,0.18,0.16,0.34,0.32,1.9235323234899933,0.06,5,1,nan
3748,0.9932240843772888,100,0.66,0.09,0.25,0.48,0.18,1.7662303915954642,0.04,4,0,nan
3749,0.9991141557693481,100,0.65,0.1,0.25,0.43,0.22,1.8363305322201997,0.09,4,0,nan
3750,0.998647928237915,100,0.85,0.11,0.04,0.53,0.32,1.5475208708061263,0.22,5,1,nan
3757,0.9909684062004089,100,0.7,0.05,0.25,0.49,0.21,1.6932012551866837,0.09,4,0,nan
3761,0.9819161891937256,100,0.67,0.14,0.19,0.32,0.35,1.9084712172016407,0.1,3,0,nan
3764,0.9962229132652283,100,0.65,0.19,0.16,0.31,0.34,1.9312117399753967,0.08,5,2,nan
3766,0.9955331087112427,100,0.6,0.24,0.16,0.15,0.45,1.846097706912016,0.05,5,1,nan
3767,0.9516827464103699,100,0.77,0.14,0.09,0.39,0.38,1.7700139300920126,0.14,5,1,nan
3769,0.9953484535217285,100,0.63,0.23,0.14,0.26,0.37,1.920795178794152,0.08,6,2,nan
3779,0.9987894892692566,100,0.57,0.14,0.29,0.39,0.18,1.8901186464837711,0.05,6,1,nan
3784,0.9914790391921997,100,0.64,0.13,0.23,0.39,0.25,1.900108863723312,0.05,3,0,nan
3786,0.9803169965744019,100,0.58,0.23,0.19,0.32,0.26,1.9742163856106465,0.02,5,1,nan
3789,0.9844202399253845,100,0.76,0.06,0.18,0.47,0.29,1.7187006905963536,0.11,7,1,nan
3790,0.9942626953125,100,0.68,0.15,0.17,0.31,0.37,1.8996553159182463,0.09,4,0,nan
3792,0.993775486946106,100,0.75,0.1,0.15,0.39,0.36,1.8031499250692016,0.1,7,2,nan
3794,0.9907605648040771,100,0.68,0.24,0.08,0.16,0.52,1.6992365361682793,0.07,5,3,nan
3796,0.9925280213356018,100,0.63,0.11,0.26,0.44,0.19,1.831948245253246,0.07,4,0,nan
3797,0.9989012479782104,100,0.72,0.17,0.11,0.39,0.33,1.8424931039674977,0.13,4,0,nan
3798,0.9995150566101074,100,0.73,0.2,0.07,0.26,0.47,1.7501846392480465,0.1,4,0,nan
3800,0.9893659353256226,100,0.59,0.17,0.24,0.23,0.36,1.947004256176744,0.05,3,0,nan
3804,0.9854381680488586,100,0.76,0.13,0.11,0.47,0.29,1.7627902994907945,0.12,4,0,nan
3806,0.9995206594467163,100,0.68,0.16,0.16,0.39,0.29,1.8937348358314519,0.1,5,1,nan
3809,0.9973146319389343,100,0.62,0.23,0.15,0.38,0.24,1.922799895258694,0.06,6,1,nan
3819,0.9900558590888977,100,0.68,0.12,0.2,0.43,0.25,1.8550171787451302,0.08,5,1,nan
3822,0.9967060089111328,100,0.73,0.12,0.15,0.51,0.22,1.7536152198412398,0.08,5,1,nan
3823,0.9983277320861816,100,0.76,0.16,0.08,0.23,0.53,1.6876390989631163,0.13,5,1,nan
3826,0.9985735416412354,100,0.61,0.17,0.22,0.3,0.31,1.9600445157594746,0.07,4,0,nan
3833,0.9633532762527466,100,0.83,0.08,0.09,0.53,0.3,1.6106979200438656,0.13,5,5,nan
3834,0.9520180225372314,100,0.55,0.14,0.31,0.38,0.17,1.8859445063456086,0.05,5,1,nan
3837,0.9758381247520447,100,0.56,0.16,0.28,0.28,0.28,1.9656780552463373,0.02,4,0,nan
3842,0.9827855825424194,100,0.71,0.14,0.15,0.51,0.2,1.767470367962447,0.08,5,1,nan
3852,0.9987812638282776,100,0.59,0.29,0.12,0.17,0.42,1.845204200521553,0.05,4,0,nan
3854,0.9941396117210388,100,0.75,0.15,0.1,0.23,0.52,1.72098188761823,0.07,5,1,nan
3857,0.9637296199798584,100,0.64,0.23,0.13,0.25,0.39,1.900108863723312,0.04,5,1,nan
3858,0.9948782920837402,100,0.65,0.17,0.18,0.35,0.3,1.9310847718892572,0.11,3,0,nan
3861,0.9979921579360962,100,0.58,0.31,0.11,0.16,0.42,1.8227445379376115,0.05,5,1,nan
3862,0.9878160953521729,100,0.59,0.21,0.2,0.41,0.18,1.909901089860682,0.04,4,0,nan
3864,0.9910117983818054,100,0.74,0.24,0.02,0.25,0.49,1.611293318541514,0.07,6,3,nan
3867,0.9941627979278564,100,0.75,0.13,0.12,0.33,0.42,1.8031801493744752,0.17,4,0,nan
3875,0.9951462745666504,100,0.58,0.25,0.17,0.39,0.19,1.9196103664079278,0.05,4,0,nan
3876,0.9980416893959045,100,0.73,0.14,0.13,0.25,0.48,1.788023289538482,0.14,4,0,nan
3877,0.9792321920394897,100,0.8,0.09,0.11,0.27,0.53,1.6584079950921817,0.13,5,1,nan
3887,0.9888297319412231,100,0.73,0.18,0.09,0.18,0.55,1.6776420966871213,0.06,7,2,nan
3894,0.9830316305160522,100,0.76,0.14,0.1,0.37,0.39,1.7898290805589356,0.14,5,1,nan
3897,0.9964799284934998,100,0.6,0.17,0.23,0.45,0.15,1.8512007741794227,0.03,4,0,nan
3898,0.9849434494972229,100,0.53,0.12,0.35,0.3,0.23,1.9059252051817792,0.02,5,1,nan
3906,0.9998903274536133,100,0.68,0.15,0.17,0.56,0.12,1.680639660982092,0.04,5,2,nan
3909,0.9946106672286987,100,0.68,0.21,0.11,0.36,0.32,1.87975905242185,0.05,4,0,nan
3915,0.9808810949325562,100,0.67,0.17,0.16,0.14,0.53,1.7401599767556069,0.07,6,1,nan
3918,0.9831415414810181,100,0.63,0.18,0.19,0.36,0.27,1.9411708358574582,0.08,4,0,nan
3927,0.9820011854171753,100,0.68,0.2,0.12,0.31,0.37,1.8859764692080705,0.13,4,0,nan
3928,0.9997469782829285,100,0.73,0.13,0.14,0.31,0.42,1.8291951635413075,0.08,5,2,nan
3929,0.9868066310882568,100,0.78,0.07,0.15,0.52,0.26,1.6749647757393626,0.11,5,1,nan
3933,0.999691903591156,100,0.65,0.15,0.2,0.28,0.37,1.9198798579971337,0.14,4,0,nan
3938,0.9858960509300232,100,0.59,0.13,0.28,0.29,0.3,1.935857980970702,0.07,4,0,nan
3940,0.9918308854103088,100,0.58,0.2,0.22,0.3,0.28,1.9802690578383622,0.1,3,0,nan
3941,0.9989069104194641,100,0.66,0.19,0.15,0.4,0.26,1.8998308082075368,0.09,5,1,nan
3956,0.9725785851478577,100,0.62,0.16,0.22,0.35,0.27,1.9437125521596446,0.07,3,0,nan
3958,0.9526920318603516,100,0.71,0.11,0.18,0.45,0.26,1.8192839913999683,0.09,6,1,nan
3959,0.9918932914733887,100,0.74,0.14,0.12,0.15,0.59,1.6238380121353573,0.11,5,1,nan
3960,0.9975712895393372,100,0.77,0.09,0.14,0.55,0.22,1.6647104520180838,0.08,5,4,nan
3963,0.9780967235565186,100,0.71,0.18,0.11,0.39,0.32,1.8514253461087287,0.05,4,0,nan
3965,0.9968852400779724,100,0.73,0.16,0.11,0.34,0.39,1.83227448034323,0.14,5,1,nan
3967,0.9783068895339966,100,0.68,0.1,0.22,0.5,0.18,1.7580738290388045,0.01,5,1,nan
3971,0.998094916343689,100,0.61,0.17,0.22,0.31,0.3,1.9600445157594746,0.05,4,0,nan
3973,0.9813108444213867,100,0.69,0.02,0.29,0.49,0.2,1.5994482585938044,0.11,5,1,nan
3975,0.9997650384902954,100,0.71,0.09,0.2,0.5,0.21,1.7498625669965422,0.05,5,1,nan
3981,0.9994902610778809,100,0.73,0.1,0.17,0.41,0.32,1.8201983753800164,0.13,4,0,nan
3984,0.9999388456344604,100,0.74,0.1,0.16,0.56,0.18,1.668958123674114,0.06,5,2,nan
3986,0.9934049844741821,100,0.74,0.16,0.1,0.26,0.48,1.7687670532231494,0.09,5,1,nan
3990,0.972314178943634,100,0.75,0.16,0.09,0.4,0.35,1.7945426457592335,0.1,4,0,nan
3991,0.9991515278816223,100,0.77,0.14,0.09,0.26,0.51,1.7104819994347054,0.12,5,1,nan
3992,0.9901273250579834,100,0.72,0.12,0.16,0.48,0.24,1.7924876891689534,0.13,4,0,nan
3996,0.9989345669746399,100,0.72,0.17,0.11,0.28,0.44,1.8202407383355244,0.11,5,1,nan
4000,0.9637037515640259,100,0.74,0.15,0.11,0.57,0.17,1.6576691312968839,0.06,4,0,nan
4008,0.9893304109573364,100,0.5,0.28,0.22,0.16,0.34,1.9469844894732748,0.03,4,0,nan
4011,0.9585225582122803,100,0.66,0.2,0.14,0.28,0.38,1.906169048424496,0.1,4,0,nan
4012,0.9910296201705933,100,0.58,0.19,0.23,0.34,0.24,1.9662023461291378,0.06,4,0,nan
4013,0.972846508026123,100,0.66,0.14,0.2,0.16,0.5,1.7845127868218253,0.03,6,2,nan
4017,0.992975115776062,100,0.65,0.18,0.17,0.25,0.4,1.9086657211039246,0.09,4,0,nan
4023,0.9706612825393677,100,0.62,0.21,0.17,0.27,0.35,1.9475321664637528,0.02,5,2,nan
4026,0.9949135184288025,100,0.67,0.15,0.18,0.35,0.32,1.9119870442430922,0.09,5,1,nan
4027,0.9953506588935852,100,0.79,0.09,0.12,0.56,0.23,1.6358294333130066,0.11,4,0,nan
4028,0.9984530806541443,100,0.72,0.14,0.14,0.46,0.26,1.814843985095686,0.17,5,1,nan
4047,0.9988981485366821,100,0.66,0.16,0.18,0.36,0.3,1.9200295103133205,0.1,3,0,nan
4048,0.9628613591194153,100,0.76,0.16,0.08,0.34,0.42,1.76934550618253,0.14,3,0,nan
4056,0.9947829842567444,100,0.65,0.15,0.2,0.4,0.25,1.903701696057348,0.13,4,0,nan
4061,0.9987790584564209,100,0.65,0.1,0.25,0.37,0.28,1.8771422093834669,0.09,4,0,nan
4064,0.9961206316947937,100,0.62,0.22,0.16,0.37,0.25,1.9343194409481268,0.07,8,1,nan
4066,0.9861446619033813,100,0.73,0.1,0.17,0.47,0.26,1.7840236102682574,0.11,5,1,nan
4068,0.952938973903656,100,0.67,0.19,0.14,0.27,0.4,1.8911294095932973,0.09,5,1,nan
4070,0.9584171175956726,100,0.67,0.14,0.19,0.27,0.4,1.8911294095932973,0.1,3,0,nan
4072,0.9995047450065613,100,0.86,0.06,0.08,0.37,0.49,1.5700528708322918,0.16,5,2,nan
4075,0.9920849204063416,100,0.69,0.2,0.11,0.21,0.48,1.795764433617455,0.05,5,1,nan
4079,0.9975526332855225,100,0.7,0.15,0.15,0.35,0.35,1.881290899230693,0.11,4,0,nan
4080,0.9992085695266724,100,0.77,0.1,0.13,0.41,0.36,1.7728368945149997,0.13,3,0,nan
4083,0.989313006401062,100,0.68,0.18,0.14,0.34,0.34,1.9007652683768133,0.09,4,0,nan
4084,0.9779077768325806,100,0.58,0.18,0.24,0.31,0.27,1.973258207537963,0.08,4,0,nan
4089,0.9982309341430664,100,0.67,0.17,0.16,0.48,0.19,1.8210992788617308,0.06,6,2,nan
4090,0.9994893074035645,100,0.62,0.24,0.14,0.24,0.38,1.9158320452319428,0.07,3,0,nan
4091,0.9966398477554321,100,0.68,0.15,0.17,0.44,0.24,1.860413005047401,0.12,4,0,nan
4093,0.9694201946258545,100,0.69,0.19,0.12,0.28,0.41,1.8638987620643612,0.03,5,5,nan
4094,0.9961690306663513,100,0.7,0.23,0.07,0.2,0.5,1.7206083814727446,0.05,4,0,nan
4096,0.987187922000885,100,0.7,0.15,0.15,0.43,0.27,1.8546755409861306,0.08,4,0,nan
4097,0.9814324378967285,100,0.61,0.18,0.21,0.31,0.3,1.9630149958290821,0.07,4,0,nan
4098,0.9958488345146179,100,0.64,0.12,0.24,0.31,0.33,1.9128187739068874,0.09,4,0,nan
4104,0.9998561143875122,100,0.71,0.21,0.08,0.17,0.54,1.6789615968103542,0.05,4,0,nan
4108,0.9975231885910034,100,0.59,0.21,0.2,0.22,0.37,1.9485112106307958,0.07,4,0,nan
4110,0.9967910647392273,100,0.56,0.21,0.23,0.25,0.31,1.9842853774344595,0.06,3,0,nan
4111,0.9588204622268677,100,0.69,0.1,0.21,0.4,0.29,1.8516909949605078,0.07,3,0,nan
4112,0.9997388124465942,100,0.71,0.18,0.11,0.2,0.51,1.7554096680820706,0.04,4,0,nan
4121,0.992465078830719,100,0.63,0.25,0.12,0.29,0.34,1.9141447876323934,0.08,4,0,nan
4122,0.9980442523956299,100,0.62,0.11,0.27,0.42,0.2,1.850340149595934,0.05,4,0,nan
4125,0.9920074939727783,100,0.54,0.15,0.31,0.31,0.23,1.9458016381004712,0.06,3,0,nan
4128,0.9877532720565796,100,0.65,0.17,0.18,0.46,0.19,1.8504562791620436,0.06,4,0,nan
4129,0.9855789542198181,100,0.69,0.1,0.21,0.49,0.2,1.7736832789085244,0.02,4,0,nan
4136,0.9822461605072021,100,0.72,0.17,0.11,0.34,0.38,1.8445002075783865,0.16,4,0,nan
4146,0.9887958765029907,100,0.54,0.25,0.21,0.27,0.27,1.992866232379231,0.05,3,0,nan
4147,0.9972118139266968,100,0.78,0.12,0.1,0.48,0.3,1.7286187011707392,0.13,5,1,nan
4150,0.9975411295890808,100,0.69,0.15,0.16,0.31,0.38,1.887809289104953,0.16,4,0,nan
4151,0.9661961793899536,100,0.81,0.08,0.11,0.3,0.51,1.6583146086366036,0.13,5,1,nan
4155,0.9962112307548523,100,0.64,0.12,0.24,0.33,0.31,1.9128187739068876,0.04,5,1,nan
4157,0.9748087525367737,100,0.77,0.14,0.09,0.49,0.28,1.728266048764271,0.04,6,1,nan
4161,0.9980109930038452,100,0.63,0.21,0.16,0.47,0.16,1.8308127707026955,0.04,4,0,nan
4163,0.9987516403198242,100,0.62,0.23,0.15,0.26,0.36,1.9341160233044175,0.09,4,0,nan
4167,0.9968646168708801,100,0.62,0.18,0.2,0.36,0.26,1.9455967433017196,0.09,6,1,nan
4170,0.9566941261291504,100,0.79,0.08,0.13,0.45,0.34,1.7217277670429139,0.17,4,0,nan
4172,0.9967760443687439,100,0.74,0.13,0.13,0.39,0.35,1.8251859417710259,0.15,4,0,nan
4173,0.9942547082901001,100,0.65,0.17,0.18,0.28,0.37,1.9248438830437102,0.11,4,0,nan
4184,0.9934595823287964,100,0.84,0.11,0.05,0.33,0.51,1.5896353231865015,0.15,6,2,nan
4187,0.9983564615249634,100,0.7,0.16,0.14,0.46,0.24,1.8295970007273568,0.17,5,1,nan
4189,0.9954453110694885,100,0.67,0.07,0.26,0.45,0.22,1.7728181690654494,0.08,6,1,nan
4190,0.9875347018241882,100,0.59,0.24,0.17,0.31,0.28,1.966736272193029,0.06,3,0,nan
4194,0.9894202351570129,100,0.79,0.09,0.12,0.24,0.55,1.6482285969467374,0.09,6,1,nan
4197,0.9995598793029785,100,0.7,0.14,0.16,0.46,0.24,1.8295970007273568,0.1,4,0,nan
4199,0.9994267821311951,100,0.79,0.15,0.06,0.29,0.5,1.671982266915819,0.1,5,1,nan
4201,0.9735231399536133,100,0.79,0.11,0.1,0.44,0.35,1.733726934104737,0.12,5,1,nan
4207,0.9976459741592407,100,0.76,0.11,0.13,0.4,0.36,1.7923173098921028,0.16,4,0,nan
4210,0.9968995451927185,100,0.58,0.17,0.25,0.38,0.2,1.9294253852324508,0.05,3,0,nan
4212,0.9997199773788452,100,0.79,0.17,0.04,0.25,0.54,1.6003842081502127,0.11,4,0,nan
4216,0.9983214735984802,100,0.75,0.1,0.15,0.42,0.33,1.7962064139893419,0.07,5,2,nan
4217,0.9825611710548401,100,0.8,0.11,0.09,0.36,0.44,1.7147025488751706,0.18,4,0,nan
4219,0.9511325359344482,100,0.73,0.15,0.12,0.54,0.19,1.7128816216243539,0.05,4,0,nan
4227,0.9947594404220581,100,0.64,0.17,0.19,0.27,0.37,1.9305639083410377,0.03,4,0,nan
4229,0.9996640682220459,100,0.77,0.08,0.15,0.32,0.45,1.7464887070850934,0.13,5,1,nan
4231,0.9902046918869019,100,0.69,0.16,0.15,0.46,0.23,1.8365648507541081,0.08,3,0,nan
4232,0.9878130555152893,100,0.59,0.27,0.14,0.26,0.33,1.94024248899755,0.07,5,1,nan
4233,0.9739413261413574,100,0.61,0.18,0.21,0.41,0.2,1.909901089860682,0.07,5,2,nan
4237,0.9993079304695129,100,0.63,0.25,0.12,0.21,0.42,1.865536665893886,0.06,5,1,nan
4239,0.9772647023200989,100,0.64,0.21,0.15,0.18,0.46,1.844010941604065,0.05,4,0,nan
4251,0.9994799494743347,100,0.71,0.19,0.1,0.19,0.52,1.733222271744058,0.08,5,1,nan
4252,0.9990137815475464,100,0.72,0.12,0.16,0.49,0.23,1.782033616178621,0.07,5,1,nan
4253,0.9990488886833191,100,0.7,0.18,0.12,0.26,0.44,1.8388099505114748,0.12,4,0,nan
4257,0.9988268613815308,100,0.77,0.1,0.13,0.27,0.5,1.7248584964561477,0.11,4,0,nan
4258,0.9969637989997864,100,0.63,0.16,0.21,0.23,0.4,1.9122790431431271,0.04,3,0,nan
4260,0.958051860332489,100,0.7,0.19,0.11,0.22,0.48,1.7943555277239804,0.13,4,0,nan
4261,0.9580732583999634,100,0.62,0.23,0.15,0.31,0.31,1.945801638100471,0.07,5,1,nan
4265,0.9989697337150574,100,0.73,0.12,0.15,0.21,0.52,1.7410117881300005,0.06,4,0,nan
4266,0.9965004920959473,100,0.64,0.15,0.21,0.23,0.41,1.8984203698633801,0.06,4,0,nan
4268,0.9517865180969238,100,0.62,0.17,0.21,0.31,0.31,1.9549991355387646,0.09,5,1,nan
4269,0.9946497082710266,100,0.59,0.22,0.19,0.34,0.25,1.9649735926514416,0.07,3,0,nan
4270,0.99695885181427,100,0.78,0.11,0.11,0.38,0.4,1.7597975406110118,0.14,5,2,nan
4273,0.9985061287879944,100,0.6,0.18,0.22,0.26,0.34,1.9603430406731037,0.08,3,0,nan
4290,0.9797687530517578,100,0.67,0.18,0.15,0.2,0.47,1.8321937209078687,0.07,4,0,nan
4293,0.9994757771492004,100,0.73,0.14,0.13,0.39,0.34,1.838725105946926,0.09,5,2,nan
4295,0.9707896709442139,100,0.69,0.12,0.19,0.49,0.2,1.79096101953998,0.06,4,0,nan
4296,0.9984762072563171,100,0.82,0.09,0.09,0.48,0.34,1.662750323143838,0.13,5,2,nan
4299,0.9865034818649292,100,0.57,0.22,0.21,0.38,0.19,1.939075892228136,0.05,4,0,nan
4300,0.9978436231613159,100,0.73,0.14,0.13,0.4,0.33,1.8363480399850836,0.07,5,2,nan
4307,0.9984534382820129,100,0.67,0.19,0.14,0.23,0.44,1.8611511110388554,0.06,4,0,nan
4320,0.9981748461723328,100,0.62,0.14,0.24,0.26,0.36,1.9271481732776663,0.07,4,0,nan
4322,0.9722575545310974,100,0.61,0.21,0.18,0.42,0.19,1.8990034856102083,0.03,5,2,nan
4324,0.956096351146698,100,0.59,0.14,0.27,0.36,0.23,1.9254146246901784,0.09,3,0,nan
4334,0.9862240552902222,100,0.73,0.12,0.15,0.2,0.53,1.72744364045094,0.08,5,1,nan
4339,0.9950177073478699,100,0.64,0.15,0.21,0.3,0.34,1.9336313969422365,0.07,4,0,nan
4341,0.992469072341919,100,0.68,0.2,0.12,0.29,0.39,1.8791537167674406,0.08,4,0,nan
4344,0.9870957136154175,100,0.65,0.15,0.2,0.52,0.13,1.7481511646642645,0.01,4,0,nan
4345,0.9896500706672668,100,0.68,0.2,0.12,0.28,0.4,1.8744444545796393,0.16,5,1,nan
4348,0.9635096192359924,100,0.69,0.17,0.14,0.28,0.41,1.8733021176045588,0.1,5,2,nan
4349,0.9997841119766235,100,0.81,0.05,0.14,0.58,0.23,1.5566818688751873,0.1,5,3,nan
4351,0.9682208895683289,100,0.58,0.16,0.26,0.29,0.29,1.9641128858840489,0.06,4,0,nan
4352,0.9639575481414795,100,0.68,0.13,0.19,0.37,0.31,1.8923941973594585,0.1,5,1,nan
4360,0.9891566634178162,100,0.67,0.27,0.06,0.33,0.34,1.8105513887339137,0.11,7,2,nan
4367,0.9968482851982117,100,0.6,0.2,0.2,0.28,0.32,1.9690255736436506,0.06,5,1,nan
4374,0.9967430233955383,100,0.68,0.19,0.13,0.18,0.5,1.783178203715123,0.07,4,0,nan
4384,0.9944185614585876,100,0.65,0.19,0.16,0.45,0.2,1.8610304498946175,0.09,5,2,nan
4385,0.9859673380851746,100,0.71,0.13,0.16,0.26,0.45,1.8293508063513453,0.13,4,0,nan
4387,0.9866535663604736,100,0.66,0.14,0.2,0.34,0.32,1.9167035156840724,0.1,5,1,nan
4388,0.9896585941314697,100,0.59,0.16,0.25,0.4,0.19,1.9070146768218172,0.02,5,2,nan
4390,0.985599935054779,100,0.8,0.09,0.11,0.46,0.34,1.7074495957834726,0.14,4,0,nan
4392,0.9897006750106812,100,0.7,0.14,0.16,0.27,0.43,1.8537130305806215,0.11,4,0,nan
4393,0.975768506526947,100,0.56,0.2,0.24,0.27,0.29,1.9864454564530423,0.1,3,0,nan
4396,0.9991872906684875,100,0.73,0.09,0.18,0.28,0.45,1.7905831678608175,0.11,4,0,nan
4398,0.9799402356147766,100,0.52,0.28,0.2,0.14,0.38,1.906169048424496,0.06,4,0,nan
4402,0.9914310574531555,100,0.62,0.12,0.26,0.31,0.31,1.9199446505316393,0.06,4,0,nan
4403,0.9855347275733948,100,0.79,0.12,0.09,0.53,0.26,1.6704552719231982,0.11,5,3,nan
4407,0.987643301486969,100,0.74,0.11,0.15,0.38,0.36,1.8218996667555492,0.17,4,0,nan
4419,0.9862145185470581,100,0.72,0.21,0.07,0.36,0.36,1.8026086854086878,0.06,6,1,nan
4421,0.9783467650413513,100,0.58,0.21,0.21,0.25,0.33,1.9734687653756746,0.08,3,0,nan
4425,0.9968873262405396,100,0.7,0.11,0.19,0.47,0.23,1.8051364739887383,0.11,6,1,nan
4426,0.9651543498039246,100,0.69,0.17,0.14,0.31,0.38,1.8859445063456086,0.12,4,0,nan
4428,0.9981860518455505,100,0.68,0.22,0.1,0.45,0.23,1.8188352809443167,0.07,4,0,nan
4429,0.9566721320152283,100,0.65,0.14,0.21,0.37,0.28,1.9148827184442798,0.05,4,0,nan
4433,0.995499312877655,100,0.64,0.16,0.2,0.3,0.34,1.9376660260895813,0.09,3,0,nan
4440,0.9867172241210938,100,0.62,0.22,0.16,0.3,0.32,1.9507140549919635,0.03,5,3,nan
4442,0.997657299041748,100,0.65,0.16,0.19,0.23,0.42,1.8915573947602513,0.07,4,0,nan
4444,0.9856903553009033,100,0.65,0.16,0.19,0.52,0.13,1.7514641454287336,0.04,4,0,nan
4448,0.9993007779121399,100,0.64,0.17,0.19,0.23,0.41,1.9048657074213584,0.06,5,1,nan
4451,0.980023980140686,100,0.65,0.18,0.17,0.4,0.25,1.9086657211039246,0.1,4,0,nan
4454,0.9984496235847473,100,0.74,0.16,0.1,0.24,0.5,1.7493442852255487,0.11,4,0,nan
4456,0.9730241298675537,100,0.77,0.07,0.16,0.49,0.28,1.7100741434381113,0.13,5,2,nan
4468,0.9930530786514282,100,0.72,0.07,0.21,0.54,0.18,1.6667289350192633,0.07,7,3,nan
4469,0.9992356300354004,100,0.62,0.23,0.15,0.25,0.37,1.9289415578139413,0.07,3,0,nan
4471,0.9908847212791443,100,0.53,0.28,0.19,0.31,0.22,1.9738147717241774,0.03,5,1,nan
4473,0.9866401553153992,100,0.65,0.13,0.22,0.18,0.47,1.8204808097680716,0.08,4,0,nan
4476,0.9879474639892578,100,0.69,0.12,0.19,0.5,0.19,1.777520139692261,0.1,5,3,nan
4484,0.9853063225746155,100,0.89,0.01,0.1,0.51,0.38,1.4245140007719632,0.15,5,2,nan
4485,0.9925774931907654,100,0.75,0.14,0.11,0.39,0.36,1.8078091567610484,0.1,5,2,nan
4487,0.9909239411354065,100,0.66,0.2,0.14,0.43,0.23,1.8727277872941726,0.09,4,0,nan
4493,0.998731255531311,100,0.69,0.14,0.17,0.48,0.21,1.812789158544408,0.07,4,0,nan
4495,0.983387291431427,100,0.68,0.14,0.18,0.39,0.29,1.890118646483771,0.08,3,0,nan
4496,0.9996025562286377,100,0.66,0.22,0.12,0.3,0.36,1.8993455543861928,0.09,4,0,nan
4497,0.9990490674972534,100,0.78,0.09,0.13,0.41,0.37,1.7534117091104489,0.14,6,2,nan
4504,0.997879683971405,100,0.71,0.19,0.1,0.29,0.42,1.830969346577632,0.12,4,0,nan
4506,0.9991161823272705,100,0.7,0.16,0.14,0.25,0.45,1.8385285598946255,0.11,4,0,nan
4510,0.9630575180053711,100,0.59,0.17,0.24,0.24,0.35,1.9529564504852739,0.08,4,0,nan
4514,0.9752169847488403,100,0.73,0.1,0.17,0.35,0.38,1.82733318623413,0.11,4,0,nan
4515,0.9971466660499573,100,0.77,0.11,0.12,0.48,0.29,1.7435267227049323,0.14,4,0,nan
4517,0.9541218876838684,100,0.84,0.11,0.05,0.36,0.48,1.6052673061148663,0.16,4,0,nan
4518,0.9924219250679016,100,0.74,0.09,0.17,0.56,0.18,1.6609890000204843,0.06,7,2,nan
4519,0.9989758133888245,100,0.66,0.2,0.14,0.25,0.41,1.8888805123720922,0.1,4,0,nan
4520,0.9972271919250488,100,0.79,0.08,0.13,0.29,0.5,1.6920564429420244,0.13,5,1,nan
4523,0.9886881113052368,100,0.7,0.16,0.14,0.42,0.28,1.859993804943452,0.1,4,0,nan
4528,0.9918617010116577,100,0.66,0.16,0.18,0.24,0.42,1.8881053717749516,0.09,4,0,nan
4547,0.9967769980430603,100,0.67,0.13,0.2,0.22,0.45,1.8460045579903512,0.12,4,0,nan
4550,0.9997657537460327,100,0.6,0.21,0.19,0.37,0.23,1.9464463082610794,0.08,5,1,nan
4553,0.9973294734954834,100,0.63,0.21,0.16,0.16,0.47,1.8308127707026953,0.06,4,0,nan
4554,0.9979541897773743,100,0.77,0.15,0.08,0.39,0.38,1.7623032799686074,0.16,4,0,nan
4557,0.9997166991233826,100,0.69,0.14,0.17,0.39,0.3,1.88258377363527,0.09,5,1,nan
4558,0.9686724543571472,100,0.65,0.16,0.19,0.21,0.44,1.8722133912364929,0.03,4,0,nan
4559,0.9986768364906311,100,0.68,0.09,0.23,0.34,0.34,1.858668957701573,0.11,3,0,nan
4561,0.9727067947387695,100,0.61,0.18,0.21,0.28,0.33,1.96017359316715,0.1,3,0,nan
4564,0.9983306527137756,100,0.65,0.14,0.21,0.45,0.2,1.8527203295772945,0.05,4,0,nan
4567,0.9875117540359497,100,0.65,0.16,0.19,0.42,0.23,1.8915573947602513,0.11,6,1,nan
4570,0.9859469532966614,100,0.64,0.18,0.18,0.35,0.29,1.9386196447377582,0.08,4,0,nan
4574,0.960703432559967,100,0.9,0.01,0.09,0.17,0.73,1.1451223286499463,0.13,5,6,nan
4577,0.9994135499000549,100,0.65,0.18,0.17,0.23,0.42,1.8932084390423585,0.07,5,1,nan
4578,0.9559653401374817,100,0.61,0.18,0.21,0.33,0.28,1.96017359316715,0.08,4,0,nan
4580,0.9888924360275269,100,0.56,0.23,0.21,0.24,0.32,1.9806592809249945,0.06,4,0,nan
4581,0.950550377368927,100,0.58,0.18,0.24,0.37,0.21,1.9429942852757798,0.06,6,2,nan
4585,0.9845796227455139,100,0.73,0.15,0.12,0.56,0.17,1.680639660982092,0.07,6,1,nan
4590,0.9994672536849976,100,0.59,0.21,0.2,0.27,0.32,1.973264286429576,0.07,3,0,nan
4591,0.9940330982208252,100,0.67,0.19,0.14,0.46,0.21,1.8404951145626134,0.04,5,1,nan
4592,0.9982627034187317,100,0.63,0.2,0.17,0.25,0.38,1.9294253852324508,0.09,4,0,nan
4595,0.9530687928199768,100,0.61,0.18,0.21,0.34,0.27,1.957326039122317,0.09,4,0,nan
4598,0.9821109175682068,100,0.65,0.14,0.21,0.45,0.2,1.8527203295772945,0.07,4,0,nan
4599,0.9856223464012146,100,0.74,0.17,0.09,0.36,0.38,1.808308801004564,0.09,5,1,nan
4601,0.9763501882553101,100,0.74,0.18,0.08,0.39,0.35,1.7967137682280936,0.14,3,0,nan
4603,0.9877363443374634,100,0.73,0.12,0.15,0.28,0.45,1.8102338288224256,0.15,3,0,nan
4604,0.9950414896011353,100,0.72,0.12,0.16,0.42,0.3,1.8368201934385513,0.17,4,0,nan
4606,0.9965190887451172,100,0.53,0.28,0.19,0.29,0.24,1.9814850952842409,0.04,3,0,nan
4607,0.9699957966804504,100,0.63,0.23,0.14,0.34,0.29,1.931855396181436,0.1,4,0,nan
4610,0.9959594011306763,100,0.76,0.12,0.12,0.32,0.44,1.7813152774012364,0.12,4,0,nan
4619,0.9652110934257507,100,0.7,0.12,0.18,0.22,0.48,1.8012172329822094,0.04,5,1,nan
4622,0.9981502890586853,100,0.7,0.11,0.19,0.51,0.19,1.756169332210597,0.07,4,0,nan
4628,0.9699532389640808,100,0.67,0.12,0.21,0.38,0.29,1.8882470872090877,0.09,4,0,nan
4639,0.9869039058685303,100,0.74,0.15,0.11,0.42,0.32,1.812511804816265,0.16,5,1,nan
4649,0.9995000958442688,100,0.8,0.06,0.14,0.26,0.54,1.6259751727584337,0.15,5,1,nan
4652,0.9808896780014038,100,0.68,0.17,0.15,0.52,0.16,1.7587252639875213,0.04,6,1,nan
4658,0.9743162989616394,100,0.66,0.16,0.18,0.33,0.33,1.9239695707385291,0.04,5,1,nan
4662,0.9863325357437134,100,0.72,0.07,0.21,0.44,0.28,1.776745396070613,0.1,5,1,nan
4665,0.9690583348274231,100,0.57,0.18,0.25,0.24,0.33,1.96726458251006,0.07,3,0,nan
4667,0.9769773483276367,100,0.83,0.09,0.08,0.49,0.34,1.6376177500033493,0.14,5,1,nan
4670,0.9985760450363159,100,0.66,0.2,0.14,0.25,0.41,1.8888805123720922,0.08,5,1,nan
4673,0.9987738132476807,100,0.65,0.2,0.15,0.18,0.47,1.8321937209078687,0.03,4,0,nan
4675,0.9732920527458191,100,0.81,0.14,0.05,0.42,0.39,1.6686499130189358,0.19,5,1,nan
4682,0.9997924566268921,100,0.75,0.16,0.09,0.43,0.32,1.7852690951230143,0.17,3,0,nan
4686,0.987201452255249,100,0.6,0.19,0.21,0.35,0.25,1.9581502000624844,0.1,3,0,nan
4688,0.9831399321556091,100,0.67,0.09,0.24,0.47,0.2,1.783129560205877,0.1,6,1,nan
4689,0.9524760842323303,100,0.79,0.09,0.12,0.31,0.48,1.7117845829922915,0.17,5,1,nan
4694,0.9891285300254822,100,0.75,0.12,0.13,0.24,0.51,1.7392756017513038,0.05,5,3,nan
4696,0.9951753616333008,100,0.7,0.18,0.12,0.35,0.35,1.8725760775670932,0.13,4,0,nan
4697,0.9812656044960022,100,0.66,0.13,0.21,0.37,0.29,1.9041001337631356,0.05,5,1,nan
4698,0.9981402158737183,100,0.61,0.17,0.22,0.24,0.37,1.940023805206173,0.1,3,0,nan
4699,0.9978305697441101,100,0.74,0.16,0.1,0.23,0.51,1.7383072059874127,0.1,5,1,nan
4701,0.9749510288238525,100,0.66,0.16,0.18,0.29,0.37,1.916957455645401,0.05,5,2,nan
4702,0.9925088286399841,100,0.77,0.07,0.16,0.36,0.41,1.7495720228180454,0.11,5,3,nan
4703,0.9700000286102295,100,0.66,0.24,0.1,0.2,0.46,1.8060482613492126,0.07,7,1,nan
4704,0.9986275434494019,100,0.66,0.09,0.25,0.35,0.31,1.866548980050566,0.08,4,0,nan
4705,0.9991571307182312,100,0.76,0.14,0.1,0.43,0.33,1.7806897872877323,0.15,4,0,nan
4707,0.9873552918434143,100,0.63,0.2,0.17,0.3,0.33,1.9478846497138493,0.12,4,0,nan
4708,0.9937705993652344,100,0.68,0.12,0.2,0.36,0.32,1.888102070191481,0.14,3,0,nan
4712,0.9922718405723572,100,0.71,0.14,0.15,0.39,0.32,1.8634860459891054,0.12,5,1,nan
4719,0.9721342325210571,100,0.78,0.09,0.13,0.42,0.36,1.751559458200263,0.12,6,1,nan
4720,0.9840131998062134,100,0.64,0.21,0.15,0.38,0.26,1.9191091598246608,0.08,4,0,nan
4722,0.9646391868591309,100,0.66,0.16,0.18,0.31,0.35,1.9222197773644392,0.07,4,0,nan
4723,0.9775633215904236,100,0.73,0.15,0.12,0.39,0.34,1.836582868965516,0.11,4,0,nan
4728,0.9910585284233093,100,0.62,0.19,0.19,0.29,0.33,1.9561791866908764,0.06,3,0,nan
4729,0.9795243740081787,100,0.55,0.24,0.21,0.1,0.45,1.8175518279810179,0.03,4,0,nan
4741,0.9571042060852051,100,0.75,0.08,0.17,0.38,0.37,1.787277306370893,0.11,4,0,nan
4743,0.9971410036087036,100,0.65,0.09,0.26,0.39,0.26,1.8530274208552717,0.08,7,1,nan
4744,0.9732882976531982,100,0.67,0.18,0.15,0.3,0.37,1.9076711762085634,0.08,3,0,nan
4751,0.9726815819740295,100,0.78,0.1,0.12,0.42,0.36,1.7555215621131381,0.18,5,1,nan
4753,0.9985336065292358,100,0.75,0.17,0.08,0.2,0.55,1.6648540453461316,0.07,5,1,nan
4757,0.9996404647827148,100,0.78,0.1,0.12,0.6,0.18,1.5867470225747224,0.1,5,1,nan
4761,0.997024416923523,100,0.66,0.15,0.19,0.3,0.36,1.9174761936773779,0.03,4,0,nan
4763,0.9958819150924683,100,0.55,0.25,0.2,0.18,0.37,1.9404222778112432,0.08,7,2,nan
4770,0.9928094744682312,100,0.8,0.1,0.1,0.38,0.42,1.7204847981216105,0.15,5,1,nan
4771,0.9827522039413452,100,0.73,0.13,0.14,0.28,0.45,1.8123760658038355,0.09,5,1,nan
4773,0.9746100902557373,100,0.7,0.17,0.13,0.49,0.21,1.7943358610038334,0.1,7,2,nan
4778,0.9807330369949341,100,0.7,0.15,0.15,0.42,0.28,1.8609563153489608,0.12,4,0,nan
4783,0.9909826517105103,100,0.67,0.19,0.14,0.17,0.5,1.7869234952324589,0.07,4,0,nan
4794,0.998788595199585,100,0.69,0.21,0.1,0.25,0.44,1.826162761858357,0.08,5,1,nan
4795,0.9911651611328125,100,0.56,0.18,0.26,0.38,0.18,1.9263564074302457,0.07,4,0,nan
4798,0.9568910598754883,100,0.49,0.31,0.2,0.4,0.09,1.8296052264925677,0.01,4,0,nan
4801,0.9849841594696045,100,0.62,0.24,0.14,0.31,0.31,1.9388337880737199,0.09,4,0,nan
4817,0.999709963798523,100,0.7,0.19,0.11,0.25,0.45,1.8239145433783062,0.12,5,1,nan
4819,0.9858169555664062,100,0.63,0.25,0.12,0.31,0.32,1.9168957860245732,0.13,4,0,nan
4821,0.9989945292472839,100,0.69,0.18,0.13,0.19,0.5,1.783178203715123,0.07,4,0,nan
4826,0.9964787364006042,100,0.75,0.1,0.15,0.52,0.23,1.72098188761823,0.05,6,2,nan
4832,0.9943586587905884,100,0.6,0.28,0.12,0.29,0.31,1.9229859667051294,0.09,4,0,nan
4836,0.9888713955879211,100,0.81,0.09,0.1,0.35,0.46,1.6902825744392163,0.1,7,2,nan
4838,0.9997438788414001,100,0.68,0.13,0.19,0.41,0.27,1.8752768513845506,0.06,5,1,nan
4839,0.9620442986488342,100,0.61,0.21,0.18,0.35,0.26,1.9535196480841466,0.03,3,0,nan
4841,0.9993411898612976,100,0.75,0.16,0.09,0.33,0.42,1.7891395626895474,0.09,5,1,nan
4844,0.9996366500854492,100,0.78,0.12,0.1,0.37,0.41,1.7573738130233236,0.17,5,1,nan
4846,0.9533022046089172,100,0.67,0.18,0.15,0.31,0.36,1.910262243434667,0.1,5,1,nan
4849,0.9986592531204224,100,0.6,0.22,0.18,0.28,0.32,1.966135355238774,0.11,4,0,nan
4851,0.997991144657135,100,0.67,0.18,0.15,0.39,0.28,1.8998698566414245,0.12,3,0,nan
4854,0.99913090467453,100,0.63,0.11,0.26,0.35,0.28,1.8998959509010709,0.08,5,1,nan
4857,0.999022364616394,100,0.71,0.15,0.14,0.36,0.35,1.8683708548954119,0.09,4,0,nan
4859,0.9946578145027161,100,0.71,0.14,0.15,0.48,0.23,1.8035916611061145,0.12,4,0,nan
4860,0.9976133108139038,100,0.78,0.04,0.18,0.2,0.58,1.5512550933636442,0.05,5,3,nan
4865,0.98100346326828,100,0.81,0.09,0.1,0.28,0.53,1.6445129110615555,0.15,11,1,nan
4880,0.9970603585243225,100,0.67,0.24,0.09,0.27,0.4,1.8455810759327576,0.11,4,0,nan
4881,0.977752149105072,100,0.77,0.15,0.08,0.37,0.4,1.7615536171957906,0.19,3,0,nan
4892,0.9582214951515198,100,0.7,0.15,0.15,0.43,0.27,1.8546755409861306,0.04,5,1,nan
4893,0.986802875995636,100,0.61,0.27,0.12,0.25,0.36,1.9077040161411358,0.11,4,0,nan
4896,0.9972735643386841,100,0.66,0.18,0.16,0.38,0.28,1.9129978562304168,0.06,4,0,nan
4898,0.9983795881271362,100,0.65,0.26,0.09,0.25,0.4,1.8467133275296064,0.12,3,0,nan
4906,0.9771648049354553,100,0.6,0.12,0.28,0.42,0.18,1.8522414936853613,0.07,6,2,nan
4909,0.9997989535331726,100,0.84,0.13,0.03,0.28,0.56,1.5170720168663605,0.16,4,0,nan
4916,0.987738847732544,100,0.77,0.12,0.11,0.31,0.46,1.7564838556319258,0.12,4,0,nan
4919,0.9942416548728943,100,0.56,0.2,0.24,0.33,0.23,1.9740102613427721,0.05,3,0,nan
4928,0.9964516758918762,100,0.62,0.23,0.15,0.34,0.28,1.9416066063390895,0.11,4,0,nan
4929,0.9939534664154053,100,0.76,0.12,0.12,0.45,0.31,1.7763304400333624,0.12,4,0,nan
4936,0.9989380240440369,100,0.67,0.23,0.1,0.27,0.4,1.858653266853794,0.07,5,1,nan
4941,0.9501517415046692,100,0.7,0.24,0.06,0.25,0.45,1.7560694987663432,0.07,6,1,nan
4948,0.9996713995933533,100,0.7,0.16,0.14,0.48,0.22,1.8089695442402998,0.09,5,1,nan
4952,0.997605562210083,100,0.7,0.08,0.22,0.45,0.25,1.7904832928824845,0.08,5,1,nan
4958,0.9974832534790039,100,0.6,0.2,0.2,0.21,0.39,1.931391427679963,0.05,3,0,nan
4963,0.9805504083633423,100,0.57,0.21,0.22,0.34,0.23,1.9702379589727514,0.07,5,1,nan
4966,0.9993574023246765,100,0.76,0.12,0.12,0.57,0.19,1.6516116539734633,0.1,5,1,nan
4967,0.9961409568786621,100,0.69,0.14,0.17,0.38,0.31,1.8859445063456084,0.06,4,0,nan
4973,0.9831917881965637,100,0.7,0.18,0.12,0.55,0.15,1.6972927576487291,0.04,5,3,nan
4976,0.9799495339393616,100,0.74,0.11,0.15,0.32,0.42,1.812511804816265,0.12,5,2,nan
4979,0.9936631917953491,100,0.71,0.18,0.11,0.18,0.53,1.726347870286894,0.04,5,2,nan
4981,0.9955019354820251,100,0.74,0.11,0.15,0.32,0.42,1.812511804816265,0.1,4,0,nan
4984,0.9928438663482666,100,0.71,0.1,0.19,0.21,0.5,1.7602423990608052,0.07,5,1,nan
4996,0.9961711168289185,100,0.68,0.15,0.17,0.26,0.42,1.876066273137126,0.11,5,1,nan
4998,0.9747441411018372,100,0.64,0.19,0.17,0.23,0.41,1.9048657074213584,0.08,4,0,nan
5000,0.9983852505683899,100,0.64,0.14,0.22,0.34,0.3,1.9279469998787842,0.11,4,0,nan
5004,0.9716727137565613,100,0.72,0.2,0.08,0.24,0.48,1.7582975702780197,0.08,4,0,nan
5007,0.9987178444862366,100,0.75,0.09,0.16,0.49,0.26,1.7452407893117805,0.13,4,0,nan
5012,0.9963439702987671,100,0.63,0.17,0.2,0.37,0.26,1.934989815785299,0.09,5,1,nan
5013,0.9855428338050842,100,0.62,0.19,0.19,0.44,0.18,1.8769073222061352,0.08,5,2,nan
5015,0.9615567922592163,100,0.69,0.08,0.23,0.42,0.27,1.814843996730396,0.04,4,0,nan
5017,0.9951720237731934,100,0.67,0.14,0.19,0.21,0.46,1.8404951145626134,0.05,5,1,nan
5021,0.9990044832229614,100,0.7,0.16,0.14,0.41,0.29,1.8654156902062498,0.04,5,2,nan
5023,0.9709466099739075,100,0.73,0.16,0.11,0.22,0.51,1.749306831218954,0.04,4,0,nan
5024,0.9513887763023376,100,0.64,0.19,0.17,0.35,0.29,1.9378177346901515,0.06,4,0,nan
5028,0.985282838344574,100,0.64,0.21,0.15,0.29,0.35,1.931372397132173,0.06,4,0,nan
5030,0.9931056499481201,100,0.8,0.1,0.1,0.43,0.37,1.7186789809926388,0.2,4,0,nan
5041,0.9971710443496704,100,0.54,0.14,0.32,0.34,0.2,1.9167035156840724,0.04,5,1,nan
5044,0.9979104399681091,100,0.69,0.14,0.17,0.24,0.45,1.8442329241526716,0.03,5,1,nan
5054,0.9982557892799377,100,0.73,0.11,0.16,0.47,0.26,1.7905476247194485,0.11,4,0,nan
5055,0.9847943186759949,100,0.61,0.17,0.22,0.38,0.23,1.9332808456602864,0.05,4,0,nan
5056,0.9995306730270386,100,0.72,0.11,0.17,0.19,0.53,1.7255459602392875,0.05,5,2,nan
5058,0.9653675556182861,100,0.63,0.17,0.2,0.35,0.28,1.9432934536778272,0.09,3,0,nan
5059,0.9979780912399292,100,0.75,0.14,0.11,0.17,0.58,1.637791362450008,0.06,4,0,nan
5061,0.9602434039115906,100,0.78,0.08,0.14,0.41,0.37,1.7467324335105343,0.18,5,2,nan
5063,0.9800083637237549,100,0.71,0.2,0.09,0.21,0.5,1.749862566996542,0.07,4,0,nan
5068,0.9532861113548279,100,0.62,0.15,0.23,0.18,0.44,1.864666938080307,0.05,4,0,nan
5070,0.9952282309532166,100,0.84,0.1,0.06,0.59,0.25,1.5248421836755515,0.13,6,2,nan
5071,0.991863489151001,100,0.63,0.15,0.22,0.38,0.25,1.9215711417809977,0.08,4,0,nan
5072,0.9916017055511475,100,0.65,0.25,0.1,0.38,0.27,1.8726672521496084,0.09,4,0,nan
5073,0.9981554746627808,100,0.7,0.13,0.17,0.26,0.44,1.8436661044867302,0.08,4,0,nan
5076,0.9891135096549988,100,0.57,0.17,0.26,0.4,0.17,1.9032332590779801,0.03,4,0,nan
5078,0.9942212104797363,100,0.6,0.07,0.33,0.36,0.24,1.8211272851500926,0.06,3,0,nan
5079,0.996649980545044,100,0.68,0.14,0.18,0.2,0.48,1.8150723811034164,0.05,4,0,nan
5088,0.9767013788223267,100,0.8,0.1,0.1,0.36,0.44,1.7161476580776092,0.11,6,1,nan
5092,0.9845263361930847,100,0.74,0.2,0.06,0.29,0.45,1.7442244388186334,0.07,4,0,nan
5094,0.9981725811958313,100,0.64,0.19,0.17,0.37,0.27,1.930563908341038,0.06,5,1,nan
5095,0.9879202842712402,100,0.73,0.14,0.13,0.3,0.43,1.8244083141238607,0.08,6,2,nan
5096,0.9544994235038757,100,0.7,0.15,0.15,0.28,0.42,1.8609563153489606,0.08,4,0,nan
5097,0.9854397177696228,100,0.81,0.11,0.08,0.43,0.38,1.6958124120941573,0.09,7,2,nan
5101,0.9993331432342529,100,0.79,0.13,0.08,0.35,0.44,1.7254000582852336,0.17,5,2,nan
5103,0.9914103746414185,100,0.72,0.13,0.15,0.24,0.48,1.7955924365558724,0.12,4,0,nan
5105,0.9995723366737366,100,0.82,0.09,0.09,0.44,0.38,1.6769073222061353,0.15,5,2,nan
5108,0.9571353793144226,100,0.78,0.1,0.12,0.5,0.28,1.7134804071359582,0.1,4,0,nan
5110,0.9808579087257385,100,0.69,0.11,0.2,0.51,0.18,1.7554096680820706,0.05,5,1,nan
5111,0.9527822732925415,100,0.66,0.13,0.21,0.48,0.18,1.8090438670270719,0.05,4,0,nan
5112,0.9935560822486877,100,0.68,0.17,0.15,0.5,0.18,1.7904393222739106,0.04,4,0,nan
5115,0.9982843399047852,100,0.66,0.13,0.21,0.34,0.32,1.9106750016077276,0.12,4,0,nan
5131,0.9879676103591919,100,0.81,0.11,0.08,0.42,0.39,1.697238528801266,0.19,3,0,nan
5133,0.9947036504745483,100,0.67,0.18,0.15,0.44,0.23,1.8646669380803071,0.08,4,0,nan
5135,0.9942064881324768,100,0.67,0.22,0.11,0.21,0.46,1.819018597054651,0.1,6,1,nan
5137,0.9994741678237915,100,0.63,0.21,0.16,0.28,0.35,1.9401610968843177,0.1,4,0,nan
5139,0.9918360710144043,100,0.59,0.2,0.21,0.17,0.42,1.8974419114340755,0.03,3,0,nan
5159,0.993760347366333,100,0.65,0.21,0.14,0.2,0.45,1.8527203295772945,0.03,4,0,nan
5164,0.9941543340682983,100,0.81,0.08,0.11,0.37,0.44,1.6936710542414999,0.15,5,2,nan
5166,0.9851990342140198,100,0.6,0.15,0.25,0.34,0.26,1.9450068602479664,0.06,5,1,nan
5167,0.9686726331710815,100,0.78,0.07,0.15,0.31,0.47,1.7148501393809936,0.14,4,0,nan
5171,0.9995123744010925,100,0.76,0.16,0.08,0.39,0.37,1.7750515791357362,0.13,4,0,nan
5173,0.9600992798805237,100,0.64,0.22,0.14,0.44,0.2,1.8632160134085716,0.12,2,0,nan
5179,0.9833284616470337,100,0.74,0.0,0.26,0.59,0.15,1.3649488745932765,0.11,3,0,nan
5184,0.9972434043884277,100,0.81,0.12,0.07,0.26,0.55,1.6152836759889069,0.15,5,1,nan
5211,0.9734845757484436,100,0.61,0.24,0.15,0.34,0.27,1.9438746086511176,0.07,5,1,nan
5213,0.9988558292388916,100,0.75,0.05,0.2,0.47,0.28,1.7066580275882652,0.15,7,1,nan
5214,0.9869145750999451,100,0.72,0.15,0.13,0.18,0.54,1.7185396856472157,0.11,5,1,nan
5221,0.9999294281005859,100,0.69,0.18,0.13,0.32,0.37,1.884714780874055,0.13,3,0,nan
5229,0.9685733318328857,100,0.59,0.22,0.19,0.29,0.3,1.9747933388506866,0.06,5,1,nan
5230,0.996915340423584,100,0.75,0.12,0.13,0.22,0.53,1.715730729311143,0.1,5,3,nan
5231,0.9871677160263062,100,0.72,0.13,0.15,0.6,0.12,1.6024355796234553,0.06,5,5,nan
5234,0.9827187657356262,100,0.87,0.08,0.05,0.32,0.55,1.5080119425917935,0.21,4,0,nan
5236,0.9741896986961365,100,0.69,0.15,0.16,0.35,0.34,1.8928361784775936,0.1,5,1,nan
5244,0.9997974038124084,100,0.72,0.12,0.16,0.55,0.17,1.6990441642370653,0.06,4,0,nan
5246,0.9909669160842896,100,0.66,0.12,0.22,0.15,0.51,1.75361521984124,0.05,5,1,nan
5249,0.9682130217552185,100,0.67,0.19,0.14,0.32,0.35,1.9084712172016407,0.07,4,0,nan
5251,0.9985349774360657,100,0.74,0.2,0.06,0.21,0.53,1.6661883210519475,0.1,4,0,nan
5254,0.9810104370117188,100,0.53,0.29,0.18,0.3,0.23,1.971968772352444,0.04,5,1,nan
5256,0.9938265681266785,100,0.6,0.29,0.11,0.21,0.39,1.8708106989978095,0.06,4,0,nan
5257,0.999683141708374,100,0.72,0.12,0.16,0.29,0.43,1.8315523565792877,0.1,5,1,nan
5258,0.9921503663063049,100,0.63,0.21,0.16,0.24,0.39,1.9197716654618309,0.09,5,1,nan
5262,0.9934709668159485,100,0.73,0.11,0.16,0.54,0.19,1.7085732330020678,0.09,5,1,nan
5266,0.9970716834068298,100,0.69,0.14,0.17,0.39,0.3,1.88258377363527,0.1,5,1,nan
5268,0.9554508924484253,100,0.79,0.07,0.14,0.43,0.36,1.7198448111014932,0.12,5,2,nan
5270,0.988444447517395,100,0.73,0.16,0.11,0.28,0.45,1.8059254402001392,0.14,5,1,nan
5281,0.9715515971183777,100,0.7,0.15,0.15,0.24,0.46,1.8305595111328656,0.13,4,0,nan
5286,0.9516357779502869,100,0.65,0.27,0.08,0.12,0.53,1.6540432231855537,0.02,7,1,nan
5290,0.9968798756599426,100,0.75,0.11,0.14,0.43,0.32,1.7969951781146554,0.14,5,1,nan
5293,0.9988864660263062,100,0.61,0.22,0.17,0.22,0.39,1.9255307292054793,0.07,4,0,nan
5294,0.9920057058334351,100,0.77,0.08,0.15,0.29,0.48,1.728226111500296,0.13,4,0,nan
5298,0.9991003274917603,100,0.73,0.19,0.08,0.22,0.51,1.7227380817147753,0.1,4,0,nan
5302,0.9999346733093262,100,0.8,0.05,0.15,0.63,0.17,1.4811711608715736,0.11,5,1,nan
5304,0.9989470839500427,100,0.69,0.11,0.2,0.41,0.28,1.8562773926776062,0.09,4,0,nan
5306,0.9937539100646973,100,0.72,0.1,0.18,0.5,0.22,1.7580738290388045,0.09,4,0,nan
5307,0.9573972225189209,100,0.53,0.26,0.21,0.19,0.34,1.9625116106951046,0.04,5,1,nan
5308,0.9932195544242859,100,0.67,0.15,0.18,0.34,0.33,1.9128486747604256,0.09,4,0,nan
5310,0.9945114850997925,100,0.62,0.16,0.22,0.29,0.33,1.9493166856992337,0.07,4,0,nan
5311,0.9948062300682068,100,0.79,0.11,0.1,0.24,0.55,1.6509870596242455,0.11,5,1,nan
5312,0.9998227953910828,100,0.74,0.18,0.08,0.3,0.44,1.7790525986321422,0.11,5,2,nan
5320,0.9682855010032654,100,0.63,0.14,0.23,0.48,0.15,1.8035916611061145,0.02,5,1,nan
5323,0.9942083358764648,100,0.76,0.22,0.02,0.28,0.48,1.6159398551522353,0.08,4,0,nan
5326,0.9996764063835144,100,0.75,0.15,0.1,0.56,0.19,1.6664048070381712,0.04,4,0,nan
5327,0.995233952999115,100,0.71,0.09,0.2,0.5,0.21,1.7498625669965422,0.08,4,0,nan
5328,0.9945191144943237,100,0.63,0.21,0.16,0.31,0.32,1.9456686747712535,0.09,4,0,nan
5329,0.9703676700592041,100,0.64,0.19,0.17,0.3,0.34,1.9400767345002148,0.1,4,0,nan
5336,0.9855533242225647,100,0.63,0.29,0.08,0.26,0.37,1.8454296291883332,0.09,4,0,nan
5339,0.9878609776496887,100,0.59,0.16,0.25,0.32,0.27,1.9590725167469072,0.03,4,0,nan
5340,0.9986365437507629,100,0.76,0.12,0.12,0.44,0.32,1.7813152774012364,0.12,4,0,nan
5341,0.973212480545044,100,0.66,0.16,0.18,0.28,0.38,1.9129978562304168,0.08,4,0,nan
5346,0.956977903842926,100,0.76,0.15,0.09,0.57,0.19,1.6406758146754548,0.02,5,1,nan
5347,0.9610674977302551,100,0.62,0.24,0.14,0.3,0.32,1.9383683218310273,0.05,5,1,nan
5352,0.9936473369598389,100,0.58,0.24,0.18,0.18,0.4,1.9135209511274698,0.03,4,0,nan
5357,0.9580605626106262,100,0.64,0.15,0.21,0.26,0.38,1.9191091598246608,0.03,5,1,nan
5361,0.9993061423301697,100,0.67,0.21,0.12,0.22,0.45,1.8388651814560872,0.08,4,0,nan
5362,0.9975307583808899,100,0.77,0.06,0.17,0.45,0.32,1.7225558633705442,0.11,4,0,nan
5363,0.9980692267417908,100,0.62,0.2,0.18,0.31,0.31,1.957282358097773,0.07,3,0,nan
5367,0.997184693813324,100,0.69,0.18,0.13,0.17,0.52,1.7531151897108408,0.05,5,1,nan
5369,0.9996019005775452,100,0.69,0.17,0.14,0.47,0.22,1.8242261012854075,0.09,5,1,nan
5372,0.9920848608016968,100,0.62,0.11,0.27,0.44,0.18,1.8267626736804585,0.05,5,1,nan
5375,0.9911875128746033,100,0.63,0.18,0.19,0.41,0.22,1.9084921839672075,0.07,4,0,nan
5382,0.9965601563453674,100,0.71,0.08,0.21,0.5,0.21,1.7371547773202831,0.05,6,3,nan
5388,0.9565845727920532,100,0.68,0.14,0.18,0.39,0.29,1.890118646483771,0.09,6,2,nan
5389,0.998948335647583,100,0.66,0.16,0.18,0.37,0.29,1.9169574556454012,0.12,4,0,nan
5390,0.9971880316734314,100,0.58,0.19,0.23,0.22,0.36,1.9540827557078928,0.06,4,0,nan
5396,0.9908026456832886,100,0.61,0.19,0.2,0.35,0.26,1.9550009605955487,0.06,5,1,nan
5397,0.9988484382629395,100,0.62,0.15,0.23,0.38,0.24,1.922799895258694,0.12,4,0,nan
5404,0.996881365776062,100,0.89,0.04,0.07,0.36,0.53,1.4703705037929644,0.16,5,4,nan
5413,0.9955689311027527,100,0.59,0.17,0.24,0.22,0.37,1.940023805206173,0.07,4,0,nan
5414,0.9570552110671997,100,0.58,0.17,0.25,0.45,0.13,1.8356324026117903,0.04,5,1,nan
5419,0.9992623329162598,100,0.71,0.13,0.16,0.23,0.48,1.801597776177115,0.04,5,1,nan
5425,0.9981657266616821,100,0.57,0.22,0.21,0.26,0.31,1.9824793919543642,0.12,3,0,nan
5426,0.9940342903137207,100,0.6,0.21,0.19,0.33,0.27,1.9658936184644775,0.05,5,1,nan
5428,0.9937247633934021,100,0.68,0.19,0.13,0.2,0.48,1.810525179538474,0.06,5,1,nan
5432,0.9933294653892517,100,0.67,0.12,0.21,0.39,0.28,1.8839077873722403,0.09,4,0,nan
5446,0.9964799284934998,100,0.6,0.17,0.23,0.45,0.15,1.8512007741794227,0.03,4,0,nan
5451,0.9971802234649658,100,0.69,0.15,0.16,0.36,0.33,1.891999540525925,0.1,5,1,nan
5456,0.9994843006134033,100,0.68,0.15,0.17,0.29,0.39,1.8928325634776164,0.1,4,0,nan
5460,0.9756298661231995,100,0.7,0.17,0.13,0.36,0.34,1.877019976859477,0.14,3,0,nan
5462,0.9925100207328796,100,0.64,0.16,0.2,0.35,0.29,1.935407026279518,0.05,4,0,nan
5464,0.9973958730697632,100,0.66,0.24,0.1,0.23,0.43,1.8375592856978962,0.08,6,1,nan
5467,0.9964317083358765,100,0.64,0.13,0.23,0.43,0.21,1.8666992732178282,0.05,4,0,nan
5469,0.9895200729370117,100,0.69,0.12,0.19,0.28,0.41,1.8638987620643612,0.09,4,0,nan
5472,0.9639764428138733,100,0.51,0.28,0.21,0.28,0.23,1.988931524745814,0.04,4,0,nan
5476,0.9989391565322876,100,0.55,0.26,0.19,0.23,0.32,1.9742163856106467,0.06,5,1,nan
5484,0.9956594705581665,100,0.71,0.17,0.12,0.3,0.41,1.8501285060996584,0.06,5,1,nan
5487,0.9986422657966614,100,0.73,0.15,0.12,0.32,0.41,1.8310307784534938,0.15,4,0,nan
5489,0.9984437823295593,100,0.71,0.16,0.13,0.44,0.27,1.8368294886318355,0.08,5,1,nan
5492,0.9995883107185364,100,0.76,0.08,0.16,0.34,0.42,1.76934550618253,0.19,4,0,nan
5495,0.9934781789779663,100,0.57,0.25,0.18,0.31,0.26,1.9743904591348118,0.03,5,2,nan
5496,0.9978715181350708,100,0.84,0.1,0.06,0.36,0.48,1.6146106293773315,0.13,6,2,nan
5497,0.9958223104476929,100,0.56,0.24,0.2,0.23,0.33,1.9740102613427721,0.04,3,0,nan
5498,0.9873828887939453,100,0.56,0.13,0.31,0.26,0.3,1.9328166647972118,0.08,4,0,nan
5501,0.9971739649772644,100,0.71,0.08,0.21,0.36,0.35,1.8250474745412144,0.12,4,0,nan
5510,0.9995701909065247,100,0.61,0.27,0.12,0.21,0.4,1.8786831673655646,0.08,4,0,nan
5514,0.9886316657066345,100,0.73,0.16,0.11,0.3,0.43,1.8179576885201643,0.11,5,1,nan
5517,0.9561736583709717,100,0.6,0.15,0.25,0.34,0.26,1.9450068602479664,0.06,3,0,nan
5519,0.9953898191452026,100,0.79,0.09,0.12,0.48,0.31,1.7117845829922915,0.14,5,1,nan
5520,0.9989967942237854,100,0.68,0.09,0.23,0.5,0.18,1.745629094604825,0.04,5,1,nan
5521,0.9925350546836853,100,0.56,0.21,0.23,0.33,0.23,1.9759809718166694,0.05,4,0,nan
5523,0.9970408082008362,100,0.81,0.08,0.11,0.51,0.3,1.6583146086366036,0.16,11,1,nan
5527,0.9946342706680298,100,0.62,0.27,0.11,0.32,0.3,1.90743190745793,0.09,4,0,nan
5530,0.9951923489570618,100,0.67,0.18,0.15,0.46,0.21,1.844010941604065,0.09,5,1,nan
5532,0.9964027404785156,100,0.65,0.24,0.11,0.22,0.43,1.848558910929437,0.09,4,0,nan
5536,0.9769578576087952,100,0.74,0.15,0.11,0.22,0.52,1.7319815128497709,0.07,4,0,nan
5539,0.995303750038147,100,0.74,0.14,0.12,0.23,0.51,1.7472748263015458,0.11,4,0,nan
5542,0.9978784918785095,100,0.71,0.16,0.13,0.42,0.29,1.8492112202623077,0.08,6,2,nan
5547,0.9989603161811829,100,0.69,0.2,0.11,0.41,0.28,1.8562773926776062,0.11,3,0,nan
5549,0.9989886283874512,100,0.69,0.09,0.22,0.48,0.21,1.7743193244150166,0.09,4,0,nan
5552,0.9737038612365723,100,0.66,0.26,0.08,0.19,0.47,1.7639788752152699,0.07,4,0,nan
5567,0.9693428874015808,100,0.71,0.13,0.16,0.6,0.11,1.5981271910011692,0.07,5,3,nan
5569,0.9964021444320679,100,0.79,0.12,0.09,0.31,0.48,1.7117845829922915,0.14,5,1,nan
5577,0.9987052083015442,100,0.66,0.1,0.24,0.44,0.22,1.828047511812295,0.07,6,1,nan
5579,0.9859257936477661,100,0.78,0.09,0.13,0.37,0.41,1.7534117091104489,0.15,5,1,nan
5580,0.9862015247344971,100,0.72,0.15,0.13,0.49,0.23,1.78513836356554,0.1,4,0,nan
5581,0.991759181022644,100,0.53,0.24,0.23,0.34,0.19,1.9662023461291378,0.04,4,0,nan
5582,0.959313154220581,100,0.68,0.2,0.12,0.32,0.36,1.888102070191481,0.09,4,0,nan
5583,0.9935805201530457,100,0.69,0.09,0.22,0.49,0.2,1.7618945409507867,0.09,4,0,nan
5586,0.9990420937538147,100,0.72,0.19,0.09,0.34,0.38,1.8275068909569574,0.12,4,0,nan
5587,0.9990605711936951,100,0.64,0.16,0.2,0.42,0.22,1.8936222971299674,0.07,5,3,nan
5597,0.9957164525985718,100,0.71,0.14,0.15,0.27,0.44,1.8388233735608353,0.05,5,1,nan
5598,0.9864324331283569,100,0.73,0.14,0.13,0.39,0.34,1.838725105946926,0.15,5,1,nan
5600,0.9888221025466919,100,0.67,0.18,0.15,0.27,0.4,1.8946452366347493,0.09,5,1,nan
5601,0.9931724667549133,100,0.65,0.13,0.22,0.29,0.36,1.911736581209949,0.07,4,0,nan
5609,0.9923732280731201,100,0.72,0.19,0.09,0.22,0.5,1.7484536611030674,0.13,4,0,nan
5611,0.9559295773506165,100,0.8,0.06,0.14,0.51,0.29,1.6539773376509321,0.09,6,1,nan
5613,0.9965642094612122,100,0.71,0.13,0.16,0.44,0.27,1.8368294886318355,0.14,4,0,nan
5616,0.9560967087745667,100,0.79,0.12,0.09,0.38,0.41,1.7375586625564008,0.14,5,1,nan
5618,0.9741566181182861,100,0.55,0.18,0.27,0.21,0.34,1.957326039122317,0.06,5,1,nan
5620,0.9951277375221252,100,0.79,0.08,0.13,0.3,0.49,1.699524024117375,0.16,6,1,nan
5623,0.9868127703666687,100,0.77,0.14,0.09,0.23,0.54,1.6774747494954663,0.13,5,1,nan
5627,0.9978219270706177,100,0.77,0.13,0.1,0.49,0.28,1.7333390151350654,0.12,5,1,nan
5635,0.9993311166763306,100,0.82,0.1,0.08,0.54,0.28,1.6179647509415862,0.13,5,1,nan
5636,0.9995429515838623,100,0.72,0.16,0.12,0.24,0.48,1.7924876891689534,0.1,4,0,nan
5638,0.9947125911712646,100,0.71,0.18,0.11,0.22,0.49,1.7804494317483484,0.09,5,1,nan
5654,0.9556664228439331,100,0.67,0.16,0.17,0.38,0.29,1.9059605630666085,0.09,5,1,nan
5655,0.998775839805603,100,0.74,0.09,0.17,0.43,0.31,1.7945995558905254,0.11,4,0,nan
5662,0.9979272484779358,100,0.78,0.09,0.13,0.41,0.37,1.7534117091104489,0.16,5,1,nan
5665,0.9964594841003418,100,0.69,0.17,0.14,0.34,0.35,1.8909713957182492,0.1,4,0,nan
5670,0.992302656173706,100,0.74,0.16,0.1,0.13,0.61,1.5728564410142858,0.08,5,4,nan
5671,0.9977795481681824,100,0.85,0.09,0.06,0.57,0.28,1.5326585033516154,0.15,6,1,nan
5672,0.9994789361953735,100,0.82,0.07,0.11,0.61,0.21,1.5266674324836895,0.07,6,1,nan
5673,0.9933756589889526,100,0.59,0.19,0.22,0.32,0.27,1.9718553805361017,0.06,5,1,nan
5681,0.9968879222869873,100,0.68,0.19,0.13,0.17,0.51,1.767887191444081,0.05,5,1,nan
5685,0.97771155834198,100,0.73,0.12,0.15,0.34,0.39,1.836582868965516,0.11,4,0,nan
5686,0.9835792779922485,100,0.7,0.15,0.15,0.24,0.46,1.8305595111328656,0.1,4,0,nan
5688,0.9988106489181519,100,0.71,0.21,0.08,0.21,0.5,1.7371547773202831,0.05,6,3,nan
5692,0.983441948890686,100,0.61,0.14,0.25,0.36,0.25,1.9277254052800652,0.1,3,0,nan
5696,0.9922767877578735,100,0.72,0.15,0.13,0.27,0.45,1.821611918142615,0.13,4,0,nan
5699,0.9845241904258728,100,0.68,0.18,0.14,0.24,0.44,1.8576990880535558,0.09,3,0,nan
5700,0.9990702867507935,100,0.81,0.11,0.08,0.53,0.28,1.6414614926299973,0.13,5,5,nan
5703,0.9688106179237366,100,0.68,0.15,0.17,0.38,0.3,1.8966742836297712,0.14,3,0,nan
5704,0.9772178530693054,100,0.57,0.31,0.12,0.13,0.44,1.794652757909502,0.03,4,0,nan
5707,0.9958975315093994,100,0.67,0.21,0.12,0.3,0.37,1.8917091069393792,0.07,4,0,nan
5715,0.9676042199134827,100,0.79,0.08,0.13,0.28,0.51,1.6838027238347908,0.06,6,1,nan
5718,0.9795734882354736,100,0.73,0.14,0.13,0.32,0.41,1.8331730154349035,0.13,4,0,nan
5720,0.9893800616264343,100,0.64,0.17,0.19,0.43,0.21,1.886200775902444,0.07,4,0,nan
5725,0.9924627542495728,100,0.69,0.1,0.21,0.5,0.19,1.7602423990608054,0.1,5,1,nan
5731,0.9991227984428406,100,0.67,0.14,0.19,0.39,0.28,1.896354029599973,0.09,5,1,nan
5732,0.999073326587677,100,0.67,0.23,0.1,0.28,0.39,1.8638778868604695,0.11,4,0,nan
5735,0.9841131567955017,100,0.73,0.15,0.12,0.16,0.57,1.6628797922730054,0.08,4,0,nan
5736,0.9778282046318054,100,0.67,0.15,0.18,0.35,0.32,1.9119870442430922,0.11,4,0,nan
5738,0.9945803284645081,100,0.61,0.18,0.21,0.4,0.21,1.919725133993084,0.01,4,0,nan
5741,0.9874089360237122,100,0.61,0.23,0.16,0.29,0.32,1.9546224512946155,0.07,4,0,nan
5742,0.9867414832115173,100,0.58,0.18,0.24,0.33,0.25,1.96726458251006,0.07,3,0,nan
5744,0.9993330240249634,100,0.77,0.12,0.11,0.2,0.57,1.643990284586708,0.07,5,3,nan
5745,0.9905824661254883,100,0.69,0.15,0.16,0.37,0.32,1.8903248551507352,0.1,4,0,nan
5746,0.9658739566802979,100,0.71,0.14,0.15,0.38,0.33,1.8659303968485301,0.14,4,0,nan
5755,0.998957097530365,100,0.75,0.19,0.06,0.57,0.18,1.606318403843655,0.05,5,2,nan
5757,0.9994908571243286,100,0.77,0.18,0.05,0.32,0.45,1.7058393914223866,0.17,4,0,nan
5760,0.9989452958106995,100,0.5,0.2,0.3,0.27,0.23,1.9831645166374472,0.04,5,1,nan
5765,0.9634690284729004,100,0.69,0.2,0.11,0.27,0.42,1.850340149595934,0.04,5,1,nan
5767,0.9696763753890991,100,0.7,0.2,0.1,0.34,0.36,1.8563673947641681,0.08,5,1,nan
5770,0.9825083613395691,100,0.65,0.16,0.19,0.12,0.53,1.730756621215409,0.01,4,0,nan
5772,0.9588103890419006,100,0.71,0.16,0.13,0.44,0.27,1.8368294886318355,0.1,5,1,nan
5775,0.9731961488723755,100,0.75,0.14,0.11,0.31,0.44,1.7923382542162152,0.09,8,1,nan
5778,0.999604344367981,100,0.81,0.08,0.11,0.42,0.39,1.697238528801266,0.16,4,0,nan
5782,0.9864702224731445,100,0.62,0.15,0.23,0.35,0.27,1.9383346690254595,0.05,4,0,nan
5783,0.9798785448074341,100,0.69,0.17,0.14,0.28,0.41,1.8733021176045588,0.11,4,0,nan
5784,0.9992659687995911,100,0.7,0.23,0.07,0.26,0.44,1.7826578564204847,0.08,4,0,nan
5787,0.984248697757721,100,0.58,0.28,0.14,0.13,0.45,1.8123760658038355,0.04,4,0,nan
5790,0.9965656399726868,100,0.65,0.18,0.17,0.23,0.42,1.8932084390423585,0.04,4,0,nan
5793,0.993971049785614,100,0.75,0.1,0.15,0.48,0.27,1.7610281650144193,0.11,5,2,nan
5798,0.9991012811660767,100,0.76,0.13,0.11,0.34,0.42,1.7877508647740856,0.14,4,0,nan
5802,0.9813860058784485,100,0.64,0.17,0.19,0.45,0.19,1.863441158305251,0.09,5,2,nan
5808,0.9759128093719482,100,0.63,0.17,0.2,0.39,0.24,1.9229040222553402,0.04,4,0,nan
5809,0.9959290027618408,100,0.56,0.18,0.26,0.27,0.29,1.978521248627292,0.06,4,0,nan
5812,0.9931249618530273,100,0.69,0.22,0.09,0.2,0.49,1.7618945409507867,0.09,4,0,nan
5815,0.9868846535682678,100,0.68,0.14,0.18,0.41,0.27,1.8798240529494932,0.06,4,0,nan
5821,0.9992979168891907,100,0.56,0.21,0.23,0.27,0.29,1.9884161669269396,0.05,3,0,nan
5826,0.9891339540481567,100,0.59,0.18,0.23,0.3,0.29,1.971968772352444,0.08,4,0,nan
5828,0.9895772933959961,100,0.67,0.15,0.18,0.54,0.13,1.7185396856472155,0.03,5,1,nan
5839,0.9961985349655151,100,0.75,0.08,0.17,0.53,0.22,1.692114709743466,0.1,4,0,nan
5841,0.9968338012695312,100,0.7,0.18,0.12,0.27,0.43,1.8459607193225311,0.13,5,1,nan
5842,0.9986666440963745,100,0.64,0.21,0.15,0.43,0.21,1.8797554383444657,0.08,4,0,nan
5845,0.9783636331558228,100,0.57,0.13,0.3,0.31,0.26,1.9328166647972118,0.07,5,3,nan
5849,0.9678469896316528,100,0.73,0.12,0.15,0.4,0.33,1.8342058030036734,0.12,5,1,nan
5857,0.9993789792060852,100,0.63,0.2,0.17,0.39,0.24,1.9229040222553402,0.04,5,1,nan
5862,0.998575747013092,100,0.67,0.13,0.2,0.27,0.4,1.8858225438998288,0.1,5,1,nan
5869,0.9920258522033691,100,0.75,0.2,0.05,0.24,0.51,1.6700462414743438,0.09,4,0,nan
5871,0.9896325469017029,100,0.61,0.26,0.13,0.29,0.32,1.9318702111127029,0.06,4,0,nan
5879,0.9823213815689087,100,0.67,0.23,0.1,0.32,0.35,1.8759950744621374,0.12,4,0,nan
5880,0.9984724521636963,100,0.72,0.11,0.17,0.29,0.43,1.8263416956031664,0.12,5,1,nan
5882,0.9930246472358704,100,0.64,0.22,0.14,0.21,0.43,1.874071041281013,0.09,4,0,nan
5884,0.9958643317222595,100,0.79,0.11,0.1,0.27,0.52,1.6830776232183813,0.17,5,1,nan
5886,0.9930916428565979,100,0.7,0.15,0.15,0.27,0.43,1.8546755409861304,0.11,5,1,nan
5887,0.9799232482910156,100,0.51,0.18,0.31,0.28,0.23,1.9709902052259352,0.04,4,0,nan
5889,0.9977690577507019,100,0.58,0.24,0.18,0.27,0.31,1.9732582075379632,0.1,3,0,nan
5894,0.9940575957298279,100,0.69,0.12,0.19,0.27,0.42,1.8579615189826888,0.05,5,1,nan
5895,0.96733158826828,100,0.79,0.08,0.13,0.27,0.52,1.6747507473988783,0.17,4,0,nan
5896,0.9929764866828918,100,0.59,0.13,0.28,0.36,0.23,1.9151473978279083,0.05,4,0,nan
5898,0.9661775827407837,100,0.68,0.2,0.12,0.36,0.32,1.888102070191481,0.09,4,0,nan
5915,0.9977485537528992,100,0.71,0.12,0.17,0.23,0.48,1.7975907564363605,0.1,4,0,nan
5916,0.9974519610404968,100,0.63,0.18,0.19,0.27,0.36,1.9411708358574584,0.06,5,1,nan
5918,0.9963737726211548,100,0.8,0.14,0.06,0.28,0.52,1.6454407190338938,0.19,5,2,nan
5920,0.9985952973365784,100,0.6,0.14,0.26,0.44,0.16,1.8465622617695654,0.03,4,0,nan
5921,0.9970756769180298,100,0.72,0.11,0.17,0.28,0.44,1.8202407383355244,0.14,5,1,nan
5925,0.9979438185691833,100,0.62,0.23,0.15,0.15,0.47,1.8207130009105668,0.05,5,2,nan
5929,0.9991169571876526,100,0.63,0.16,0.21,0.23,0.4,1.9122790431431271,0.06,4,0,nan
5933,0.9981282949447632,100,0.68,0.16,0.16,0.24,0.44,1.8613152774012365,0.05,4,0,nan
5935,0.9977127313613892,100,0.62,0.15,0.23,0.36,0.26,1.9341160233044177,0.08,3,0,nan
5951,0.9982736110687256,100,0.74,0.09,0.17,0.31,0.43,1.7945995558905254,0.13,4,0,nan
5952,0.9997915029525757,100,0.72,0.21,0.07,0.25,0.47,1.7533338787149821,0.1,4,0,nan
5955,0.999525785446167,100,0.73,0.12,0.15,0.38,0.35,1.8381655893076077,0.09,5,2,nan
5959,0.9956904649734497,100,0.72,0.17,0.11,0.4,0.32,1.839678790757119,0.09,5,2,nan
5961,0.9817289710044861,100,0.65,0.14,0.21,0.29,0.36,1.918452352796892,0.09,4,0,nan
5972,0.9749554395675659,100,0.68,0.14,0.18,0.43,0.25,1.8659821084614605,0.07,4,0,nan
5973,0.9983435273170471,100,0.73,0.15,0.12,0.16,0.57,1.6628797922730054,0.09,4,0,nan
5974,0.9532122015953064,100,0.58,0.15,0.27,0.17,0.41,1.8825379699433382,0.04,4,0,nan
5976,0.9587644338607788,100,0.61,0.18,0.21,0.3,0.31,1.9630149958290817,0.04,4,0,nan
5991,0.9864542484283447,100,0.71,0.13,0.16,0.18,0.53,1.736414685238271,0.06,5,1,nan
5994,0.993971049785614,100,0.75,0.1,0.15,0.48,0.27,1.7610281650144193,0.11,5,2,nan
5995,0.9991970062255859,100,0.77,0.12,0.11,0.5,0.27,1.7273754911665844,0.11,5,1,nan
6000,0.993408739566803,100,0.73,0.15,0.12,0.54,0.19,1.7128816216243539,0.05,4,0,nan
6003,0.9787110090255737,100,0.58,0.14,0.28,0.35,0.23,1.92909881668668,0.04,3,0,nan
6005,0.9577705264091492,100,0.66,0.22,0.12,0.29,0.37,1.8962734997182733,0.01,4,0,nan
6006,0.9646681547164917,100,0.65,0.24,0.11,0.25,0.4,1.8731924261529183,0.07,4,0,nan
6012,0.9845598936080933,100,0.75,0.14,0.11,0.34,0.41,1.8039553347180277,0.15,4,0,nan
6014,0.9890890121459961,100,0.63,0.19,0.18,0.47,0.16,1.8355067016723379,0.04,5,1,nan
6019,0.9997513294219971,100,0.81,0.08,0.11,0.37,0.44,1.6936710542414999,0.16,6,1,nan
6022,0.9986220598220825,100,0.56,0.23,0.21,0.3,0.26,1.9868687756988326,0.04,3,0,nan
6028,0.9894487261772156,100,0.82,0.09,0.09,0.43,0.39,1.6786689796369294,0.16,5,1,nan
6029,0.9923826456069946,100,0.66,0.16,0.18,0.52,0.14,1.756011346993676,0.07,5,1,nan
6037,0.9977385401725769,100,0.6,0.25,0.15,0.23,0.37,1.9289415578139413,0.05,5,1,nan
6046,0.992627739906311,100,0.81,0.15,0.04,0.3,0.51,1.6128184973454287,0.13,5,2,nan
6048,0.9948902130126953,100,0.62,0.17,0.21,0.22,0.4,1.9167546539234768,0.05,5,2,nan
6051,0.9979508519172668,100,0.62,0.2,0.18,0.35,0.27,1.9498153890227614,0.08,4,0,nan
6053,0.9601085782051086,100,0.63,0.24,0.13,0.51,0.12,1.7392756017513036,0.03,6,1,nan
6062,0.9502037763595581,100,0.75,0.09,0.16,0.43,0.32,1.7852690951230143,0.13,4,0,nan
6064,0.9945791959762573,100,0.62,0.23,0.15,0.28,0.34,1.9416066063390895,0.05,4,0,nan
6068,0.9872980117797852,100,0.62,0.16,0.22,0.33,0.29,1.9493166856992337,0.08,4,0,nan
6073,0.9682348966598511,100,0.8,0.11,0.09,0.42,0.38,1.7190396889191721,0.09,7,3,nan
6079,0.9958066940307617,100,0.56,0.21,0.23,0.26,0.3,1.9868687756988326,0.04,3,0,nan
6081,0.9861971735954285,100,0.77,0.07,0.16,0.46,0.31,1.730701989224535,0.15,4,0,nan
6085,0.9918361902236938,100,0.68,0.15,0.17,0.39,0.29,1.8928325634776162,0.14,4,0,nan
6087,0.9903550148010254,100,0.62,0.19,0.19,0.43,0.19,1.889243662589979,0.03,4,0,nan
6091,0.9597306847572327,100,0.6,0.17,0.23,0.32,0.28,1.962508878692925,0.06,4,0,nan
6107,0.9897882342338562,100,0.54,0.18,0.28,0.31,0.23,1.9709902052259352,0.06,3,0,nan
6109,0.9800340533256531,100,0.61,0.19,0.2,0.27,0.34,1.9588073516337192,0.05,3,0,nan
6111,0.9866364002227783,100,0.77,0.1,0.13,0.58,0.19,1.6258710121993736,0.09,7,5,nan
6113,0.9994672536849976,100,0.59,0.21,0.2,0.27,0.32,1.973264286429576,0.07,3,0,nan
6121,0.9940597414970398,100,0.59,0.13,0.28,0.4,0.19,1.8808621827310275,0.08,5,1,nan
6123,0.9989001154899597,100,0.78,0.13,0.09,0.37,0.41,1.7534117091104489,0.16,5,1,nan
6137,0.9986932873725891,100,0.8,0.09,0.11,0.25,0.55,1.6373135717125697,0.12,5,3,nan
6138,0.9984636306762695,100,0.62,0.16,0.22,0.4,0.22,1.9129350396193687,0.05,4,0,nan
6147,0.9994789958000183,100,0.71,0.16,0.13,0.32,0.39,1.8614921610601058,0.14,5,1,nan
6149,0.9960699081420898,100,0.61,0.18,0.21,0.27,0.34,1.957326039122317,0.06,4,0,nan
6152,0.9961082339286804,100,0.75,0.15,0.1,0.26,0.49,1.7523076406115747,0.11,4,0,nan
6153,0.9738597273826599,100,0.61,0.19,0.2,0.38,0.23,1.9377326382412956,0.06,4,0,nan
6158,0.9993366003036499,100,0.77,0.11,0.12,0.38,0.39,1.7776038911732437,0.09,4,0,nan
6163,0.9942336678504944,100,0.6,0.24,0.16,0.36,0.24,1.9419011889093372,0.05,7,2,nan
6168,0.9532994627952576,100,0.52,0.19,0.29,0.32,0.2,1.9635498546559749,0.03,5,1,nan
6174,0.9583426713943481,100,0.8,0.13,0.07,0.57,0.23,1.6011176239053349,0.12,4,0,nan
6175,0.9998330473899841,100,0.73,0.12,0.15,0.49,0.24,1.7760282765573785,0.07,5,1,nan
6190,0.9910622239112854,100,0.74,0.09,0.17,0.41,0.33,1.8024478753506548,0.06,6,1,nan
6191,0.9981838464736938,100,0.74,0.14,0.12,0.54,0.2,1.7086061304543758,0.07,4,0,nan
6199,0.9521931409835815,100,0.61,0.16,0.23,0.34,0.27,1.94987994827236,0.08,3,0,nan
6205,0.9921927452087402,100,0.52,0.21,0.27,0.27,0.25,1.992866232379231,0.06,6,1,nan
6211,0.9923095703125,100,0.67,0.14,0.19,0.41,0.26,1.8850096245222805,0.11,5,1,nan
6212,0.9838305115699768,100,0.75,0.08,0.17,0.46,0.29,1.759334518388945,0.17,4,0,nan
6213,0.9924163818359375,100,0.76,0.17,0.07,0.22,0.54,1.6637584549496562,0.12,6,3,nan
6214,0.9796062111854553,100,0.73,0.08,0.19,0.43,0.3,1.7913889390159858,0.14,6,3,nan
6219,0.984349250793457,100,0.87,0.04,0.09,0.54,0.33,1.5062736290883538,0.16,5,1,nan
6220,0.9562952518463135,100,0.68,0.16,0.16,0.32,0.36,1.9026831892554923,0.09,3,0,nan
6222,0.9983409643173218,100,0.81,0.13,0.06,0.51,0.3,1.6426971732850952,0.13,5,3,nan
6229,0.9989733695983887,100,0.72,0.13,0.15,0.39,0.33,1.8508085123305384,0.09,4,0,nan
6231,0.9983193874359131,100,0.73,0.12,0.15,0.52,0.21,1.7410117881300007,0.05,5,2,nan
6232,0.9765724539756775,100,0.69,0.2,0.11,0.34,0.35,1.873946670791296,0.1,5,1,nan
6234,0.9954410195350647,100,0.74,0.12,0.14,0.53,0.21,1.7224465008980863,0.07,5,1,nan
6236,0.9917265772819519,100,0.65,0.21,0.14,0.18,0.47,1.8271965813550146,0.07,4,0,nan
6238,0.998695969581604,100,0.56,0.31,0.13,0.23,0.33,1.9219288609150487,0.04,5,1,nan
6240,0.9925597310066223,100,0.76,0.12,0.12,0.36,0.4,1.7935209511274697,0.11,4,0,nan
6247,0.9845699071884155,100,0.71,0.1,0.19,0.35,0.36,1.8481350962817364,0.07,4,0,nan
6249,0.9987764358520508,100,0.69,0.14,0.17,0.49,0.2,1.800364375080178,0.1,4,0,nan
6250,0.9978346228599548,100,0.58,0.13,0.29,0.27,0.31,1.934364056025319,0.09,4,0,nan
6251,0.9971573352813721,100,0.78,0.07,0.15,0.35,0.43,1.7327648554367743,0.13,5,1,nan
6254,0.9967082142829895,100,0.64,0.17,0.19,0.29,0.35,1.9378177346901517,0.05,4,0,nan
6256,0.9993501305580139,100,0.65,0.14,0.21,0.55,0.1,1.6764991899758215,0.06,4,0,nan
6257,0.9998987317085266,100,0.74,0.14,0.12,0.34,0.4,1.822122396620061,0.13,5,1,nan
6267,0.9985593557357788,100,0.62,0.14,0.24,0.35,0.27,1.931366818998708,0.09,4,0,nan
6273,0.9979161024093628,100,0.65,0.22,0.13,0.21,0.44,1.8571874993322268,0.09,4,0,nan
6279,0.98789381980896,100,0.71,0.11,0.18,0.37,0.34,1.8554971001571792,0.14,5,1,nan
6282,0.9990105628967285,100,0.74,0.09,0.17,0.5,0.24,1.741375161571919,0.12,4,0,nan
6284,0.9700250625610352,100,0.69,0.16,0.15,0.27,0.42,1.8692296572822311,0.06,4,0,nan
6286,0.9978800415992737,100,0.67,0.18,0.15,0.25,0.42,1.88149873516307,0.1,5,1,nan
6292,0.9874675869941711,100,0.65,0.12,0.23,0.26,0.39,1.889820247722112,0.08,5,1,nan
6293,0.9872651696205139,100,0.75,0.14,0.11,0.27,0.48,1.765687396706266,0.14,5,1,nan
6294,0.9944790601730347,100,0.69,0.12,0.19,0.3,0.39,1.8731804180950724,0.11,5,1,nan
6295,0.9951903223991394,100,0.68,0.21,0.11,0.28,0.4,1.8661014368100082,0.08,8,3,nan
6298,0.9659267067909241,100,0.66,0.2,0.14,0.37,0.29,1.9101286478394803,0.13,4,0,nan
6303,0.978359043598175,100,0.77,0.09,0.14,0.37,0.4,1.7692642673191958,0.12,7,1,nan
6306,0.964617908000946,100,0.66,0.17,0.17,0.39,0.27,1.908992332809196,0.08,4,0,nan
6307,0.9930830597877502,100,0.78,0.07,0.15,0.26,0.52,1.6749647757393626,0.03,8,2,nan
6314,0.9848796725273132,100,0.69,0.1,0.21,0.47,0.22,1.7975450051137538,0.09,6,2,nan
6315,0.9916366338729858,100,0.68,0.14,0.18,0.44,0.24,1.8576990880535558,0.05,5,1,nan
6316,0.9958085417747498,100,0.72,0.17,0.11,0.38,0.34,1.8445002075783865,0.05,5,1,nan
6317,0.994181752204895,100,0.7,0.19,0.11,0.32,0.38,1.8620000290617782,0.13,4,0,nan
6325,0.9873684048652649,100,0.71,0.07,0.22,0.44,0.27,1.7802968513459398,0.13,4,0,nan
6330,0.9636850357055664,100,0.57,0.27,0.16,0.33,0.24,1.9549955046292211,0.1,4,0,nan
6331,0.9988238215446472,100,0.75,0.19,0.06,0.36,0.39,1.7591723463016646,0.14,5,1,nan
6334,0.9989824891090393,100,0.71,0.19,0.1,0.29,0.42,1.830969346577632,0.12,4,0,nan
6335,0.9943490624427795,100,0.75,0.12,0.13,0.6,0.15,1.602435579623455,0.1,5,1,nan
6338,0.9995595812797546,100,0.81,0.06,0.13,0.31,0.5,1.6499723252658196,0.17,4,0,nan
6342,0.9802209138870239,100,0.75,0.07,0.18,0.58,0.17,1.6042571847845266,0.09,6,2,nan
6345,0.9962286949157715,100,0.57,0.19,0.24,0.33,0.24,1.9713179024859988,0.05,4,0,nan
6353,0.9989597797393799,100,0.72,0.12,0.16,0.47,0.25,1.802039881956015,0.08,5,1,nan
6357,0.992856502532959,100,0.81,0.13,0.06,0.5,0.31,1.6499723252658196,0.17,5,1,nan
6365,0.9920229315757751,100,0.68,0.14,0.18,0.48,0.2,1.8150723811034164,0.12,6,1,nan
6368,0.9940946102142334,100,0.55,0.26,0.19,0.21,0.34,1.9625116106951046,0.07,3,0,nan
6369,0.9970022439956665,100,0.58,0.2,0.22,0.25,0.33,1.972781507865076,0.04,4,0,nan
6371,0.9999601244926453,100,0.86,0.1,0.04,0.29,0.57,1.4981015836250897,0.17,5,2,nan
6375,0.9982143640518188,100,0.68,0.09,0.23,0.44,0.24,1.8156027773783152,0.06,6,2,nan
6376,0.9864576458930969,100,0.63,0.2,0.17,0.21,0.42,1.8974419114340755,0.07,5,1,nan
6383,0.9913998246192932,100,0.71,0.18,0.11,0.32,0.39,1.851425346108729,0.14,4,0,nan
6385,0.9951362609863281,100,0.63,0.1,0.27,0.31,0.32,1.8920428984819204,0.09,4,0,nan
6389,0.9678040742874146,100,0.8,0.1,0.1,0.4,0.4,1.721928094887362,0.17,5,1,nan
6394,0.9913468360900879,100,0.77,0.09,0.14,0.57,0.2,1.636400323505477,0.08,5,3,nan
6395,0.9622904658317566,100,0.74,0.12,0.14,0.31,0.43,1.8115362998582882,0.09,5,1,nan
6397,0.999434232711792,100,0.83,0.07,0.1,0.62,0.21,1.501160164518554,0.07,6,1,nan
6399,0.9988232851028442,100,0.76,0.21,0.03,0.26,0.5,1.629878234365504,0.08,4,0,nan
6401,0.9860848188400269,100,0.53,0.14,0.33,0.29,0.24,1.936970952538297,0.05,5,1,nan
6404,0.9995330572128296,100,0.67,0.2,0.13,0.26,0.41,1.8797027588288118,0.07,4,0,nan
6408,0.9867555499076843,100,0.67,0.16,0.17,0.32,0.35,1.913738450831429,0.14,3,0,nan
6410,0.9987714886665344,100,0.74,0.11,0.15,0.54,0.2,1.7052602522375988,0.06,5,1,nan
6413,0.9952443838119507,100,0.7,0.15,0.15,0.2,0.5,1.7854752972273342,0.06,4,0,nan
6419,0.9999284744262695,100,0.84,0.09,0.07,0.43,0.41,1.6321579286855679,0.16,5,1,nan
6420,0.9986495971679688,100,0.67,0.19,0.14,0.3,0.37,1.904155349167112,0.1,3,0,nan
6421,0.9962654113769531,100,0.69,0.18,0.13,0.42,0.27,1.8636195830055506,0.08,4,0,nan
6426,0.9987296462059021,100,0.59,0.18,0.23,0.25,0.34,1.962149026153199,0.04,5,1,nan
6429,0.9992538690567017,100,0.59,0.17,0.24,0.31,0.28,1.966736272193029,0.06,4,0,nan
6430,0.9998719096183777,100,0.68,0.17,0.15,0.12,0.56,1.680639660982092,0.04,5,2,nan
6432,0.9950461983680725,100,0.74,0.13,0.13,0.33,0.41,1.8204954817763368,0.13,5,1,nan
6434,0.9994731545448303,100,0.65,0.22,0.13,0.49,0.16,1.7905162466997253,0.08,5,2,nan
6435,0.994887113571167,100,0.64,0.18,0.18,0.37,0.27,1.9313658183886442,0.07,5,1,nan
6439,0.9730093479156494,100,0.77,0.16,0.07,0.28,0.49,1.7100741434381113,0.14,5,2,nan
6442,0.9972224831581116,100,0.64,0.26,0.1,0.2,0.44,1.8230135223914212,0.08,4,0,nan
6447,0.9992988109588623,100,0.69,0.11,0.2,0.33,0.36,1.8731100328396275,0.08,4,0,nan
6452,0.997692883014679,100,0.77,0.08,0.15,0.47,0.3,1.735098661462402,0.15,4,0,nan
6458,0.9966933727264404,100,0.65,0.24,0.11,0.26,0.39,1.8795065194785838,0.08,4,0,nan
6461,0.999772846698761,100,0.65,0.14,0.21,0.52,0.13,1.7431540251114106,0.06,4,0,nan
6464,0.9816846251487732,100,0.61,0.2,0.19,0.33,0.28,1.9616549056785522,0.11,3,0,nan
6466,0.9988188147544861,100,0.73,0.12,0.15,0.5,0.23,1.7652797555664328,0.08,5,2,nan
6467,0.9876194000244141,100,0.7,0.12,0.18,0.39,0.31,1.8659664678523615,0.12,9,1,nan
6470,0.9905828237533569,100,0.69,0.17,0.14,0.45,0.24,1.8442329241526716,0.1,5,1,nan
6472,0.9878687858581543,100,0.64,0.2,0.16,0.24,0.4,1.9103083326692296,0.08,4,0,nan
6477,0.9925959706306458,100,0.69,0.1,0.21,0.46,0.23,1.8080189718231099,0.07,5,1,nan
6478,0.9800140857696533,100,0.74,0.11,0.15,0.4,0.34,1.818776518403284,0.16,5,1,nan
6480,0.997490644454956,100,0.7,0.14,0.16,0.32,0.38,1.8766140455780975,0.15,4,0,nan
6482,0.9994216561317444,100,0.74,0.12,0.14,0.3,0.44,1.806413909717155,0.12,6,3,nan
6483,0.9989039897918701,100,0.62,0.18,0.2,0.28,0.34,1.9530873263363915,0.1,3,0,nan
6489,0.9986196756362915,100,0.72,0.16,0.12,0.25,0.47,1.802039881956015,0.07,5,1,nan
6492,0.9997423887252808,100,0.66,0.23,0.11,0.33,0.33,1.8935993430549296,0.08,4,0,nan
6494,0.9903296232223511,100,0.64,0.27,0.09,0.16,0.48,1.753961313714625,0.05,4,0,nan
6496,0.9913744926452637,100,0.63,0.2,0.17,0.42,0.21,1.8974419114340757,0.08,4,0,nan
6502,0.9987063407897949,100,0.6,0.23,0.17,0.27,0.33,1.960098571896628,0.04,4,0,nan
6503,0.9907369613647461,100,0.59,0.25,0.16,0.33,0.26,1.95612775622607,0.06,5,1,nan
6507,0.955331563949585,100,0.69,0.1,0.21,0.47,0.22,1.7975450051137538,0.02,5,1,nan
6511,0.9917294979095459,100,0.64,0.16,0.2,0.42,0.22,1.8936222971299674,0.07,4,0,nan
6514,0.9972808361053467,100,0.69,0.04,0.27,0.48,0.21,1.6768679050608937,0.05,5,1,nan
6515,0.9888651967048645,100,0.73,0.11,0.16,0.5,0.23,1.760971366944147,0.08,4,0,nan
6516,0.9630802869796753,100,0.75,0.13,0.12,0.28,0.47,1.7758873878652253,0.12,4,0,nan
6519,0.9997596740722656,100,0.74,0.14,0.12,0.42,0.32,1.815857683033042,0.13,4,0,nan
6523,0.9826115965843201,100,0.62,0.14,0.24,0.3,0.32,1.9383683218310273,0.03,5,2,nan
6530,0.9979232549667358,100,0.81,0.09,0.1,0.32,0.49,1.675162306539728,0.11,5,2,nan
6531,0.9962214827537537,100,0.68,0.13,0.19,0.32,0.36,1.894519798342869,0.13,5,1,nan
6532,0.9973641037940979,100,0.75,0.14,0.11,0.35,0.4,1.8062687287508745,0.08,5,3,nan
6537,0.9937730431556702,100,0.57,0.17,0.26,0.4,0.17,1.9032332590779801,0.03,4,0,nan
6538,0.999215304851532,100,0.67,0.07,0.26,0.45,0.22,1.7728181690654494,0.08,6,1,nan
6544,0.9734414219856262,100,0.83,0.06,0.11,0.55,0.28,1.5824137410666606,0.14,5,1,nan
6545,0.980802059173584,100,0.58,0.18,0.24,0.09,0.49,1.7563776155957709,0.01,4,0,nan
6547,0.9973019957542419,100,0.7,0.09,0.21,0.37,0.33,1.8440284761903756,0.15,3,0,nan
6549,0.9663971066474915,100,0.7,0.11,0.19,0.38,0.32,1.862000029061778,0.13,5,2,nan
6552,0.978548526763916,100,0.69,0.16,0.15,0.34,0.35,1.8928361784775936,0.15,5,1,nan
6554,0.999634861946106,100,0.72,0.12,0.16,0.48,0.24,1.7924876891689534,0.1,4,0,nan
6555,0.9827439188957214,100,0.69,0.1,0.21,0.52,0.17,1.7301793850565232,0.04,4,0,nan
6560,0.9951981902122498,100,0.76,0.14,0.1,0.28,0.48,1.7517923126756398,0.12,5,2,nan
6564,0.9853691458702087,100,0.69,0.12,0.19,0.46,0.23,1.8252967124545658,0.04,4,0,nan
6565,0.9563094973564148,100,0.66,0.23,0.11,0.32,0.34,1.8931620958063937,0.09,5,1,nan
6568,0.9935845136642456,100,0.65,0.23,0.12,0.34,0.31,1.9077032175500261,0.07,4,0,nan
6573,0.9700853824615479,100,0.65,0.21,0.14,0.16,0.49,1.7972320182866686,0.05,5,1,nan
6575,0.9982436299324036,100,0.68,0.2,0.12,0.2,0.48,1.804107451387086,0.04,5,1,nan
6577,0.984865128993988,100,0.67,0.17,0.16,0.31,0.36,1.9120136500230034,0.08,3,0,nan
6582,0.9705460667610168,100,0.65,0.19,0.16,0.4,0.25,1.9070146768218172,0.08,4,0,nan
6583,0.9993706941604614,100,0.73,0.12,0.15,0.52,0.21,1.7410117881300007,0.08,5,2,nan
6584,0.9871499538421631,100,0.68,0.16,0.16,0.4,0.28,1.8890255736436505,0.09,7,3,nan
6587,0.987790048122406,100,0.57,0.17,0.26,0.27,0.3,1.970986375778791,0.06,4,0,nan
6589,0.9684403538703918,100,0.72,0.14,0.14,0.34,0.38,1.8538469904649177,0.1,5,2,nan
6590,0.9769445657730103,100,0.79,0.07,0.14,0.26,0.53,1.6563994885074482,0.03,7,2,nan
6591,0.9717826247215271,100,0.64,0.22,0.14,0.41,0.23,1.8927359727999276,0.09,5,1,nan
6593,0.9984400868415833,100,0.7,0.09,0.21,0.41,0.29,1.8307654703809664,0.11,6,1,nan
6600,0.9994893670082092,100,0.67,0.2,0.13,0.27,0.4,1.8858225438998288,0.11,4,0,nan
6601,0.999253511428833,100,0.57,0.22,0.21,0.32,0.25,1.9794305274472985,0.09,3,0,nan
6608,0.9882793426513672,100,0.71,0.16,0.13,0.33,0.38,1.8639365119195306,0.09,4,0,nan
6611,0.9998124837875366,100,0.68,0.17,0.15,0.51,0.17,1.7751483100028687,0.07,5,2,nan
6612,0.9926083087921143,100,0.74,0.15,0.11,0.45,0.29,1.7971367404479948,0.05,6,1,nan
6614,0.9744285345077515,100,0.61,0.24,0.15,0.38,0.23,1.922799895258694,0.11,3,0,nan
6617,0.9751893281936646,100,0.66,0.18,0.16,0.18,0.48,1.8219011889093373,0.06,4,0,nan
6618,0.991287112236023,100,0.71,0.19,0.1,0.32,0.39,1.8432502873754304,0.12,5,1,nan
6619,0.9742059111595154,100,0.61,0.22,0.17,0.23,0.38,1.9332808456602861,0.1,5,1,nan
6623,0.9997994899749756,100,0.81,0.06,0.13,0.58,0.23,1.5696530493060086,0.08,5,2,nan
6624,0.9554447531700134,100,0.73,0.13,0.14,0.32,0.41,1.8331730154349035,0.12,5,1,nan
6630,0.9940702319145203,100,0.69,0.1,0.21,0.47,0.22,1.7975450051137538,0.1,5,1,nan
6631,0.9951777458190918,100,0.68,0.23,0.09,0.21,0.47,1.7851002706797745,0.06,6,1,nan
6632,0.9987208247184753,100,0.73,0.12,0.15,0.57,0.16,1.6628797922730054,0.1,4,0,nan
6637,0.9985710382461548,100,0.74,0.12,0.14,0.5,0.24,1.7583119055396816,0.06,4,0,nan
6639,0.9995489120483398,100,0.8,0.09,0.11,0.51,0.29,1.676274048602355,0.18,3,0,nan
6641,0.9987531900405884,100,0.72,0.14,0.14,0.37,0.35,1.855050010385146,0.14,4,0,nan
6645,0.969596803188324,100,0.59,0.28,0.13,0.24,0.35,1.921099592136438,0.05,5,1,nan
6646,0.998003363609314,100,0.79,0.07,0.14,0.52,0.27,1.6662633771251236,0.11,5,1,nan
6651,0.9958476424217224,100,0.63,0.08,0.29,0.45,0.18,1.773121307579759,0.06,4,0,nan
6653,0.9988688230514526,100,0.69,0.12,0.19,0.5,0.19,1.777520139692261,0.1,5,1,nan
6655,0.9887532591819763,100,0.63,0.24,0.13,0.33,0.3,1.92569078817246,0.11,4,0,nan
6658,0.9898205399513245,100,0.82,0.07,0.11,0.49,0.33,1.650945984175848,0.16,6,2,nan
6662,0.9883686304092407,100,0.76,0.13,0.11,0.46,0.3,1.7693558698974985,0.15,4,0,nan
6665,0.9560635685920715,100,0.56,0.27,0.17,0.31,0.25,1.968402977514418,0.07,5,2,nan
6666,0.9941513538360596,100,0.62,0.17,0.21,0.43,0.19,1.886200775902444,0.03,6,1,nan
6667,0.9997574090957642,100,0.8,0.05,0.15,0.62,0.18,1.4995379829895998,0.11,5,1,nan
6674,0.9858352541923523,100,0.77,0.13,0.1,0.27,0.5,1.7248584964561477,0.13,6,1,nan
6677,0.995659351348877,100,0.73,0.12,0.15,0.34,0.39,1.836582868965516,0.14,5,1,nan
6678,0.9987947344779968,100,0.68,0.17,0.15,0.21,0.47,1.8299104983488599,0.07,4,0,nan
6684,0.9995068311691284,100,0.71,0.18,0.11,0.34,0.37,1.8554971001571792,0.18,4,0,nan
6699,0.9956454634666443,100,0.68,0.04,0.28,0.47,0.21,1.6847533925265663,0.05,5,1,nan
6701,0.9981389045715332,100,0.72,0.12,0.16,0.42,0.3,1.8368201934385513,0.07,5,1,nan
6702,0.9665212035179138,100,0.64,0.2,0.16,0.29,0.35,1.9354070262795182,0.02,6,1,nan
6704,0.9818723201751709,100,0.81,0.1,0.09,0.47,0.34,1.6859760038425753,0.18,4,0,nan
6705,0.9590588212013245,100,0.65,0.19,0.16,0.33,0.32,1.9320999028321535,0.07,5,1,nan
6706,0.9954988360404968,100,0.71,0.12,0.17,0.54,0.17,1.7162840724947976,0.11,5,2,nan
6711,0.9960909485816956,100,0.77,0.07,0.16,0.55,0.22,1.646518546691924,0.1,5,1,nan
6712,0.9665111899375916,100,0.66,0.15,0.19,0.49,0.17,1.804639866250156,0.06,4,0,nan
6713,0.9940701127052307,100,0.5,0.33,0.17,0.21,0.29,1.9531363000033417,0.05,7,1,nan
6715,0.9579339623451233,100,0.61,0.17,0.22,0.38,0.23,1.9332808456602864,0.1,5,1,nan
6719,0.9989287853240967,100,0.67,0.17,0.16,0.3,0.37,1.9094225827968998,0.12,4,0,nan
6720,0.9921400547027588,100,0.79,0.12,0.09,0.37,0.42,1.7360963767085873,0.16,4,0,nan
6721,0.9922723174095154,100,0.72,0.1,0.18,0.24,0.48,1.7799038795071398,0.1,4,0,nan
6722,0.9788287281990051,100,0.76,0.09,0.15,0.46,0.3,1.7596236718348575,0.12,4,0,nan
6724,0.9942858219146729,100,0.71,0.15,0.14,0.21,0.5,1.7804781576744804,0.09,5,1,nan
6725,0.9976459741592407,100,0.56,0.27,0.17,0.3,0.26,1.9709863757787909,0.04,4,0,nan
6726,0.9966351389884949,100,0.72,0.09,0.19,0.42,0.3,1.8146162158410006,0.11,4,0,nan
6729,0.9830780625343323,100,0.75,0.15,0.1,0.32,0.43,1.7923359464228086,0.14,4,0,nan
6730,0.9615812301635742,100,0.68,0.13,0.19,0.3,0.38,1.8894131650709836,0.11,5,1,nan
6733,0.9933580756187439,100,0.61,0.23,0.16,0.34,0.27,1.94987994827236,0.09,3,0,nan
6741,0.9967700242996216,100,0.66,0.13,0.21,0.41,0.25,1.8828519982957475,0.09,5,2,nan
6744,0.9989082217216492,100,0.7,0.11,0.19,0.46,0.24,1.8149829842110372,0.14,4,0,nan
6751,0.997368335723877,100,0.64,0.15,0.21,0.39,0.25,1.9131650288499493,0.07,9,1,nan
6752,0.9995429515838623,100,0.72,0.16,0.12,0.24,0.48,1.7924876891689534,0.1,4,0,nan
6754,0.9840450882911682,100,0.69,0.17,0.14,0.38,0.31,1.8859445063456084,0.14,4,0,nan
6756,0.998974621295929,100,0.67,0.19,0.14,0.26,0.41,1.8850096245222807,0.11,5,1,nan
6758,0.9973108172416687,100,0.74,0.09,0.17,0.29,0.45,1.7835458746970094,0.09,4,0,nan
6760,0.9515441656112671,100,0.69,0.19,0.12,0.3,0.39,1.8731804180950724,0.14,4,0,nan
6763,0.9995301365852356,100,0.69,0.18,0.13,0.26,0.43,1.8568043549181805,0.07,5,1,nan
6764,0.9740273952484131,100,0.7,0.21,0.09,0.34,0.36,1.8452659143170291,0.11,4,0,nan
6767,0.9985966086387634,100,0.62,0.2,0.18,0.31,0.31,1.957282358097773,0.06,5,1,nan
6772,0.9723975658416748,100,0.68,0.18,0.14,0.25,0.43,1.8659821084614605,0.07,6,3,nan
6773,0.9963258504867554,100,0.58,0.2,0.22,0.26,0.32,1.9762812879803628,0.04,5,1,nan
6774,0.9971688389778137,100,0.7,0.07,0.23,0.5,0.2,1.7206083814727446,0.05,4,0,nan
6776,0.9620429873466492,100,0.67,0.19,0.14,0.5,0.17,1.7869234952324589,0.05,5,2,nan
6787,0.999809980392456,100,0.63,0.14,0.23,0.29,0.34,1.931855396181436,0.13,4,0,nan
6788,0.961405873298645,100,0.58,0.25,0.17,0.36,0.22,1.945775502699048,0.06,4,0,nan
6793,0.9970248937606812,100,0.57,0.15,0.28,0.34,0.23,1.9416066063390895,0.05,4,0,nan
6795,0.97417813539505,100,0.76,0.14,0.1,0.28,0.48,1.7517923126756398,0.15,5,1,nan
6799,0.9798135161399841,100,0.7,0.16,0.14,0.37,0.33,1.878678696015659,0.13,5,1,nan
6800,0.9798029065132141,100,0.59,0.2,0.21,0.4,0.19,1.9212064465044862,0.07,5,2,nan
6817,0.9864499568939209,100,0.61,0.26,0.13,0.27,0.34,1.927127708090447,0.07,5,1,nan
6822,0.9896965622901917,100,0.58,0.23,0.19,0.17,0.41,1.9048657074213584,0.06,4,0,nan
6825,0.975730836391449,100,0.67,0.25,0.08,0.28,0.39,1.8355258987986374,0.12,3,0,nan
6826,0.9994258880615234,100,0.57,0.29,0.14,0.24,0.33,1.936970952538297,0.05,3,0,nan
6829,0.994533360004425,100,0.67,0.19,0.14,0.45,0.22,1.85131142368382,0.09,5,1,nan
6832,0.9832398295402527,100,0.61,0.18,0.21,0.33,0.28,1.96017359316715,0.1,4,0,nan
6836,0.9905319809913635,100,0.61,0.17,0.22,0.42,0.19,1.8960330055406012,0.07,5,2,nan
6840,0.9822461605072021,100,0.72,0.17,0.11,0.34,0.38,1.8445002075783865,0.16,4,0,nan
6843,0.9986565709114075,100,0.63,0.27,0.1,0.35,0.28,1.8865353205949849,0.07,4,0,nan
6844,0.9910426139831543,100,0.73,0.15,0.12,0.35,0.38,1.8381655893076074,0.1,4,0,nan
6846,0.9984163045883179,100,0.78,0.15,0.07,0.43,0.35,1.7327648554367743,0.13,5,3,nan
6847,0.9844059944152832,100,0.7,0.17,0.13,0.36,0.34,1.877019976859477,0.18,4,0,nan
6850,0.9997285604476929,100,0.61,0.21,0.18,0.34,0.27,1.957326039122317,0.05,5,1,nan
6851,0.9961515665054321,100,0.68,0.14,0.18,0.35,0.33,1.900340885108016,0.14,3,0,nan
6857,0.9993906617164612,100,0.61,0.24,0.15,0.21,0.4,1.9062737035218849,0.03,4,0,nan
6859,0.9932271838188171,100,0.81,0.11,0.08,0.21,0.6,1.5567976955759715,0.14,5,1,nan
6860,0.9989762902259827,100,0.8,0.13,0.07,0.26,0.54,1.6365306039873935,0.1,5,1,nan
6861,0.9994809627532959,100,0.71,0.14,0.15,0.24,0.47,1.8137451508838152,0.12,5,1,nan
6863,0.9997613430023193,100,0.71,0.17,0.12,0.27,0.44,1.8328224688910812,0.12,4,0,nan
6867,0.9999425411224365,100,0.67,0.28,0.05,0.16,0.51,1.6487634824487647,0.05,4,0,nan
6868,0.9922458529472351,100,0.69,0.17,0.14,0.33,0.36,1.8901347577665804,0.1,4,0,nan
6870,0.986463725566864,100,0.55,0.2,0.25,0.22,0.33,1.972781507865076,0.06,5,1,nan
6875,0.9954249858856201,100,0.64,0.22,0.14,0.37,0.27,1.918434173719607,0.13,4,0,nan
6876,0.9970295429229736,100,0.68,0.2,0.12,0.18,0.5,1.776760475563735,0.07,4,0,nan
6882,0.9818294644355774,100,0.58,0.29,0.13,0.17,0.41,1.8625195329234145,0.06,4,0,nan
6889,0.9989370107650757,100,0.77,0.1,0.13,0.28,0.49,1.7333390151350654,0.11,5,1,nan
6892,0.9825353026390076,100,0.65,0.22,0.13,0.12,0.53,1.7157307293111428,0.04,4,0,nan
6896,0.9918906688690186,100,0.76,0.11,0.13,0.22,0.54,1.6935473410978017,0.12,5,3,nan
6898,0.9990798234939575,100,0.72,0.15,0.13,0.32,0.4,1.8479941991201598,0.09,4,0,nan
6901,0.9953550696372986,100,0.7,0.16,0.14,0.19,0.51,1.7707833487269162,0.06,4,0,nan
6906,0.9998074769973755,100,0.7,0.17,0.13,0.44,0.26,1.8436661044867304,0.12,4,0,nan
6908,0.9950068593025208,100,0.64,0.18,0.18,0.23,0.41,1.905667617468965,0.07,3,0,nan
6911,0.9955288767814636,100,0.8,0.09,0.11,0.36,0.44,1.7147025488751706,0.18,4,0,nan
6914,0.9872502684593201,100,0.78,0.06,0.16,0.2,0.58,1.586743843579991,0.11,6,2,nan
6926,0.9842551946640015,100,0.58,0.19,0.23,0.24,0.34,1.9662023461291378,0.08,4,0,nan
6930,0.9997727870941162,100,0.76,0.09,0.15,0.44,0.32,1.770379438103228,0.09,5,2,nan
6931,0.9890282154083252,100,0.71,0.15,0.14,0.42,0.29,1.8512051051913072,0.1,5,1,nan
6934,0.9899964928627014,100,0.63,0.19,0.18,0.31,0.32,1.9503626057408958,0.08,4,0,nan
6945,0.9742038249969482,100,0.66,0.19,0.15,0.34,0.32,1.9209790068540502,0.03,4,0,nan
6946,0.9718425273895264,100,0.54,0.2,0.26,0.39,0.15,1.9100157893830134,0.03,5,1,nan
6948,0.9985461831092834,100,0.58,0.26,0.16,0.26,0.32,1.959627536341357,0.08,4,0,nan
6951,0.9889722466468811,100,0.6,0.31,0.09,0.26,0.34,1.8709103906831859,0.08,9,2,nan
6952,0.9726259112358093,100,0.64,0.12,0.24,0.4,0.24,1.8841074513870861,0.02,5,1,nan
6955,0.9944484829902649,100,0.69,0.23,0.08,0.37,0.32,1.8359391945989003,0.09,4,0,nan
6959,0.985202431678772,100,0.67,0.1,0.23,0.49,0.18,1.7694498065168074,0.06,4,0,nan
6965,0.9791854619979858,100,0.72,0.12,0.16,0.29,0.43,1.8315523565792877,0.08,4,0,nan
6967,0.9991821646690369,100,0.66,0.18,0.16,0.26,0.4,1.9023841248434796,0.1,3,0,nan
6975,0.9970631003379822,100,0.53,0.21,0.26,0.36,0.17,1.943313520742711,0.03,5,1,nan
6978,0.9979770183563232,100,0.58,0.16,0.26,0.27,0.31,1.962121381253973,0.06,4,0,nan
6979,0.9825248122215271,100,0.78,0.13,0.09,0.45,0.33,1.7415218235499312,0.16,5,1,nan
6983,0.9842504858970642,100,0.71,0.14,0.15,0.48,0.23,1.8035916611061145,0.08,6,1,nan
6984,0.9886581897735596,100,0.54,0.23,0.23,0.32,0.22,1.9819427338882933,0.04,4,0,nan
6985,0.9983675479888916,100,0.75,0.09,0.16,0.33,0.42,1.7891395626895474,0.15,4,0,nan
6989,0.9705421924591064,100,0.67,0.15,0.18,0.32,0.35,1.9119870442430926,0.11,4,0,nan
6993,0.9903113842010498,100,0.55,0.13,0.32,0.35,0.2,1.903164351508172,0.07,4,0,nan
6997,0.9847855567932129,100,0.51,0.26,0.23,0.33,0.18,1.966086053517022,0.05,4,0,nan
6998,0.9789801836013794,100,0.66,0.17,0.17,0.18,0.48,1.822750323143838,0.05,5,2,nan
7001,0.9966900944709778,100,0.75,0.08,0.17,0.55,0.2,1.6648540453461316,0.09,4,0,nan
7003,0.999091625213623,100,0.69,0.18,0.13,0.26,0.43,1.8568043549181805,0.1,4,0,nan
7004,0.9973694682121277,100,0.81,0.08,0.11,0.52,0.29,1.6502755697042581,0.18,4,0,nan
7007,0.9882049560546875,100,0.59,0.17,0.24,0.14,0.45,1.8442329241526716,0.04,5,1,nan
7009,0.9994983673095703,100,0.83,0.04,0.13,0.51,0.32,1.5898621020109198,0.17,6,1,nan
7024,0.9997009634971619,100,0.77,0.08,0.15,0.4,0.37,1.7615536171957902,0.17,5,1,nan
7030,0.9891773462295532,100,0.69,0.19,0.12,0.36,0.33,1.8807314022263826,0.08,4,0,nan
7039,0.9907000064849854,100,0.68,0.12,0.2,0.22,0.46,1.8273616148242822,0.05,5,1,nan
7042,0.9942948222160339,100,0.66,0.17,0.17,0.31,0.35,1.9230689115989397,0.14,3,0,nan
7044,0.9648978114128113,100,0.65,0.15,0.2,0.52,0.13,1.7481511646642645,0.07,5,2,nan
7045,0.9785335659980774,100,0.66,0.18,0.16,0.26,0.4,1.9023841248434796,0.08,4,0,nan
7046,0.9965001940727234,100,0.59,0.28,0.13,0.16,0.43,1.8434458037183514,0.05,5,1,nan
7057,0.981938898563385,100,0.72,0.14,0.14,0.21,0.51,1.7624732284095932,0.11,4,0,nan
7062,0.9790468215942383,100,0.65,0.11,0.24,0.24,0.41,1.8659403894850528,0.04,4,0,nan
7070,0.9965113401412964,100,0.72,0.12,0.16,0.46,0.26,1.810707863185276,0.07,5,1,nan
7073,0.9988983273506165,100,0.71,0.09,0.2,0.28,0.43,1.8148240979694128,0.07,6,1,nan
7079,0.9994239807128906,100,0.64,0.15,0.21,0.26,0.38,1.9191091598246608,0.06,3,0,nan
7083,0.9876476526260376,100,0.69,0.18,0.13,0.23,0.46,1.8309547764774277,0.11,5,1,nan
7086,0.9987786412239075,100,0.75,0.16,0.09,0.54,0.21,1.688537029693104,0.08,4,0,nan
7093,0.9997478127479553,100,0.63,0.18,0.19,0.27,0.36,1.9411708358574584,0.08,4,0,nan
7094,0.9987808465957642,100,0.68,0.21,0.11,0.45,0.23,1.829178909699616,0.09,4,0,nan
7095,0.986157238483429,100,0.69,0.08,0.23,0.54,0.15,1.6697640993720608,0.04,5,3,nan
7105,0.9977832436561584,100,0.63,0.16,0.21,0.41,0.22,1.9037982529975652,0.05,5,1,nan
7108,0.9943042993545532,100,0.72,0.11,0.17,0.34,0.38,1.8445002075783865,0.07,5,1,nan
7110,0.9994033575057983,100,0.72,0.11,0.17,0.37,0.35,1.845703227498615,0.13,5,1,nan
7115,0.9898504018783569,100,0.64,0.18,0.18,0.29,0.35,1.938619644737758,0.1,5,1,nan
7118,0.9797403812408447,100,0.83,0.06,0.11,0.39,0.44,1.6447641841246647,0.13,5,1,nan
7120,0.9957782626152039,100,0.8,0.11,0.09,0.41,0.39,1.7201222743451225,0.19,4,0,nan
7123,0.9754078388214111,100,0.62,0.14,0.24,0.36,0.26,1.9271481732776663,0.1,8,1,nan
7126,0.9994593858718872,100,0.66,0.12,0.22,0.36,0.3,1.8993455543861928,0.09,4,0,nan
7128,0.9832891225814819,100,0.76,0.09,0.15,0.46,0.3,1.7596236718348575,0.15,4,0,nan
7131,0.999906599521637,100,0.72,0.08,0.2,0.36,0.36,1.8171245697587874,0.11,5,1,nan
7140,0.9730680584907532,100,0.72,0.1,0.18,0.22,0.5,1.7580738290388045,0.09,4,0,nan
7146,0.9828439354896545,100,0.7,0.16,0.14,0.25,0.45,1.8385285598946255,0.1,5,1,nan
7147,0.9967195391654968,100,0.55,0.3,0.15,0.13,0.42,1.8399249408254703,0.04,5,2,nan
7150,0.9952103495597839,100,0.71,0.1,0.19,0.23,0.48,1.7833559024924392,0.12,7,1,nan
7151,0.998714804649353,100,0.66,0.14,0.2,0.47,0.19,1.828677893866417,0.06,4,0,nan
7153,0.9989089369773865,100,0.57,0.23,0.2,0.34,0.23,1.9688947049859111,0.06,5,1,nan
7157,0.9950226545333862,100,0.72,0.16,0.12,0.32,0.4,1.8448894517332408,0.09,4,0,nan
7158,0.9944260120391846,100,0.7,0.11,0.19,0.11,0.59,1.6049156069967516,0.07,5,2,nan
7160,0.9696350693702698,100,0.72,0.15,0.13,0.29,0.43,1.8346571039662067,0.14,3,0,nan
7164,0.987328052520752,100,0.84,0.08,0.08,0.5,0.34,1.612190728862247,0.18,4,0,nan
7169,0.9762283563613892,100,0.73,0.14,0.13,0.16,0.57,1.6650220292544156,0.03,6,1,nan
7172,0.9669637680053711,100,0.71,0.17,0.12,0.41,0.3,1.8501285060996584,0.06,4,0,nan
7176,0.9921111464500427,100,0.68,0.2,0.12,0.2,0.48,1.804107451387086,0.07,4,0,nan
7183,0.9984773397445679,100,0.67,0.21,0.12,0.19,0.48,1.80338580300421,0.05,5,1,nan
7184,0.976414680480957,100,0.82,0.1,0.08,0.59,0.23,1.5604847312693892,0.15,6,3,nan
7187,0.9967402219772339,100,0.63,0.13,0.24,0.33,0.3,1.92569078817246,0.07,6,1,nan
7189,0.9861591458320618,100,0.65,0.23,0.12,0.23,0.42,1.8680488723348807,0.07,4,0,nan
7195,0.9935953617095947,100,0.75,0.2,0.05,0.57,0.18,1.5880403577193651,0.04,5,2,nan
7206,0.9755913615226746,100,0.59,0.18,0.23,0.2,0.39,1.927157955288246,0.04,5,1,nan
7209,0.9981405735015869,100,0.65,0.13,0.22,0.48,0.17,1.8060733869574646,0.03,5,1,nan
7210,0.9990924000740051,100,0.56,0.21,0.23,0.22,0.34,1.9702379589727514,0.05,4,0,nan
7216,0.9941543340682983,100,0.81,0.08,0.11,0.37,0.44,1.6936710542414999,0.15,5,2,nan
7217,0.9945070147514343,100,0.69,0.12,0.19,0.49,0.2,1.79096101953998,0.08,5,1,nan
7220,0.9605610370635986,100,0.65,0.24,0.11,0.23,0.42,1.8577351440913525,0.04,5,1,nan
7225,0.9835308790206909,100,0.67,0.2,0.13,0.32,0.35,1.9031643515081722,0.09,4,0,nan
7226,0.9972084164619446,100,0.74,0.12,0.14,0.3,0.44,1.806413909717155,0.1,4,0,nan
7227,0.9800403714179993,100,0.77,0.15,0.08,0.51,0.26,1.7027713493113001,0.03,8,2,nan
7228,0.9944904446601868,100,0.62,0.11,0.27,0.3,0.32,1.90743190745793,0.09,4,0,nan
7234,0.9601526260375977,100,0.65,0.22,0.13,0.38,0.27,1.9036919896234783,0.06,4,0,nan
7237,0.9606750011444092,100,0.68,0.17,0.15,0.4,0.28,1.8881233012898149,0.1,4,0,nan
7239,0.9996249675750732,100,0.72,0.13,0.15,0.49,0.23,1.78513836356554,0.08,4,0,nan
7244,0.951252818107605,100,0.69,0.16,0.15,0.45,0.24,1.846097706912016,0.12,3,0,nan
7257,0.9987329244613647,100,0.68,0.09,0.23,0.32,0.36,1.856970689232571,0.11,5,1,nan
7261,0.9982604384422302,100,0.61,0.27,0.12,0.25,0.36,1.9077040161411358,0.07,4,0,nan
7262,0.9962382912635803,100,0.76,0.15,0.09,0.28,0.48,1.7456879717813547,0.1,6,2,nan
7266,0.9999448657035828,100,0.8,0.15,0.05,0.17,0.63,1.4811711608715736,0.11,5,1,nan
7267,0.9947649240493774,100,0.72,0.19,0.09,0.24,0.48,1.7702837115714027,0.14,3,0,nan
7268,0.9879164695739746,100,0.68,0.13,0.19,0.18,0.5,1.783178203715123,0.04,13,2,nan
7278,0.998856782913208,100,0.77,0.13,0.1,0.4,0.37,1.77433723368999,0.17,4,0,nan
7282,0.9897546172142029,100,0.49,0.16,0.35,0.0,0.49,1.4573993102275344,0.0,3,0,nan
7283,0.9763293266296387,100,0.64,0.2,0.16,0.24,0.4,1.9103083326692296,0.04,4,0,nan
7288,0.9961146712303162,100,0.72,0.12,0.16,0.34,0.38,1.849710868554508,0.11,4,0,nan
7294,0.9790927767753601,100,0.62,0.24,0.14,0.29,0.33,1.936970952538297,0.03,5,2,nan
7298,0.9983888864517212,100,0.66,0.08,0.26,0.44,0.22,1.7985169947574247,0.08,5,1,nan
7299,0.9867867231369019,100,0.56,0.19,0.25,0.33,0.23,1.9707166054953598,0.1,4,0,nan
7300,0.9946282505989075,100,0.62,0.13,0.25,0.24,0.38,1.9072315236910615,0.08,4,0,nan
7303,0.9980442523956299,100,0.64,0.15,0.21,0.39,0.25,1.9131650288499493,0.08,3,0,nan
7304,0.9972747564315796,100,0.74,0.15,0.11,0.39,0.35,1.8207292010963294,0.1,8,2,nan
7306,0.9706375002861023,100,0.71,0.14,0.15,0.32,0.39,1.8634860459891054,0.14,4,0,nan
7309,0.9945589303970337,100,0.76,0.16,0.08,0.24,0.52,1.6992365361682793,0.09,4,0,nan
7314,0.9967730641365051,100,0.68,0.15,0.17,0.46,0.22,1.8410404615344578,0.07,7,2,nan
7318,0.9970476031303406,100,0.7,0.18,0.12,0.26,0.44,1.8388099505114748,0.06,5,1,nan
7321,0.9817324876785278,100,0.67,0.14,0.19,0.56,0.11,1.671064038730018,0.01,5,1,nan
7327,0.9755913615226746,100,0.79,0.07,0.14,0.38,0.41,1.7235028791406508,0.14,5,1,nan
7331,0.9690169095993042,100,0.68,0.13,0.19,0.23,0.45,1.843939655620635,0.05,5,1,nan
7332,0.9975099563598633,100,0.66,0.12,0.22,0.39,0.27,1.8874592426475674,0.09,4,0,nan
7333,0.9981618523597717,100,0.68,0.19,0.13,0.2,0.48,1.810525179538474,0.06,5,1,nan
7334,0.9937568306922913,100,0.6,0.18,0.22,0.35,0.25,1.9559816300404838,0.09,5,1,nan
7336,0.9826173782348633,100,0.6,0.17,0.23,0.26,0.34,1.9567165641272548,0.08,3,0,nan
7337,0.9972857236862183,100,0.67,0.17,0.16,0.33,0.34,1.914600081348762,0.05,5,1,nan
7344,0.9977783560752869,100,0.61,0.15,0.24,0.32,0.29,1.9486171116733735,0.06,5,1,nan
7351,0.9913228154182434,100,0.74,0.11,0.15,0.4,0.34,1.818776518403284,0.09,8,1,nan
7356,0.9948342442512512,100,0.65,0.16,0.19,0.42,0.23,1.8915573947602513,0.06,4,0,nan
7357,0.976192057132721,100,0.8,0.12,0.08,0.44,0.36,1.7103377769685428,0.16,4,0,nan
7360,0.9858734011650085,100,0.6,0.23,0.17,0.26,0.34,1.9567165641272548,0.07,3,0,nan
7371,0.9999417066574097,100,0.77,0.1,0.13,0.59,0.18,1.609260317544544,0.11,5,1,nan
7375,0.9964876174926758,100,0.57,0.22,0.21,0.36,0.21,1.9568349155882074,0.03,3,0,nan
7380,0.9649202823638916,100,0.64,0.17,0.19,0.28,0.36,1.9346489005125242,0.08,4,0,nan
7381,0.9938136339187622,100,0.6,0.13,0.27,0.31,0.29,1.9343640560253188,0.04,3,0,nan
7383,0.9997471570968628,100,0.9,0.05,0.05,0.56,0.34,1.4298072579086147,0.26,4,0,nan
7385,0.997705340385437,100,0.59,0.17,0.24,0.38,0.21,1.9319973926969876,0.04,4,0,nan
7390,0.9867386817932129,100,0.73,0.14,0.13,0.36,0.37,1.8410985915263742,0.11,5,3,nan
7399,0.9944321513175964,100,0.91,0.05,0.04,0.49,0.42,1.4317786438468252,0.17,5,3,nan
7402,0.9507738947868347,100,0.75,0.11,0.14,0.36,0.39,1.8078091567610484,0.1,4,0,nan
7403,0.9687805771827698,100,0.63,0.19,0.18,0.3,0.33,1.949446223889982,0.1,4,0,nan
7405,0.9728639721870422,100,0.61,0.19,0.2,0.15,0.46,1.8454922541154672,0.04,5,1,nan
7410,0.956140398979187,100,0.76,0.11,0.13,0.5,0.26,1.7382191267622338,0.11,4,0,nan
7412,0.9997122883796692,100,0.63,0.19,0.18,0.32,0.31,1.9503626057408958,0.08,3,0,nan
7420,0.9864859580993652,100,0.58,0.23,0.19,0.3,0.28,1.9782041554686458,0.05,3,0,nan
7422,0.9928457140922546,100,0.56,0.21,0.23,0.33,0.23,1.9759809718166694,0.03,4,0,nan
7423,0.9634711742401123,100,0.58,0.18,0.24,0.44,0.14,1.8576990880535555,0.02,6,2,nan
7424,0.9846572279930115,100,0.59,0.18,0.23,0.36,0.23,1.95125818920965,0.03,4,0,nan
7425,0.9900068640708923,100,0.61,0.21,0.18,0.3,0.31,1.9630149958290817,0.08,4,0,nan
7430,0.9872967004776001,100,0.79,0.09,0.12,0.4,0.39,1.7382893362471559,0.11,6,3,nan
7433,0.9724101424217224,100,0.73,0.18,0.09,0.42,0.31,1.8074022655982898,0.13,4,0,nan
7434,0.9713836312294006,100,0.75,0.13,0.12,0.45,0.3,1.7892024542989349,0.14,4,0,nan
7437,0.97532057762146,100,0.75,0.17,0.08,0.18,0.57,1.633653698428648,0.05,5,2,nan
7439,0.9563716053962708,100,0.72,0.14,0.14,0.16,0.56,1.6856780552463373,0.08,7,3,nan
7440,0.9950671792030334,100,0.72,0.11,0.17,0.41,0.31,1.8360528505987186,0.13,4,0,nan
7442,0.9956756830215454,100,0.68,0.15,0.17,0.31,0.37,1.8996553159182463,0.12,4,0,nan
7456,0.9973961710929871,100,0.62,0.26,0.12,0.26,0.36,1.9082590357355858,0.05,4,0,nan
7457,0.9995713829994202,100,0.61,0.24,0.15,0.25,0.36,1.9352945522974556,0.08,4,0,nan
7461,0.9924302697181702,100,0.67,0.1,0.23,0.43,0.24,1.837559285697896,0.07,5,1,nan
7463,0.992434024810791,100,0.72,0.14,0.14,0.25,0.47,1.8061760038664247,0.14,5,1,nan
7464,0.9952788352966309,100,0.66,0.12,0.22,0.3,0.36,1.8993455543861928,0.07,4,0,nan
7465,0.9938955903053284,100,0.77,0.12,0.11,0.42,0.35,1.773100838140266,0.11,4,0,nan
7467,0.9970191121101379,100,0.55,0.22,0.23,0.24,0.31,1.9861701273883976,0.07,4,0,nan
7468,0.992557168006897,100,0.68,0.11,0.21,0.44,0.24,1.8383911405675941,0.03,4,0,nan
7469,0.9955092072486877,100,0.81,0.09,0.1,0.29,0.52,1.6533269881358164,0.18,4,0,nan
7470,0.9900197982788086,100,0.57,0.32,0.11,0.24,0.33,1.8982776521632547,0.04,5,1,nan
7474,0.9812217354774475,100,0.67,0.12,0.21,0.48,0.19,1.80338580300421,0.02,4,0,nan
7477,0.9783763289451599,100,0.63,0.24,0.13,0.32,0.31,1.9266071700233738,0.05,5,1,nan
7481,0.9882532954216003,100,0.63,0.17,0.2,0.35,0.28,1.9432934536778272,0.08,4,0,nan
7484,0.9885003566741943,100,0.7,0.19,0.11,0.35,0.35,1.8657143723088643,0.1,4,0,nan
7486,0.9980924725532532,100,0.5,0.24,0.26,0.17,0.33,1.9618321204841158,0.05,4,0,nan
7488,0.966478705406189,100,0.64,0.2,0.16,0.22,0.42,1.8936222971299674,0.04,4,0,nan
7489,0.9877979755401611,100,0.73,0.12,0.15,0.23,0.5,1.7652797555664328,0.07,5,1,nan
7492,0.9884430766105652,100,0.68,0.15,0.17,0.34,0.34,1.9034791853706585,0.12,5,1,nan
7494,0.9631611108779907,100,0.73,0.05,0.22,0.56,0.17,1.599697389565335,0.08,6,2,nan
7497,0.997868537902832,100,0.62,0.18,0.2,0.31,0.31,1.957282358097773,0.03,6,2,nan
7498,0.999557375907898,100,0.61,0.21,0.18,0.35,0.26,1.9535196480841466,0.05,3,0,nan
7499,0.999090850353241,100,0.73,0.13,0.14,0.24,0.49,1.7781705135387886,0.08,4,0,nan
7506,0.9995964765548706,100,0.61,0.24,0.15,0.34,0.27,1.9438746086511176,0.06,3,0,nan
7511,0.9670282006263733,100,0.56,0.17,0.27,0.24,0.32,1.964776881004953,0.07,3,0,nan
7513,0.9530805349349976,100,0.59,0.15,0.26,0.34,0.25,1.9450068602479664,0.06,5,1,nan
7516,0.9511033296585083,100,0.7,0.17,0.13,0.39,0.31,1.8708226218276165,0.08,3,0,nan
7526,0.9972465634346008,100,0.65,0.18,0.17,0.23,0.42,1.8932084390423585,0.06,4,0,nan
7527,0.9969444274902344,100,0.61,0.11,0.28,0.45,0.16,1.8059254402001395,0.07,6,2,nan
7530,0.9955503940582275,100,0.77,0.13,0.1,0.54,0.23,1.6825477158662607,0.08,4,0,nan
7531,0.9677931666374207,100,0.52,0.29,0.19,0.2,0.32,1.9635498546559749,0.04,3,0,nan
7533,0.9704264998435974,100,0.72,0.13,0.15,0.26,0.46,1.813812610572195,0.07,5,1,nan
7534,0.9962859153747559,100,0.7,0.11,0.19,0.46,0.24,1.8149829842110372,0.12,4,0,nan
7535,0.9982876777648926,100,0.67,0.2,0.13,0.46,0.21,1.8351882488691447,0.12,4,0,nan
7536,0.984592616558075,100,0.8,0.13,0.07,0.29,0.51,1.6645327688798917,0.09,6,1,nan
7537,0.9790937304496765,100,0.82,0.1,0.08,0.55,0.27,1.6080959122632892,0.17,5,1,nan
7538,0.9987983703613281,100,0.75,0.12,0.13,0.39,0.36,1.8101236604543347,0.13,5,1,nan
7544,0.9989662766456604,100,0.69,0.15,0.16,0.29,0.4,1.8802368738915058,0.04,5,1,nan
7547,0.9966346025466919,100,0.62,0.16,0.22,0.33,0.29,1.9493166856992337,0.03,5,2,nan
7556,0.999528706073761,100,0.65,0.21,0.14,0.2,0.45,1.8527203295772945,0.06,5,2,nan
7558,0.9982827305793762,100,0.69,0.19,0.12,0.32,0.37,1.879056716851193,0.1,4,0,nan
7565,0.9868959188461304,100,0.59,0.22,0.19,0.3,0.29,1.9747933388506864,0.07,4,0,nan
7572,0.9968804121017456,100,0.81,0.1,0.09,0.3,0.51,1.661366027068162,0.14,5,2,nan
7574,0.9620347619056702,100,0.61,0.21,0.18,0.39,0.22,1.9285012092750864,0.05,5,3,nan
7576,0.9853195548057556,100,0.72,0.16,0.12,0.26,0.46,1.810707863185276,0.08,5,1,nan
7579,0.976852536201477,100,0.69,0.23,0.08,0.21,0.48,1.7602682807519172,0.12,4,0,nan
7582,0.9992428421974182,100,0.81,0.08,0.11,0.49,0.32,1.67211088810817,0.18,3,0,nan
7583,0.9995941519737244,100,0.66,0.2,0.14,0.26,0.4,1.8955553170375588,0.1,4,0,nan
7587,0.9814766645431519,100,0.64,0.25,0.11,0.37,0.27,1.891037293414093,0.07,4,0,nan
7588,0.9986741542816162,100,0.69,0.19,0.12,0.23,0.46,1.8252967124545658,0.09,4,0,nan
7591,0.9940699338912964,100,0.72,0.12,0.16,0.34,0.38,1.849710868554508,0.11,6,1,nan
7592,0.9650124907493591,100,0.5,0.3,0.2,0.23,0.27,1.9831645166374472,0.04,4,0,nan
7593,0.9846322536468506,100,0.58,0.26,0.16,0.2,0.38,1.9231437889720058,0.02,5,1,nan
7595,0.9853256344795227,100,0.75,0.07,0.18,0.48,0.27,1.7321532190407847,0.17,3,0,nan
7597,0.9748276472091675,100,0.63,0.18,0.19,0.16,0.47,1.8355067016723376,0.06,4,0,nan
7598,0.9964245557785034,100,0.56,0.14,0.3,0.21,0.35,1.921123607289827,0.07,5,1,nan
7609,0.9559460878372192,100,0.71,0.08,0.21,0.5,0.21,1.7371547773202831,0.07,4,0,nan
7610,0.9896525740623474,100,0.69,0.16,0.15,0.2,0.49,1.8022291578395224,0.14,4,0,nan
7612,0.9530463814735413,100,0.72,0.16,0.12,0.27,0.45,1.818507170755696,0.09,4,0,nan
7614,0.9825587868690491,100,0.72,0.13,0.15,0.47,0.25,1.805144629342934,0.07,6,1,nan
7615,0.9789885878562927,100,0.54,0.25,0.21,0.27,0.27,1.992866232379231,0.05,3,0,nan
7622,0.9924817085266113,100,0.69,0.17,0.14,0.35,0.34,1.890971395718249,0.08,4,0,nan
7623,0.9883992671966553,100,0.7,0.16,0.14,0.43,0.27,1.8537130305806218,0.11,4,0,nan
7629,0.9987026453018188,100,0.69,0.22,0.09,0.19,0.5,1.7484536611030677,0.07,4,0,nan
7631,0.9890937209129333,100,0.6,0.18,0.22,0.41,0.19,1.9084921839672073,0.08,4,0,nan
7633,0.9903220534324646,100,0.56,0.18,0.26,0.35,0.21,1.9535196480841466,0.08,4,0,nan
7640,0.9635192155838013,100,0.66,0.19,0.15,0.39,0.27,1.9055898819387525,0.08,4,0,nan
7642,0.9994617700576782,100,0.71,0.06,0.23,0.45,0.26,1.7548909697733048,0.09,5,2,nan
7643,0.9998835921287537,100,0.55,0.26,0.19,0.36,0.19,1.946356407430246,0.05,5,1,nan
7644,0.992414653301239,100,0.7,0.11,0.19,0.46,0.24,1.8149829842110372,0.13,6,1,nan
7654,0.9995629191398621,100,0.79,0.12,0.09,0.42,0.37,1.7360963767085869,0.2,3,0,nan
7669,0.9860610961914062,100,0.64,0.17,0.19,0.26,0.38,1.9255544973826393,0.1,4,0,nan
7670,0.9933231472969055,100,0.63,0.18,0.19,0.25,0.38,1.9309869594085836,0.05,4,0,nan
7677,0.9996155500411987,100,0.67,0.2,0.13,0.29,0.38,1.8953864637433517,0.11,4,0,nan
7681,0.9887927770614624,100,0.73,0.08,0.19,0.45,0.28,1.7793566906959608,0.09,4,0,nan
7684,0.9875389933586121,100,0.71,0.2,0.09,0.47,0.24,1.783129560205877,0.09,5,2,nan
7688,0.9947676062583923,100,0.75,0.11,0.14,0.21,0.54,1.7002631126847447,0.09,5,3,nan
7693,0.9906467199325562,100,0.78,0.11,0.11,0.37,0.41,1.7586871664983934,0.13,5,1,nan
7694,0.9991702437400818,100,0.74,0.12,0.14,0.32,0.42,1.8158576830330424,0.14,5,1,nan
7700,0.983768880367279,100,0.72,0.22,0.06,0.18,0.54,1.6494577322033606,0.05,4,0,nan
7703,0.9819743037223816,100,0.64,0.17,0.19,0.24,0.4,1.9127190410798631,0.03,4,0,nan
7705,0.9877991676330566,100,0.64,0.14,0.22,0.46,0.18,1.8383265445406125,0.04,5,1,nan
7706,0.9980766177177429,100,0.89,0.02,0.09,0.61,0.28,1.3747537855554268,0.2,4,0,nan
7708,0.9667432308197021,100,0.81,0.08,0.11,0.46,0.35,1.687231156007658,0.15,4,0,nan
7709,0.9926722049713135,100,0.75,0.1,0.15,0.52,0.23,1.72098188761823,0.07,5,1,nan
7715,0.994867742061615,100,0.62,0.25,0.13,0.22,0.4,1.891988784917551,0.05,6,1,nan
7716,0.9998358488082886,100,0.65,0.09,0.26,0.49,0.16,1.7452407893117805,0.04,4,0,nan
7717,0.9936202168464661,100,0.59,0.23,0.18,0.34,0.25,1.962149026153199,0.08,3,0,nan
7721,0.9818162322044373,100,0.56,0.24,0.2,0.34,0.22,1.968267248498854,0.09,5,1,nan
7723,0.9907664060592651,100,0.76,0.15,0.09,0.49,0.27,1.7375019011030501,0.11,5,1,nan
7725,0.9828892350196838,100,0.67,0.21,0.12,0.17,0.5,1.7744772530047261,0.07,6,1,nan
7728,0.9612539410591125,100,0.72,0.12,0.16,0.31,0.41,1.84126351157484,0.04,5,1,nan
7729,0.9697033166885376,100,0.74,0.11,0.15,0.44,0.3,1.803068031500378,0.13,7,2,nan
7730,0.9995442628860474,100,0.74,0.16,0.1,0.32,0.42,1.8068900627189093,0.13,4,0,nan
7739,0.9991682171821594,100,0.68,0.17,0.15,0.18,0.5,1.7904393222739106,0.04,5,1,nan
7744,0.9855015873908997,100,0.6,0.23,0.17,0.11,0.49,1.7768229552024994,0.05,7,1,nan
7746,0.9968501925468445,100,0.75,0.1,0.15,0.5,0.25,1.7427376486136672,0.07,4,0,nan
7749,0.9993722438812256,100,0.73,0.1,0.17,0.42,0.31,1.81622052348642,0.05,4,0,nan
7750,0.9725700616836548,100,0.73,0.08,0.19,0.41,0.32,1.800153640327029,0.12,5,1,nan
7753,0.9997525215148926,100,0.81,0.13,0.06,0.37,0.44,1.678053618889991,0.14,4,0,nan
7755,0.990057647228241,100,0.71,0.18,0.11,0.31,0.4,1.8481601172901296,0.08,6,1,nan
7756,0.9973180294036865,100,0.57,0.2,0.23,0.24,0.33,1.9740102613427721,0.08,3,0,nan
7758,0.9924792647361755,100,0.71,0.1,0.19,0.39,0.32,1.8432502873754304,0.13,3,0,nan
7764,0.9987847805023193,100,0.72,0.16,0.12,0.17,0.55,1.6990441642370653,0.06,4,0,nan
7767,0.9813370108604431,100,0.68,0.12,0.2,0.19,0.49,1.79096101953998,0.04,13,1,nan
7769,0.9507759213447571,100,0.63,0.11,0.26,0.39,0.24,1.8795065194785838,0.11,3,0,nan
7770,0.9995307922363281,100,0.66,0.2,0.14,0.4,0.26,1.8955553170375585,0.09,5,1,nan
7771,0.9875467419624329,100,0.77,0.04,0.19,0.59,0.18,1.5354040628373409,0.06,4,0,nan
7773,0.9990761280059814,100,0.69,0.1,0.21,0.54,0.15,1.695603880992898,0.05,5,3,nan
7779,0.9985760450363159,100,0.66,0.2,0.14,0.25,0.41,1.8888805123720922,0.08,5,1,nan
7780,0.9963065385818481,100,0.75,0.16,0.09,0.24,0.51,1.7252350150663762,0.1,4,0,nan
7781,0.9938967823982239,100,0.56,0.25,0.19,0.34,0.22,1.9649735926514416,0.05,3,0,nan
7782,0.9853718876838684,100,0.55,0.26,0.19,0.3,0.25,1.981604409377523,0.02,3,0,nan
7784,0.9885395169258118,100,0.71,0.14,0.15,0.21,0.5,1.7804781576744804,0.11,5,2,nan
7792,0.9975544214248657,100,0.65,0.12,0.23,0.32,0.33,1.9085913804067831,0.08,4,0,nan
7793,0.9995188117027283,100,0.67,0.17,0.16,0.25,0.42,1.8832501417514065,0.05,5,1,nan
7796,0.9911240935325623,100,0.59,0.3,0.11,0.19,0.4,1.85537406753284,0.08,4,0,nan
7797,0.9913498163223267,100,0.64,0.22,0.14,0.26,0.38,1.9134247627612082,0.04,4,0,nan
7803,0.9634192585945129,100,0.74,0.12,0.14,0.37,0.37,1.8256355100346986,0.15,4,0,nan
7805,0.9992807507514954,100,0.71,0.13,0.16,0.44,0.27,1.8368294886318355,0.1,5,1,nan
7808,0.9931461811065674,100,0.75,0.13,0.12,0.28,0.47,1.7758873878652253,0.12,4,0,nan
7813,0.9674190282821655,100,0.67,0.25,0.08,0.4,0.27,1.8303012787919621,0.06,6,2,nan
7815,0.9881545305252075,100,0.69,0.15,0.16,0.43,0.26,1.862414429194861,0.03,7,2,nan
7820,0.951164186000824,100,0.6,0.26,0.14,0.2,0.4,1.8955553170375588,0.06,4,0,nan
7822,0.9661615490913391,100,0.65,0.19,0.16,0.34,0.31,1.9312117399753967,0.13,3,0,nan
7824,0.9955337047576904,100,0.77,0.15,0.08,0.56,0.21,1.643317185297649,0.09,5,1,nan
7825,0.9967159032821655,100,0.61,0.18,0.21,0.33,0.28,1.96017359316715,0.06,4,0,nan
7827,0.9997244477272034,100,0.72,0.08,0.2,0.35,0.37,1.8167237695838026,0.11,4,0,nan
7830,0.9983985424041748,100,0.69,0.19,0.12,0.5,0.19,1.777520139692261,0.09,4,0,nan
7831,0.9895000457763672,100,0.71,0.14,0.15,0.15,0.56,1.6866405656518462,0.05,5,2,nan
7834,0.9983219504356384,100,0.74,0.17,0.09,0.43,0.31,1.7945995558905254,0.13,4,0,nan
7842,0.9993669390678406,100,0.77,0.1,0.13,0.57,0.2,1.6414732898762714,0.11,5,1,nan
7843,0.9981924295425415,100,0.85,0.05,0.1,0.33,0.52,1.5666882627199628,0.18,5,2,nan
7846,0.9643397331237793,100,0.74,0.08,0.18,0.6,0.14,1.576105643061933,0.08,5,2,nan
7847,0.9684136509895325,100,0.55,0.32,0.13,0.21,0.34,1.9106750016077276,0.0,4,0,nan
7851,0.9982897639274597,100,0.69,0.11,0.2,0.38,0.31,1.8689197814186556,0.1,3,0,nan
7854,0.995654821395874,100,0.73,0.15,0.12,0.39,0.34,1.836582868965516,0.07,5,2,nan
7856,0.990091860294342,100,0.82,0.11,0.07,0.35,0.47,1.6608980509613618,0.12,7,3,nan
7862,0.9906460046768188,100,0.62,0.15,0.23,0.4,0.22,1.9075571564851836,0.07,5,1,nan
7865,0.9812483787536621,100,0.62,0.21,0.17,0.36,0.26,1.9433135207427108,0.1,4,0,nan
7868,0.9956289529800415,100,0.69,0.2,0.11,0.35,0.34,1.873946670791296,0.05,4,0,nan
7869,0.9810555577278137,100,0.69,0.15,0.16,0.39,0.3,1.8844485563946147,0.05,5,1,nan
7873,0.9512168765068054,100,0.55,0.19,0.26,0.34,0.21,1.9625116106951046,0.03,3,0,nan
7874,0.9999495148658752,100,0.69,0.13,0.18,0.47,0.22,1.8204808097680716,0.09,5,1,nan
7877,0.9639847278594971,100,0.66,0.11,0.23,0.46,0.2,1.8176753430678105,0.07,4,0,nan
7879,0.9976354837417603,100,0.62,0.24,0.14,0.37,0.25,1.9219737077871901,0.04,4,0,nan
7881,0.9949531555175781,100,0.71,0.1,0.19,0.31,0.4,1.839985058556831,0.16,3,0,nan
7887,0.9961461424827576,100,0.56,0.26,0.18,0.29,0.27,1.978521248627292,0.06,4,0,nan
7889,0.9952958226203918,100,0.52,0.22,0.26,0.21,0.31,1.9824793919543642,0.04,5,1,nan
7894,0.995022177696228,100,0.63,0.16,0.21,0.34,0.29,1.9429176763790739,0.06,4,0,nan
7901,0.99208003282547,100,0.75,0.12,0.13,0.34,0.41,1.806269838411314,0.1,4,0,nan
7902,0.9527398943901062,100,0.68,0.13,0.19,0.29,0.39,1.8855714449188286,0.09,4,0,nan
7903,0.9530240297317505,100,0.75,0.17,0.08,0.2,0.55,1.6648540453461316,0.13,4,0,nan
7912,0.9711858630180359,100,0.71,0.16,0.13,0.43,0.28,1.8434458037183516,0.07,8,3,nan
7918,0.9500746726989746,100,0.74,0.12,0.14,0.49,0.25,1.7684591295399883,0.1,5,1,nan
7919,0.9927463531494141,100,0.6,0.24,0.16,0.25,0.35,1.9472520862272278,0.05,4,0,nan
7920,0.9926982522010803,100,0.62,0.22,0.16,0.39,0.23,1.9210551184251294,0.05,5,1,nan
7921,0.9723999500274658,100,0.81,0.11,0.08,0.35,0.46,1.6872311560076578,0.15,4,0,nan
7923,0.9991192817687988,100,0.71,0.23,0.06,0.26,0.45,1.7548909697733048,0.09,5,2,nan
7925,0.987410306930542,100,0.58,0.16,0.26,0.24,0.34,1.951613496859848,0.04,3,0,nan
7928,0.9983243346214294,100,0.75,0.17,0.08,0.51,0.24,1.7156595821836267,0.07,5,2,nan
7932,0.9809148907661438,100,0.7,0.14,0.16,0.29,0.41,1.86541569020625,0.13,5,1,nan
7939,0.9992239475250244,100,0.66,0.16,0.18,0.37,0.29,1.9169574556454012,0.12,4,0,nan
7940,0.9984281063079834,100,0.84,0.04,0.12,0.4,0.44,1.60273953953283,0.16,5,1,nan
7942,0.9850860834121704,100,0.73,0.17,0.1,0.24,0.49,1.7651958734839013,0.07,4,0,nan
7943,0.980945885181427,100,0.7,0.2,0.1,0.48,0.22,1.7854208048621556,0.14,4,0,nan
7945,0.9991546869277954,100,0.85,0.1,0.05,0.52,0.33,1.5666882627199628,0.18,5,2,nan
7946,0.9980238080024719,100,0.64,0.18,0.18,0.29,0.35,1.938619644737758,0.05,6,1,nan
7950,0.9613924026489258,100,0.69,0.15,0.16,0.37,0.32,1.8903248551507352,0.13,5,1,nan
7951,0.9948932528495789,100,0.62,0.2,0.18,0.33,0.29,1.9554195225623503,0.07,3,0,nan
7953,0.993262529373169,100,0.75,0.14,0.11,0.26,0.49,1.7569668723034215,0.08,5,1,nan
7954,0.9977204203605652,100,0.74,0.09,0.17,0.45,0.29,1.7835458746970094,0.14,4,0,nan
7956,0.9682667255401611,100,0.6,0.24,0.16,0.26,0.34,1.951613496859848,0.05,4,0,nan
7957,0.9941672086715698,100,0.77,0.08,0.15,0.42,0.35,1.7578002269356294,0.14,7,1,nan
7958,0.9990914463996887,100,0.86,0.11,0.03,0.28,0.58,1.4720814813528664,0.17,4,0,nan
7961,0.9947841167449951,100,0.63,0.18,0.19,0.45,0.18,1.8642430683528575,0.09,4,0,nan
7968,0.9868058562278748,100,0.66,0.21,0.13,0.36,0.3,1.9071721884310553,0.03,4,0,nan
7970,0.9643222093582153,100,0.6,0.14,0.26,0.34,0.26,1.936860481228177,0.05,5,1,nan
7973,0.9963129162788391,100,0.7,0.14,0.16,0.26,0.44,1.8465622617695656,0.12,4,0,nan
7974,0.9990203380584717,100,0.74,0.16,0.1,0.22,0.52,1.7263597707524152,0.11,5,1,nan
7981,0.9714016318321228,100,0.64,0.3,0.06,0.12,0.52,1.6222671075289932,0.02,4,0,nan
7982,0.9577226042747498,100,0.67,0.21,0.12,0.12,0.55,1.6813306883795447,0.07,5,2,nan
7992,0.9810554385185242,100,0.62,0.25,0.13,0.17,0.45,1.8356324026117903,0.04,5,1,nan
7993,0.9872986674308777,100,0.68,0.2,0.12,0.3,0.38,1.8829954369195954,0.15,3,0,nan
7994,0.9840269088745117,100,0.72,0.12,0.16,0.45,0.27,1.818507170755696,0.14,4,0,nan
7995,0.9694487452507019,100,0.66,0.18,0.16,0.28,0.38,1.9129978562304168,0.11,5,1,nan
8001,0.9983900189399719,100,0.65,0.15,0.2,0.48,0.17,1.8177862980972617,0.02,4,0,nan
8003,0.9856318235397339,100,0.7,0.14,0.16,0.52,0.18,1.756011346993676,0.07,4,0,nan
8004,0.986795961856842,100,0.65,0.11,0.24,0.42,0.23,1.8577351440913523,0.06,4,0,nan
8005,0.9981579184532166,100,0.69,0.09,0.22,0.51,0.18,1.7339645588796322,0.09,4,0,nan
8007,0.9982541799545288,100,0.74,0.15,0.11,0.22,0.52,1.7319815128497709,0.08,5,1,nan
8008,0.9958511590957642,100,0.78,0.09,0.13,0.34,0.44,1.7456184980610483,0.14,5,2,nan
8010,0.9869058728218079,100,0.61,0.18,0.21,0.32,0.29,1.962068542144573,0.06,5,1,nan
8011,0.9961056113243103,100,0.75,0.13,0.12,0.43,0.32,1.7993096818079417,0.1,4,0,nan
8012,0.9644126296043396,100,0.67,0.14,0.19,0.38,0.29,1.9006933294368205,0.12,3,0,nan
8016,0.9779664874076843,100,0.81,0.11,0.08,0.33,0.48,1.6778866519901774,0.09,6,1,nan
8021,0.9907153844833374,100,0.8,0.11,0.09,0.5,0.3,1.684030188024896,0.11,8,1,nan
8023,0.9944568276405334,100,0.62,0.16,0.22,0.26,0.36,1.939493906438603,0.09,4,0,nan
8024,0.9984191060066223,100,0.7,0.05,0.25,0.48,0.22,1.704938781140315,0.05,4,0,nan
8027,0.9610310792922974,100,0.68,0.13,0.19,0.26,0.42,1.8688051545783382,0.05,5,2,nan
8028,0.9928992986679077,100,0.63,0.22,0.15,0.27,0.36,1.9317550182298726,0.09,3,0,nan
8047,0.9999256134033203,100,0.7,0.08,0.22,0.48,0.22,1.7609242772281588,0.09,5,1,nan
8051,0.989975094795227,100,0.77,0.16,0.07,0.3,0.47,1.724617406259647,0.16,5,1,nan
8059,0.9981148838996887,100,0.68,0.17,0.15,0.25,0.43,1.8686960254553058,0.12,4,0,nan
8062,0.9958739280700684,100,0.64,0.2,0.16,0.27,0.37,1.9281531999304042,0.11,4,0,nan
8065,0.9729978442192078,100,0.72,0.14,0.14,0.34,0.38,1.8538469904649177,0.11,5,1,nan
8075,0.956066370010376,100,0.53,0.13,0.34,0.4,0.13,1.8232332590779803,0.04,4,0,nan
8080,0.9993457794189453,100,0.72,0.16,0.12,0.25,0.47,1.802039881956015,0.08,5,1,nan
8083,0.9799897074699402,100,0.77,0.11,0.12,0.25,0.52,1.707930510761034,0.11,5,3,nan
8084,0.9683817625045776,100,0.75,0.15,0.1,0.31,0.44,1.7876790225243684,0.18,4,0,nan
8085,0.9892290830612183,100,0.59,0.19,0.22,0.28,0.31,1.9738147717241774,0.09,3,0,nan
8086,0.9514081478118896,100,0.58,0.27,0.15,0.22,0.36,1.9317550182298726,0.01,4,0,nan
8094,0.9840368032455444,100,0.72,0.14,0.14,0.47,0.25,1.806176003866425,0.07,4,0,nan
8095,0.999215304851532,100,0.67,0.11,0.22,0.22,0.45,1.8298349061758576,0.06,4,0,nan
8096,0.9596390128135681,100,0.7,0.1,0.2,0.46,0.24,1.8060482613492126,0.09,4,0,nan
8097,0.9858490228652954,100,0.7,0.16,0.14,0.25,0.45,1.8385285598946255,0.1,5,2,nan
8098,0.9982295632362366,100,0.56,0.14,0.3,0.36,0.2,1.9132007025073996,0.04,5,1,nan
8099,0.9702476859092712,100,0.74,0.16,0.1,0.18,0.56,1.668958123674114,0.04,4,0,nan
8102,0.9819125533103943,100,0.77,0.13,0.1,0.36,0.41,1.7728368945149997,0.11,5,1,nan
8103,0.9988775253295898,100,0.82,0.12,0.06,0.2,0.62,1.5025756082275814,0.08,5,2,nan
8107,0.9997550845146179,100,0.7,0.14,0.16,0.36,0.34,1.8799161341423125,0.12,4,0,nan
8108,0.9990479946136475,100,0.62,0.14,0.24,0.41,0.21,1.8914525198366288,0.06,4,0,nan
8109,0.9619680047035217,100,0.76,0.15,0.09,0.26,0.5,1.7284869286995925,0.18,4,0,nan
8124,0.9984618425369263,100,0.58,0.16,0.26,0.26,0.32,1.959627536341357,0.07,3,0,nan
8129,0.9756059646606445,100,0.77,0.11,0.12,0.44,0.33,1.7663232400493827,0.14,5,1,nan
8130,0.9568108916282654,100,0.72,0.19,0.09,0.31,0.41,1.8190595339772893,0.12,4,0,nan
8134,0.9929661154747009,100,0.76,0.06,0.18,0.41,0.35,1.7463265616476864,0.13,5,1,nan
8142,0.9940510392189026,100,0.63,0.25,0.12,0.12,0.51,1.7295642177525032,0.06,5,1,nan
8145,0.9664470553398132,100,0.78,0.08,0.14,0.28,0.5,1.7028390276231686,0.04,7,1,nan
8146,0.9522950649261475,100,0.68,0.15,0.17,0.23,0.45,1.8512007741794227,0.04,5,1,nan
8148,0.9894711971282959,100,0.64,0.21,0.15,0.2,0.44,1.868900410472024,0.09,4,0,nan
8150,0.9921514987945557,100,0.64,0.24,0.12,0.18,0.46,1.8218446894692664,0.08,6,1,nan
8151,0.9950299859046936,100,0.74,0.14,0.12,0.42,0.32,1.815857683033042,0.14,5,1,nan
8153,0.9906912446022034,100,0.64,0.2,0.16,0.42,0.22,1.8936222971299674,0.08,4,0,nan
8154,0.9928085803985596,100,0.74,0.1,0.16,0.41,0.33,1.8104169990042844,0.08,5,2,nan
8158,0.9888589382171631,100,0.58,0.17,0.25,0.29,0.29,1.9703944821444939,0.09,4,0,nan
8159,0.980061411857605,100,0.66,0.21,0.13,0.42,0.24,1.8752480498926865,0.11,4,0,nan
8162,0.9938463568687439,100,0.7,0.09,0.21,0.27,0.43,1.8190628107553382,0.12,4,0,nan
8166,0.9949615001678467,100,0.66,0.09,0.25,0.4,0.26,1.8467133275296064,0.11,4,0,nan
8173,0.9985698461532593,100,0.82,0.1,0.08,0.51,0.31,1.6429255996605945,0.17,5,1,nan
8174,0.9860056042671204,100,0.7,0.15,0.15,0.32,0.38,1.8775765559836064,0.14,3,0,nan
8179,0.9948667287826538,100,0.77,0.06,0.17,0.49,0.28,1.6966225549263165,0.14,5,1,nan
8184,0.993010938167572,100,0.7,0.18,0.12,0.3,0.4,1.862235772791069,0.08,4,0,nan
8187,0.9902966022491455,100,0.75,0.12,0.13,0.42,0.33,1.803180149374475,0.14,3,0,nan
8198,0.9669410586357117,100,0.59,0.21,0.2,0.26,0.33,1.970319525908739,0.08,4,0,nan
8199,0.9939529895782471,100,0.78,0.14,0.08,0.37,0.41,1.7467324335105343,0.19,5,1,nan
8202,0.9961785674095154,100,0.74,0.12,0.14,0.51,0.23,1.7472748263015458,0.08,4,0,nan
8203,0.9967986345291138,100,0.66,0.12,0.22,0.23,0.43,1.8588726391729655,0.06,7,2,nan
8207,0.9993724226951599,100,0.63,0.21,0.16,0.19,0.44,1.8722133912364929,0.05,4,0,nan
8208,0.9970159530639648,100,0.64,0.22,0.14,0.18,0.46,1.8383265445406127,0.04,5,1,nan
8220,0.9975740313529968,100,0.76,0.11,0.13,0.56,0.2,1.6657571730365492,0.08,4,0,nan
8231,0.9966098070144653,100,0.72,0.21,0.07,0.2,0.52,1.6963404140363123,0.1,5,1,nan
8232,0.9981400370597839,100,0.63,0.29,0.08,0.16,0.47,1.7443849408992391,0.05,4,0,nan
8233,0.9977532625198364,100,0.62,0.17,0.21,0.42,0.2,1.8974419114340755,0.04,4,0,nan
8241,0.9859469532966614,100,0.67,0.1,0.23,0.56,0.11,1.6385878959905147,0.07,5,2,nan
8245,0.9841694831848145,100,0.68,0.17,0.15,0.42,0.26,1.8760662731371258,0.11,4,0,nan
8249,0.9887655377388,100,0.7,0.19,0.11,0.34,0.36,1.8653021176259932,0.13,4,0,nan
8254,0.9967917203903198,100,0.69,0.11,0.2,0.56,0.13,1.6657571730365492,0.07,5,1,nan
8255,0.9953488111495972,100,0.72,0.14,0.14,0.29,0.43,1.8356884784896979,0.12,4,0,nan
8259,0.9805846214294434,100,0.68,0.14,0.18,0.22,0.46,1.8383265445406125,0.05,4,0,nan
8260,0.9967772364616394,100,0.59,0.15,0.26,0.34,0.25,1.9450068602479664,0.05,5,1,nan
8261,0.9958081841468811,100,0.62,0.27,0.11,0.26,0.36,1.896211758904569,0.11,4,0,nan
8264,0.9995046257972717,100,0.65,0.1,0.25,0.39,0.26,1.8672781407693464,0.04,4,0,nan
8268,0.9973068833351135,100,0.78,0.14,0.08,0.27,0.51,1.694069950697061,0.1,5,1,nan
8271,0.9989687204360962,100,0.78,0.09,0.13,0.26,0.52,1.6911627961365228,0.12,5,5,nan
8274,0.9955125451087952,100,0.64,0.17,0.19,0.37,0.27,1.930563908341038,0.07,3,0,nan
8280,0.992375910282135,100,0.83,0.09,0.08,0.34,0.49,1.6376177500033493,0.17,6,3,nan
8281,0.9990429878234863,100,0.64,0.1,0.26,0.51,0.13,1.7155549658054998,0.05,4,0,nan
8288,0.9969169497489929,100,0.74,0.17,0.09,0.39,0.35,1.807138335345344,0.11,4,0,nan
8291,0.9854240417480469,100,0.62,0.21,0.17,0.33,0.29,1.9531363000033417,0.11,3,0,nan
8294,0.9657838940620422,100,0.8,0.13,0.07,0.32,0.48,1.6855021815261955,0.11,6,1,nan
8296,0.9996379613876343,100,0.65,0.18,0.17,0.25,0.4,1.9086657211039246,0.07,5,1,nan
8300,0.9986609816551208,100,0.61,0.18,0.21,0.38,0.23,1.9362513257298934,0.08,4,0,nan
8304,0.9863889813423157,100,0.64,0.22,0.14,0.15,0.49,1.7925101316287249,0.02,4,0,nan
8305,0.9993656873703003,100,0.76,0.12,0.12,0.57,0.19,1.6516116539734633,0.1,5,1,nan
8311,0.9961853623390198,100,0.61,0.22,0.17,0.22,0.39,1.9255307292054793,0.06,5,1,nan
8312,0.9855428338050842,100,0.62,0.19,0.19,0.44,0.18,1.8769073222061352,0.08,5,2,nan
8316,0.9973187446594238,100,0.58,0.19,0.23,0.33,0.25,1.9707166054953595,0.03,5,1,nan
8319,0.9988901615142822,100,0.67,0.18,0.15,0.29,0.38,1.9042091564782722,0.06,6,1,nan
8322,0.9949933290481567,100,0.69,0.16,0.15,0.28,0.41,1.8751669003639035,0.12,4,0,nan
8325,0.9511040449142456,100,0.78,0.15,0.07,0.37,0.41,1.7372136887132887,0.16,5,1,nan
8326,0.9994111061096191,100,0.64,0.17,0.19,0.23,0.41,1.9048657074213584,0.07,4,0,nan
8327,0.9968839883804321,100,0.72,0.13,0.15,0.52,0.2,1.7481511646642645,0.07,4,0,nan
8329,0.9657368063926697,100,0.65,0.22,0.13,0.36,0.29,1.9117365812099487,0.08,5,1,nan
8331,0.9962312579154968,100,0.53,0.25,0.22,0.32,0.21,1.9794305274472983,0.04,5,1,nan
8337,0.9973664283752441,100,0.71,0.16,0.13,0.34,0.37,1.865563915108556,0.13,3,0,nan
8338,0.9992200136184692,100,0.64,0.09,0.27,0.34,0.3,1.8729387693531092,0.06,5,1,nan
8339,0.9968482255935669,100,0.69,0.11,0.2,0.48,0.21,1.795764433617455,0.1,5,1,nan
8342,0.9997063279151917,100,0.65,0.18,0.17,0.27,0.38,1.9203689258098517,0.11,4,0,nan
8345,0.9998752474784851,100,0.74,0.14,0.12,0.39,0.35,1.8240750793131064,0.11,4,0,nan
8346,0.994825005531311,100,0.74,0.16,0.1,0.25,0.49,1.7594915092258554,0.12,5,1,nan
8347,0.9984380602836609,100,0.62,0.21,0.17,0.3,0.32,1.9545336692960715,0.03,6,1,nan
8348,0.9960092306137085,100,0.67,0.17,0.16,0.43,0.24,1.8753026620671873,0.09,4,0,nan
8350,0.9790340662002563,100,0.63,0.15,0.22,0.36,0.27,1.9317550182298724,0.12,4,0,nan
8351,0.9995396733283997,100,0.69,0.13,0.18,0.45,0.24,1.8404876326353354,0.1,4,0,nan
8354,0.994234561920166,100,0.77,0.07,0.16,0.42,0.35,1.747318971732875,0.1,6,2,nan
8362,0.9947211742401123,100,0.6,0.16,0.24,0.34,0.26,1.951613496859848,0.06,6,1,nan
8364,0.9912516474723816,100,0.74,0.14,0.12,0.42,0.32,1.815857683033042,0.15,4,0,nan
8369,0.9961153268814087,100,0.63,0.19,0.18,0.28,0.35,1.94485502785396,0.09,4,0,nan
8374,0.9863287210464478,100,0.73,0.13,0.14,0.32,0.41,1.8331730154349035,0.14,5,1,nan
8379,0.9716043472290039,100,0.73,0.18,0.09,0.55,0.18,1.6776420966871213,0.05,6,2,nan
8382,0.999578595161438,100,0.73,0.16,0.11,0.27,0.46,1.7986605863542595,0.12,4,0,nan
8384,0.957858681678772,100,0.55,0.25,0.2,0.31,0.24,1.982314666960562,0.03,5,1,nan
8387,0.9931953549385071,100,0.68,0.17,0.15,0.32,0.36,1.9017809169016568,0.11,4,0,nan
8389,0.9888280630111694,100,0.8,0.12,0.08,0.53,0.27,1.654043223185554,0.05,6,1,nan
8390,0.9946228861808777,100,0.77,0.06,0.17,0.43,0.34,1.7308585461718802,0.17,4,0,nan
8393,0.9926308393478394,100,0.67,0.13,0.2,0.35,0.32,1.9031643515081718,0.08,5,1,nan
8395,0.9601953625679016,100,0.68,0.1,0.22,0.41,0.27,1.8501724767082324,0.06,4,0,nan
8401,0.9642645120620728,100,0.69,0.16,0.15,0.31,0.38,1.887809289104953,0.1,4,0,nan
8406,0.9994276762008667,100,0.72,0.16,0.12,0.22,0.5,1.770657638700618,0.05,5,2,nan
8407,0.9916888475418091,100,0.69,0.11,0.2,0.22,0.47,1.8072013763584547,0.08,5,2,nan
8410,0.9890391230583191,100,0.65,0.11,0.24,0.53,0.12,1.69693437054651,0.02,7,1,nan
8416,0.9980570673942566,100,0.61,0.19,0.2,0.35,0.26,1.9550009605955487,0.06,4,0,nan
8419,0.9940978288650513,100,0.68,0.11,0.21,0.31,0.37,1.8776334514384394,0.13,4,0,nan
8420,0.9839562177658081,100,0.79,0.08,0.13,0.37,0.42,1.7305279635665922,0.13,4,0,nan
8421,0.9992419481277466,100,0.68,0.21,0.11,0.39,0.29,1.8708106989978095,0.07,4,0,nan
8423,0.9737663865089417,100,0.78,0.13,0.09,0.32,0.46,1.7366672765003486,0.16,5,3,nan
8424,0.9893933534622192,100,0.59,0.14,0.27,0.35,0.24,1.931366818998708,0.07,5,1,nan
8426,0.9937527775764465,100,0.76,0.12,0.12,0.3,0.46,1.7705595111328656,0.15,4,0,nan
8431,0.9964609146118164,100,0.66,0.14,0.2,0.42,0.24,1.8812765639690308,0.04,4,0,nan
8432,0.9702622890472412,100,0.72,0.12,0.16,0.22,0.5,1.770657638700618,0.06,5,2,nan
8445,0.9564141035079956,100,0.83,0.12,0.05,0.43,0.4,1.635499202466971,0.22,4,0,nan
8448,0.9970914125442505,100,0.64,0.19,0.17,0.32,0.32,1.9418812792078857,0.07,3,0,nan
8450,0.9654580950737,100,0.69,0.14,0.17,0.36,0.33,1.8901347577665804,0.08,4,0,nan
8462,0.9991773962974548,100,0.59,0.24,0.17,0.28,0.31,1.966736272193029,0.06,4,0,nan
8465,0.9992467761039734,100,0.71,0.11,0.18,0.37,0.34,1.8554971001571792,0.18,4,0,nan
8473,0.9960158467292786,100,0.68,0.19,0.13,0.37,0.31,1.8923941973594585,0.14,4,0,nan
8484,0.9976551532745361,100,0.74,0.16,0.1,0.22,0.52,1.7263597707524152,0.08,4,0,nan
8487,0.9762967824935913,100,0.65,0.22,0.13,0.23,0.42,1.8765315028559852,0.07,5,1,nan
8490,0.9926337003707886,100,0.84,0.08,0.08,0.33,0.51,1.6062692059809722,0.16,5,2,nan
8491,0.9848136305809021,100,0.79,0.1,0.11,0.38,0.41,1.7403171252339087,0.1,5,2,nan
8493,0.9988521933555603,100,0.77,0.11,0.12,0.44,0.33,1.7663232400493827,0.14,4,0,nan
8494,0.9885938167572021,100,0.59,0.18,0.23,0.33,0.26,1.966086053517022,0.06,4,0,nan
8496,0.9978788495063782,100,0.64,0.08,0.28,0.42,0.22,1.8119485379313107,0.04,4,0,nan
8499,0.9919622540473938,100,0.75,0.08,0.17,0.51,0.24,1.7156595821836267,0.1,4,0,nan
8506,0.999489963054657,100,0.68,0.17,0.15,0.47,0.21,1.82991049834886,0.07,5,2,nan
8507,0.9772729277610779,100,0.68,0.17,0.15,0.19,0.49,1.804639866250156,0.08,5,3,nan
8520,0.9679717421531677,100,0.61,0.19,0.2,0.46,0.15,1.8454922541154672,0.02,4,0,nan
8521,0.9989611506462097,100,0.66,0.08,0.26,0.36,0.3,1.8485016838562527,0.1,4,0,nan
8522,0.9847734570503235,100,0.7,0.18,0.12,0.28,0.42,1.8522414936853613,0.13,4,0,nan
8526,0.9992226958274841,100,0.75,0.1,0.15,0.37,0.38,1.8039195905534366,0.16,5,2,nan
8528,0.9920938014984131,100,0.76,0.1,0.14,0.32,0.44,1.776483778997513,0.19,4,0,nan
8529,0.9992935657501221,100,0.74,0.1,0.16,0.45,0.29,1.791514998350639,0.14,4,0,nan
8537,0.9881025552749634,100,0.65,0.23,0.12,0.41,0.24,1.876254117728581,0.1,4,0,nan
8541,0.9983377456665039,100,0.62,0.13,0.25,0.39,0.23,1.9001088637233117,0.06,5,1,nan
8545,0.9987858533859253,100,0.66,0.09,0.25,0.5,0.16,1.7356707973138732,0.04,4,0,nan
8550,0.9994953870773315,100,0.69,0.11,0.2,0.44,0.25,1.8358191331030578,0.06,4,0,nan
8552,0.9993268251419067,100,0.89,0.08,0.03,0.51,0.38,1.4691579352390647,0.17,5,3,nan
8554,0.9933037161827087,100,0.61,0.21,0.18,0.19,0.42,1.8990034856102085,0.07,5,2,nan
8562,0.9905421137809753,100,0.63,0.22,0.15,0.36,0.27,1.9317550182298724,0.11,4,0,nan
8563,0.9907166957855225,100,0.7,0.14,0.16,0.54,0.16,1.7231872495183873,0.03,5,1,nan
8567,0.9868298768997192,100,0.61,0.25,0.14,0.26,0.35,1.932499070595557,0.06,3,0,nan
8568,0.9588654041290283,100,0.68,0.17,0.15,0.41,0.27,1.8825379699433384,0.1,3,0,nan
8571,0.9837325811386108,100,0.59,0.14,0.27,0.26,0.33,1.94024248899755,0.05,4,0,nan
8575,0.9989234209060669,100,0.76,0.15,0.09,0.25,0.51,1.7186283784544947,0.11,5,1,nan
8577,0.9991948008537292,100,0.63,0.18,0.19,0.3,0.33,1.949446223889982,0.07,5,2,nan
8578,0.989346981048584,100,0.57,0.24,0.19,0.36,0.21,1.9527993027445938,0.03,5,1,nan
8583,0.9554994106292725,100,0.67,0.12,0.21,0.43,0.24,1.8575891862096667,0.12,4,0,nan
8585,0.9784929752349854,100,0.93,0.03,0.04,0.61,0.32,1.2985575388397295,0.21,6,3,nan
8590,0.9783896207809448,100,0.55,0.2,0.25,0.3,0.25,1.9854752972273344,0.06,4,0,nan
8591,0.9728765487670898,100,0.56,0.3,0.14,0.15,0.41,1.8561294107694124,0.01,5,1,nan
8593,0.9990061521530151,100,0.8,0.13,0.07,0.36,0.44,1.702961269152707,0.17,6,2,nan
8594,0.9984835386276245,100,0.66,0.21,0.13,0.27,0.39,1.8952858766924296,0.11,4,0,nan
8599,0.977805495262146,100,0.78,0.11,0.11,0.38,0.4,1.7597975406110118,0.14,5,2,nan
8603,0.9991600513458252,100,0.62,0.22,0.16,0.31,0.31,1.9511795212346565,0.06,4,0,nan
8607,0.9825723767280579,100,0.54,0.14,0.32,0.34,0.2,1.9167035156840724,0.05,4,0,nan
8608,0.9997414946556091,100,0.77,0.11,0.12,0.33,0.44,1.766323240049383,0.15,4,0,nan
8609,0.9753081798553467,100,0.64,0.3,0.06,0.36,0.28,1.8094588823535382,0.15,4,0,nan
8621,0.9856584668159485,100,0.71,0.14,0.15,0.34,0.37,1.8675578000375554,0.11,4,0,nan
8624,0.9902800917625427,100,0.74,0.16,0.1,0.3,0.44,1.7974462894030223,0.12,4,0,nan
8630,0.9997682571411133,100,0.81,0.13,0.06,0.53,0.28,1.6258440572784887,0.14,5,2,nan
8632,0.9965134859085083,100,0.77,0.15,0.08,0.39,0.38,1.7623032799686074,0.09,6,1,nan
8647,0.9989088177680969,100,0.79,0.13,0.08,0.46,0.33,1.717310467241867,0.1,4,0,nan
8649,0.9610001444816589,100,0.62,0.12,0.26,0.29,0.33,1.9180818149962164,0.04,4,0,nan
8655,0.9946367144584656,100,0.7,0.16,0.14,0.24,0.46,1.8295970007273568,0.08,6,1,nan
8657,0.9774747490882874,100,0.75,0.14,0.11,0.35,0.4,1.8062687287508745,0.17,5,2,nan
8660,0.9628139138221741,100,0.75,0.13,0.12,0.29,0.46,1.7829505379566222,0.09,5,1,nan
8664,0.9667370915412903,100,0.62,0.18,0.2,0.36,0.26,1.9455967433017196,0.04,4,0,nan
8668,0.9502437710762024,100,0.67,0.16,0.17,0.33,0.34,1.914600081348762,0.04,5,1,nan
8671,0.9981096386909485,100,0.76,0.09,0.15,0.34,0.42,1.7780186667114442,0.14,6,1,nan
8673,0.9993554949760437,100,0.8,0.08,0.12,0.28,0.52,1.6633726580786887,0.1,5,1,nan
8679,0.9978634119033813,100,0.64,0.17,0.19,0.29,0.35,1.9378177346901517,0.09,5,1,nan
8680,0.9994128942489624,100,0.84,0.09,0.07,0.37,0.47,1.623893589529683,0.19,6,2,nan
8681,0.9763780236244202,100,0.69,0.17,0.14,0.41,0.28,1.873302117604559,0.06,4,0,nan
8686,0.997176468372345,100,0.77,0.17,0.06,0.46,0.31,1.7172504007127403,0.12,4,0,nan
8689,0.9836209416389465,100,0.71,0.09,0.2,0.36,0.35,1.8377552642174733,0.1,4,0,nan
8695,0.9986711740493774,100,0.57,0.21,0.22,0.2,0.37,1.9485112106307958,0.05,4,0,nan
8701,0.9948693513870239,100,0.56,0.19,0.25,0.26,0.3,1.981604409377523,0.03,5,2,nan
8709,0.9613341689109802,100,0.65,0.08,0.27,0.43,0.22,1.8056677635684806,0.07,5,1,nan
8710,0.9993197917938232,100,0.62,0.26,0.12,0.19,0.43,1.8511462908953185,0.04,4,0,nan
8714,0.984449028968811,100,0.57,0.25,0.18,0.22,0.35,1.9559816300404838,0.09,4,0,nan
8717,0.9972726106643677,100,0.62,0.17,0.21,0.45,0.17,1.860398271617716,0.06,5,1,nan
8726,0.9918020963668823,100,0.72,0.16,0.12,0.3,0.42,1.8368201934385513,0.13,3,0,nan
8731,0.9753034114837646,100,0.76,0.11,0.13,0.33,0.43,1.7843176444560882,0.15,4,0,nan
8735,0.9532346129417419,100,0.79,0.11,0.1,0.29,0.5,1.7003833187615274,0.08,4,0,nan
8738,0.9946056008338928,100,0.78,0.1,0.12,0.22,0.56,1.6482741677469859,0.12,5,2,nan
8740,0.990058183670044,100,0.56,0.31,0.13,0.34,0.22,1.9161858480711307,0.07,5,1,nan
8742,0.9977152943611145,100,0.67,0.19,0.14,0.42,0.25,1.8779829081216186,0.07,4,0,nan
8748,0.9675304293632507,100,0.69,0.12,0.19,0.27,0.42,1.8579615189826888,0.08,4,0,nan
8754,0.9993839263916016,100,0.66,0.25,0.09,0.16,0.5,1.735670797313873,0.04,4,0,nan
8755,0.9959673881530762,100,0.62,0.17,0.21,0.32,0.3,1.954533669296072,0.03,6,1,nan
8763,0.9961427450180054,100,0.66,0.21,0.13,0.3,0.36,1.9071721884310553,0.08,4,0,nan
8765,0.9993563294410706,100,0.74,0.1,0.16,0.33,0.41,1.8104169990042842,0.13,5,1,nan
8768,0.9997379779815674,100,0.7,0.12,0.18,0.45,0.25,1.830776248636535,0.12,4,0,nan
8770,0.9961654543876648,100,0.63,0.27,0.1,0.33,0.3,1.8911265166310067,0.07,3,0,nan
8773,0.9961967468261719,100,0.6,0.08,0.32,0.37,0.23,1.8359391945989003,0.07,3,0,nan
8778,0.9504033327102661,100,0.74,0.1,0.16,0.41,0.33,1.8104169990042844,0.11,6,1,nan
8785,0.9996519088745117,100,0.69,0.12,0.19,0.45,0.24,1.8348295686124736,0.13,4,0,nan
8795,0.9991433620452881,100,0.65,0.23,0.12,0.22,0.43,1.8588726391729655,0.05,4,0,nan
8800,0.99950110912323,100,0.8,0.13,0.07,0.23,0.57,1.6011176239053349,0.08,5,2,nan
8801,0.9993931651115417,100,0.7,0.12,0.18,0.48,0.22,1.8012172329822094,0.13,7,1,nan
8803,0.9556346535682678,100,0.85,0.08,0.07,0.37,0.48,1.5990615996018258,0.15,4,0,nan
8807,0.9961520433425903,100,0.59,0.14,0.27,0.41,0.18,1.879824052949493,0.07,6,1,nan
8810,0.9877573251724243,100,0.67,0.17,0.16,0.35,0.32,1.9137384508314286,0.14,3,0,nan
8813,0.9999803900718689,100,0.86,0.1,0.04,0.29,0.57,1.4981015836250897,0.17,5,2,nan
8814,0.9911065697669983,100,0.71,0.19,0.1,0.22,0.49,1.7722743730150499,0.09,4,0,nan
8816,0.9922217726707458,100,0.7,0.06,0.24,0.17,0.53,1.6577009156273246,0.04,4,0,nan
8817,0.9909493327140808,100,0.62,0.2,0.18,0.38,0.24,1.934280615255996,0.07,4,0,nan
8819,0.9989114999771118,100,0.73,0.11,0.16,0.4,0.33,1.8298974143813873,0.07,5,1,nan
8827,0.9996090531349182,100,0.68,0.15,0.17,0.21,0.47,1.8299104983488599,0.07,5,2,nan
8829,0.9842276573181152,100,0.68,0.16,0.16,0.44,0.24,1.8613152774012365,0.03,5,1,nan
8830,0.9812395572662354,100,0.67,0.1,0.23,0.35,0.32,1.8759950744621374,0.12,4,0,nan
8838,0.9669524431228638,100,0.66,0.24,0.1,0.26,0.4,1.8603868154412821,0.06,4,0,nan
8840,0.9994515180587769,100,0.74,0.08,0.18,0.22,0.52,1.707966079981535,0.08,5,1,nan
8841,0.9946351051330566,100,0.61,0.15,0.24,0.39,0.22,1.915049778803887,0.1,4,0,nan
8843,0.998220682144165,100,0.73,0.15,0.12,0.22,0.51,1.75361521984124,0.08,5,2,nan
8846,0.9533042311668396,100,0.74,0.11,0.15,0.17,0.57,1.6576691312968839,0.06,4,0,nan
8848,0.9925720691680908,100,0.59,0.23,0.18,0.2,0.39,1.927157955288246,0.02,6,2,nan
8854,0.9986956715583801,100,0.74,0.12,0.14,0.29,0.45,1.800482618664772,0.14,3,0,nan
8855,0.9681524634361267,100,0.63,0.17,0.2,0.48,0.15,1.8177862980972617,0.07,5,1,nan
8857,0.993108868598938,100,0.6,0.22,0.18,0.24,0.36,1.9506307327225931,0.07,4,0,nan
8865,0.9989497661590576,100,0.75,0.19,0.06,0.41,0.34,1.7553185242586444,0.13,4,0,nan
8869,0.9960405230522156,100,0.62,0.06,0.32,0.39,0.23,1.7870323244820654,0.07,3,0,nan
8871,0.9968457221984863,100,0.78,0.19,0.03,0.59,0.19,1.5113354605210412,0.06,5,3,nan
8872,0.9603883028030396,100,0.52,0.28,0.2,0.28,0.24,1.9869608142719164,0.06,4,0,nan
8874,0.9944962859153748,100,0.63,0.22,0.15,0.2,0.43,1.8790681808338667,0.06,5,3,nan
8875,0.9502081274986267,100,0.63,0.22,0.15,0.24,0.39,1.915049778803887,0.1,4,0,nan
8876,0.9987323880195618,100,0.63,0.21,0.16,0.15,0.48,1.8146539413037521,0.06,5,1,nan
8879,0.9973549842834473,100,0.71,0.15,0.14,0.4,0.31,1.860220817170506,0.05,4,0,nan
8880,0.9977201223373413,100,0.66,0.17,0.17,0.39,0.27,1.908992332809196,0.14,4,0,nan
8885,0.9956451058387756,100,0.75,0.1,0.15,0.5,0.25,1.7427376486136672,0.12,5,1,nan
8887,0.9955876469612122,100,0.57,0.18,0.25,0.23,0.34,1.962149026153199,0.07,4,0,nan
8893,0.9822962880134583,100,0.61,0.22,0.17,0.36,0.25,1.945775502699048,0.08,4,0,nan
8900,0.9659236669540405,100,0.67,0.21,0.12,0.33,0.34,1.8968866054912412,0.05,4,0,nan
8903,0.9860765337944031,100,0.67,0.18,0.15,0.26,0.41,1.8885254515637322,0.11,6,1,nan
8905,0.9916219115257263,100,0.68,0.18,0.14,0.23,0.45,1.8484868571855775,0.11,5,1,nan
8915,0.994027853012085,100,0.62,0.14,0.24,0.24,0.38,1.9158320452319428,0.07,4,0,nan
8924,0.9935087561607361,100,0.64,0.14,0.22,0.34,0.3,1.9279469998787842,0.11,4,0,nan
8925,0.9786580801010132,100,0.64,0.23,0.13,0.24,0.4,1.8932175383952474,0.08,4,0,nan
8927,0.9985448122024536,100,0.78,0.13,0.09,0.19,0.59,1.5996401496088068,0.1,5,1,nan
8935,0.9938678741455078,100,0.69,0.19,0.12,0.2,0.49,1.79096101953998,0.08,5,1,nan
8937,0.9985911846160889,100,0.73,0.13,0.14,0.52,0.21,1.7431540251114106,0.07,5,1,nan
8942,0.9542982578277588,100,0.7,0.12,0.18,0.43,0.27,1.8459607193225311,0.09,4,0,nan
8944,0.9925259351730347,100,0.62,0.22,0.16,0.28,0.34,1.9469844894732748,0.08,3,0,nan
8945,0.9998542070388794,100,0.72,0.14,0.14,0.42,0.3,1.840956315348961,0.08,5,2,nan
8955,0.9924813508987427,100,0.71,0.16,0.13,0.43,0.28,1.8434458037183516,0.13,4,0,nan
8959,0.9605439901351929,100,0.63,0.23,0.14,0.34,0.29,1.931855396181436,0.09,5,2,nan
8961,0.9934192299842834,100,0.71,0.18,0.11,0.5,0.21,1.7684174577941039,0.07,4,0,nan
8964,0.956896960735321,100,0.63,0.19,0.18,0.28,0.35,1.94485502785396,0.03,4,0,nan
8967,0.9901699423789978,100,0.58,0.26,0.16,0.34,0.24,1.951613496859848,0.11,4,0,nan
8969,0.952521800994873,100,0.74,0.16,0.1,0.33,0.41,1.8104169990042842,0.09,4,0,nan
8981,0.9969384670257568,100,0.67,0.2,0.13,0.23,0.44,1.8558442453453865,0.04,4,0,nan
8982,0.9889388680458069,100,0.64,0.13,0.23,0.33,0.31,1.9219288609150489,0.09,3,0,nan
8984,0.9990069270133972,100,0.76,0.15,0.09,0.19,0.57,1.6406758146754548,0.08,6,2,nan
8986,0.9844946265220642,100,0.65,0.17,0.18,0.15,0.5,1.7904393222739106,0.02,4,0,nan
8990,0.9892951846122742,100,0.78,0.13,0.09,0.36,0.42,1.751559458200263,0.12,5,1,nan
8993,0.9992505311965942,100,0.67,0.26,0.07,0.15,0.52,1.6749647757393626,0.05,4,0,nan
8995,0.9886049628257751,100,0.75,0.19,0.06,0.36,0.39,1.7591723463016646,0.17,4,0,nan
8998,0.9942167401313782,100,0.72,0.16,0.12,0.41,0.31,1.84126351157484,0.14,4,0,nan
9000,0.9582986235618591,100,0.73,0.07,0.2,0.42,0.31,1.7823815524662092,0.11,6,1,nan
9001,0.9996773600578308,100,0.68,0.1,0.22,0.43,0.25,1.8363305322201997,0.09,4,0,nan
9005,0.999207079410553,100,0.8,0.09,0.11,0.31,0.49,1.6910167817584303,0.08,5,1,nan
9012,0.9983254671096802,100,0.74,0.13,0.13,0.34,0.4,1.8232332590779805,0.15,4,0,nan
9019,0.9732915163040161,100,0.73,0.12,0.15,0.21,0.52,1.7410117881300005,0.07,5,3,nan
9021,0.9968326687812805,100,0.67,0.17,0.16,0.3,0.37,1.9094225827968998,0.09,4,0,nan
9023,0.9588991403579712,100,0.58,0.17,0.25,0.22,0.36,1.945775502699048,0.06,4,0,nan
9031,0.9976897835731506,100,0.78,0.13,0.09,0.39,0.39,1.754892045574021,0.15,5,2,nan
9032,0.9748364090919495,100,0.7,0.11,0.19,0.27,0.43,1.8390990140643022,0.08,4,0,nan
9035,0.9983017444610596,100,0.69,0.21,0.1,0.36,0.33,1.8634536615949266,0.15,3,0,nan
9042,0.9983057379722595,100,0.67,0.18,0.15,0.43,0.24,1.873551255478851,0.12,4,0,nan
9043,0.9991272687911987,100,0.67,0.15,0.18,0.38,0.29,1.9042091564782722,0.06,6,1,nan
9046,0.9596189260482788,100,0.62,0.11,0.27,0.42,0.2,1.850340149595934,0.04,4,0,nan
9055,0.9841485023498535,100,0.7,0.2,0.1,0.38,0.32,1.8530653061999534,0.15,4,0,nan
9061,0.9995291233062744,100,0.8,0.14,0.06,0.54,0.26,1.625975172758434,0.15,5,1,nan
9071,0.9970079064369202,100,0.65,0.18,0.17,0.46,0.19,1.8504562791620436,0.07,4,0,nan
9072,0.9963277578353882,100,0.76,0.12,0.12,0.32,0.44,1.7813152774012364,0.14,4,0,nan
9073,0.9907124638557434,100,0.75,0.17,0.08,0.34,0.41,1.7826538188436372,0.08,5,2,nan
9077,0.9590334296226501,100,0.83,0.11,0.06,0.36,0.47,1.6363912008736303,0.12,5,1,nan
9083,0.9596846103668213,100,0.73,0.12,0.15,0.3,0.43,1.8222660771424506,0.08,5,1,nan
9087,0.9951062798500061,100,0.61,0.14,0.25,0.32,0.29,1.941047964655983,0.09,5,1,nan
9089,0.9982866048812866,100,0.65,0.14,0.21,0.3,0.35,1.921123607289827,0.1,4,0,nan
9090,0.9837234616279602,100,0.7,0.12,0.18,0.35,0.35,1.8725760775670932,0.06,5,1,nan
9091,0.9980918169021606,100,0.7,0.14,0.16,0.3,0.4,1.8699880840491598,0.1,4,0,nan
9092,0.992434561252594,100,0.59,0.2,0.21,0.43,0.16,1.8837900674918104,0.07,4,0,nan
9093,0.9625212550163269,100,0.79,0.1,0.11,0.38,0.41,1.7403171252339087,0.13,5,1,nan
9103,0.9652937650680542,100,0.52,0.28,0.2,0.3,0.22,1.980269057838362,0.01,4,0,nan
9104,0.9969863891601562,100,0.7,0.19,0.11,0.33,0.37,1.8640646794993394,0.08,6,1,nan
9106,0.9807307124137878,100,0.63,0.18,0.19,0.34,0.29,1.947611607348716,0.05,4,0,nan
9109,0.9989936947822571,100,0.65,0.18,0.17,0.23,0.42,1.8932084390423585,0.06,5,1,nan
9111,0.9972574710845947,100,0.77,0.11,0.12,0.3,0.47,1.750399272667038,0.16,5,1,nan
9114,0.997235894203186,100,0.69,0.16,0.15,0.36,0.33,1.891999540525925,0.14,3,0,nan
9116,0.9993876814842224,100,0.69,0.13,0.18,0.45,0.24,1.8404876326353354,0.12,7,1,nan
9120,0.9914306402206421,100,0.62,0.18,0.2,0.22,0.4,1.9190378764824856,0.06,5,1,nan
9121,0.9585059285163879,100,0.61,0.23,0.16,0.37,0.24,1.9355481944258228,0.06,4,0,nan
9122,0.9695214629173279,100,0.65,0.09,0.26,0.47,0.18,1.7752053523801268,0.1,7,2,nan
9125,0.9980251789093018,100,0.69,0.22,0.09,0.28,0.41,1.8348322834751678,0.1,4,0,nan
9130,0.9662593603134155,100,0.68,0.09,0.23,0.46,0.22,1.7962302338653722,0.11,4,0,nan
9132,0.9980148077011108,100,0.72,0.16,0.12,0.26,0.46,1.810707863185276,0.11,4,0,nan
9137,0.9998786449432373,100,0.65,0.23,0.12,0.22,0.43,1.8588726391729655,0.06,4,0,nan
9143,0.996675431728363,100,0.59,0.23,0.18,0.27,0.32,1.969030814037859,0.07,4,0,nan
9145,0.9915688037872314,100,0.75,0.15,0.1,0.28,0.47,1.7689136524800921,0.11,5,1,nan
9147,0.9854761958122253,100,0.79,0.11,0.1,0.52,0.27,1.6830776232183815,0.12,5,3,nan
9154,0.9991549849510193,100,0.66,0.24,0.1,0.16,0.5,1.7493442852255487,0.05,4,0,nan
9156,0.9846225380897522,100,0.76,0.09,0.15,0.48,0.28,1.7456879717813545,0.12,5,1,nan
9158,0.9993080496788025,100,0.71,0.2,0.09,0.18,0.53,1.7077929794893323,0.09,4,0,nan
9163,0.9793004393577576,100,0.66,0.2,0.14,0.28,0.38,1.906169048424496,0.11,4,0,nan
9164,0.9917060732841492,100,0.63,0.23,0.14,0.35,0.28,1.92909881668668,0.11,4,0,nan
9165,0.9978722929954529,100,0.77,0.1,0.13,0.45,0.32,1.7592723235792929,0.16,5,1,nan
9169,0.9918845295906067,100,0.76,0.06,0.18,0.61,0.15,1.5343885742172005,0.06,6,4,nan
9173,0.9921372532844543,100,0.57,0.28,0.15,0.27,0.3,1.9558764179906256,0.07,4,0,nan
9176,0.997571587562561,100,0.58,0.24,0.18,0.27,0.31,1.9732582075379632,0.06,4,0,nan
9183,0.9992550015449524,100,0.63,0.24,0.13,0.31,0.32,1.9266071700233738,0.08,4,0,nan
9186,0.9794505834579468,100,0.63,0.21,0.16,0.27,0.36,1.936476904887816,0.07,3,0,nan
9187,0.977832555770874,100,0.6,0.16,0.24,0.31,0.29,1.95884984479472,0.11,7,1,nan
9188,0.9967541694641113,100,0.57,0.23,0.2,0.38,0.19,1.9377326382412956,0.08,4,0,nan
9189,0.9870100617408752,100,0.67,0.15,0.18,0.24,0.43,1.873551255478851,0.11,4,0,nan
9193,0.9911861419677734,100,0.72,0.16,0.12,0.15,0.57,1.6628797922730054,0.04,5,1,nan
9197,0.991144597530365,100,0.64,0.16,0.2,0.37,0.27,1.9281531999304045,0.05,5,1,nan
9200,0.9576054215431213,100,0.55,0.25,0.2,0.23,0.32,1.9780872734604582,0.06,4,0,nan
9201,0.99604731798172,100,0.62,0.21,0.17,0.18,0.44,1.8738644355186005,0.06,4,0,nan
9202,0.9770992398262024,100,0.58,0.25,0.17,0.3,0.28,1.9698969024598012,0.04,4,0,nan
9203,0.9989410042762756,100,0.79,0.1,0.11,0.48,0.31,1.7145430456697994,0.15,5,1,nan
9208,0.9995948076248169,100,0.69,0.18,0.13,0.19,0.5,1.783178203715123,0.06,5,1,nan
9210,0.9960710406303406,100,0.75,0.08,0.17,0.46,0.29,1.759334518388945,0.08,4,0,nan
9214,0.9768808484077454,100,0.62,0.17,0.21,0.33,0.29,1.9531363000033417,0.05,4,0,nan
9221,0.9975935816764832,100,0.75,0.14,0.11,0.2,0.55,1.6861555612205221,0.04,5,2,nan
9222,0.9965514540672302,100,0.63,0.27,0.1,0.2,0.43,1.8301642912024776,0.08,4,0,nan
9223,0.9859199523925781,100,0.54,0.15,0.31,0.44,0.1,1.7876790225243686,0.02,4,0,nan
9227,0.9961174130439758,100,0.65,0.16,0.19,0.28,0.37,1.9231928387616026,0.07,4,0,nan
9234,0.988352358341217,100,0.73,0.14,0.13,0.25,0.48,1.788023289538482,0.11,5,1,nan
9235,0.9947386980056763,100,0.73,0.23,0.04,0.23,0.5,1.6610895951011364,0.13,4,0,nan
9241,0.9975372552871704,100,0.64,0.14,0.22,0.47,0.17,1.8242261012854075,0.03,5,1,nan
9243,0.9999248385429382,100,0.73,0.09,0.18,0.44,0.29,1.7970120385978936,0.13,4,0,nan
9246,0.9818309545516968,100,0.76,0.09,0.15,0.47,0.29,1.7530581014281532,0.16,5,2,nan
9247,0.9981273412704468,100,0.78,0.12,0.1,0.4,0.38,1.7584841871359422,0.12,5,1,nan
9254,0.996877133846283,100,0.73,0.11,0.16,0.47,0.26,1.7905476247194485,0.12,4,0,nan
9259,0.9985458254814148,100,0.71,0.14,0.15,0.34,0.37,1.8675578000375554,0.1,4,0,nan
9260,0.9978519082069397,100,0.65,0.12,0.23,0.27,0.38,1.895209359102374,0.12,5,1,nan
9261,0.9734825491905212,100,0.86,0.07,0.07,0.38,0.48,1.5758320452319428,0.18,6,2,nan
9267,0.9983376264572144,100,0.69,0.14,0.17,0.56,0.13,1.6827818979635023,0.04,4,0,nan
9268,0.9977738261222839,100,0.71,0.17,0.12,0.38,0.33,1.8599294921787761,0.12,5,1,nan
9270,0.9666431546211243,100,0.68,0.18,0.14,0.31,0.37,1.896941398924401,0.11,3,0,nan
9273,0.9897506237030029,100,0.77,0.08,0.15,0.54,0.23,1.6697640993720608,0.09,5,2,nan
9289,0.9956011772155762,100,0.72,0.16,0.12,0.29,0.43,1.8315523565792877,0.12,7,2,nan
9292,0.9994272589683533,100,0.71,0.16,0.13,0.37,0.34,1.865563915108556,0.11,6,1,nan
9297,0.988411009311676,100,0.65,0.15,0.2,0.25,0.4,1.903701696057348,0.11,5,1,nan
9299,0.9982864260673523,100,0.72,0.16,0.12,0.38,0.34,1.849710868554508,0.12,4,0,nan
9301,0.9976593255996704,100,0.78,0.09,0.13,0.44,0.34,1.7456184980610485,0.1,4,0,nan
9313,0.9501078724861145,100,0.65,0.18,0.17,0.32,0.33,1.9337509471142609,0.05,4,0,nan
9314,0.9997351169586182,100,0.75,0.09,0.16,0.54,0.21,1.688537029693104,0.06,5,2,nan
9315,0.9972827434539795,100,0.77,0.17,0.06,0.39,0.38,1.7383704362540582,0.13,5,2,nan
9319,0.9991397261619568,100,0.67,0.2,0.13,0.36,0.31,1.9014395506997461,0.09,4,0,nan
9325,0.9957124590873718,100,0.63,0.23,0.14,0.37,0.26,1.9207951787941517,0.09,4,0,nan
9328,0.963350236415863,100,0.6,0.18,0.22,0.32,0.28,1.9661353552387737,0.03,4,0,nan
9330,0.999108076095581,100,0.71,0.11,0.18,0.21,0.5,1.7684174577941039,0.08,5,1,nan
9333,0.9896022081375122,100,0.78,0.1,0.12,0.48,0.3,1.7286187011707392,0.15,4,0,nan
9338,0.9958295822143555,100,0.62,0.22,0.16,0.45,0.17,1.856578657313608,0.06,4,0,nan
9344,0.9922991991043091,100,0.67,0.23,0.1,0.18,0.49,1.7694498065168074,0.03,4,0,nan
9349,0.9955517053604126,100,0.6,0.24,0.16,0.24,0.36,1.9419011889093372,0.05,6,1,nan
9353,0.9596874117851257,100,0.61,0.13,0.26,0.28,0.33,1.92997526213528,0.07,5,1,nan
9355,0.971964955329895,100,0.72,0.18,0.1,0.26,0.46,1.7981240535234624,0.1,4,0,nan
9357,0.9831097722053528,100,0.6,0.18,0.22,0.37,0.23,1.9442777382390786,0.06,5,1,nan
9361,0.9919491410255432,100,0.7,0.15,0.15,0.28,0.42,1.8609563153489606,0.06,4,0,nan
9364,0.9879360795021057,100,0.69,0.2,0.11,0.42,0.27,1.8503401495959337,0.08,4,0,nan
9369,0.9761073589324951,100,0.72,0.13,0.15,0.22,0.5,1.7737623860875371,0.05,5,1,nan
9370,0.9785988926887512,100,0.68,0.19,0.13,0.24,0.44,1.8531518864886132,0.07,5,1,nan
9371,0.9986039996147156,100,0.6,0.17,0.23,0.28,0.32,1.9625088786929248,0.08,3,0,nan
9375,0.9952396154403687,100,0.71,0.13,0.16,0.39,0.32,1.8614921610601058,0.1,5,1,nan
9385,0.9985136389732361,100,0.56,0.24,0.2,0.31,0.25,1.982314666960562,0.06,4,0,nan
9386,0.9783897399902344,100,0.79,0.09,0.12,0.35,0.44,1.7309684714272286,0.11,5,2,nan
9388,0.9747940897941589,100,0.66,0.14,0.2,0.5,0.16,1.7845127868218253,0.03,5,1,nan
9389,0.9966816902160645,100,0.72,0.13,0.15,0.29,0.43,1.8346571039662067,0.1,4,0,nan
9392,0.9997590780258179,100,0.8,0.1,0.1,0.43,0.37,1.7186789809926388,0.16,4,0,nan
9397,0.9938303232192993,100,0.66,0.21,0.13,0.39,0.27,1.8952858766924299,0.08,5,1,nan
9400,0.9540493488311768,100,0.83,0.1,0.07,0.47,0.36,1.6433187749342344,0.14,5,1,nan
9402,0.9697033166885376,100,0.74,0.11,0.15,0.44,0.3,1.803068031500378,0.13,7,2,nan
9405,0.9943549036979675,100,0.77,0.11,0.12,0.45,0.32,1.7617893182897295,0.19,4,0,nan
9408,0.9973407983779907,100,0.84,0.08,0.08,0.29,0.55,1.5752938587491658,0.11,5,2,nan
9411,0.9959814548492432,100,0.75,0.13,0.12,0.37,0.38,1.81089332593857,0.1,4,0,nan
9412,0.9999135136604309,100,0.74,0.12,0.14,0.4,0.34,1.822122396620061,0.13,5,1,nan
9413,0.9857470393180847,100,0.77,0.11,0.12,0.48,0.29,1.7435267227049323,0.14,5,1,nan
9414,0.9506151676177979,100,0.49,0.24,0.27,0.3,0.19,1.9804721577806739,0.05,4,0,nan
9419,0.998965322971344,100,0.63,0.18,0.19,0.29,0.34,1.947611607348716,0.1,4,0,nan
9421,0.9940146803855896,100,0.52,0.26,0.22,0.21,0.31,1.9824793919543642,0.05,7,2,nan
9427,0.964029848575592,100,0.75,0.11,0.14,0.31,0.44,1.7923382542162152,0.12,4,0,nan
9428,0.9915633797645569,100,0.84,0.09,0.07,0.51,0.33,1.6044611113071319,0.19,5,1,nan
9430,0.9989432692527771,100,0.66,0.2,0.14,0.18,0.48,1.8150723811034164,0.04,4,0,nan
9431,0.9642568826675415,100,0.7,0.16,0.14,0.42,0.28,1.859993804943452,0.07,4,0,nan
9436,0.9985062479972839,100,0.75,0.15,0.1,0.18,0.57,1.6502959826111918,0.08,5,2,nan
9437,0.9936481714248657,100,0.79,0.13,0.08,0.33,0.46,1.717310467241867,0.13,5,2,nan
9438,0.9954031705856323,100,0.77,0.13,0.1,0.45,0.32,1.7592723235792929,0.13,6,2,nan
9439,0.9963173270225525,100,0.76,0.12,0.12,0.3,0.46,1.7705595111328656,0.1,5,1,nan
9440,0.9551716446876526,100,0.78,0.12,0.1,0.37,0.41,1.7573738130233236,0.14,5,1,nan
9441,0.9988617897033691,100,0.78,0.07,0.15,0.3,0.48,1.708458576860704,0.17,4,0,nan
9445,0.9964807033538818,100,0.71,0.15,0.14,0.32,0.39,1.8634860459891054,0.12,5,1,nan
9446,0.9989410638809204,100,0.72,0.15,0.13,0.51,0.21,1.7614418538861025,0.06,5,2,nan
9447,0.9735833406448364,100,0.72,0.21,0.07,0.22,0.5,1.721951635459585,0.07,5,2,nan
9448,0.9995948672294617,100,0.58,0.23,0.19,0.33,0.25,1.9707166054953595,0.05,3,0,nan
9450,0.9897888898849487,100,0.62,0.27,0.11,0.3,0.32,1.90743190745793,0.06,5,1,nan
9452,0.9761280417442322,100,0.68,0.14,0.18,0.23,0.45,1.8484868571855775,0.1,5,1,nan
9453,0.9907724857330322,100,0.82,0.06,0.12,0.46,0.36,1.656551439339458,0.13,5,2,nan
9456,0.9999187588691711,100,0.77,0.12,0.11,0.55,0.22,1.6723004130993149,0.09,5,2,nan
9458,0.9890958666801453,100,0.71,0.11,0.18,0.51,0.2,1.7554096680820706,0.05,4,0,nan
9460,0.9989155530929565,100,0.83,0.08,0.09,0.35,0.48,1.6425318833680234,0.11,5,1,nan
9462,0.9989667534828186,100,0.67,0.14,0.19,0.46,0.21,1.8404951145626134,0.05,6,2,nan
9466,0.9989504814147949,100,0.78,0.17,0.05,0.4,0.38,1.7099074089542914,0.16,5,2,nan
9467,0.9753081798553467,100,0.64,0.3,0.06,0.36,0.28,1.8094588823535382,0.15,4,0,nan
9468,0.9988873600959778,100,0.67,0.13,0.2,0.26,0.41,1.8797027588288118,0.08,4,0,nan
9473,0.9894472360610962,100,0.61,0.26,0.13,0.17,0.44,1.8436661044867302,0.07,6,3,nan
9474,0.978829026222229,100,0.67,0.19,0.14,0.47,0.2,1.8286778938664168,0.13,4,0,nan
9476,0.9890958666801453,100,0.81,0.08,0.11,0.5,0.31,1.6655897606173284,0.14,6,1,nan
9481,0.9820584058761597,100,0.68,0.15,0.17,0.34,0.34,1.9034791853706585,0.1,4,0,nan
9484,0.9909853935241699,100,0.65,0.17,0.18,0.23,0.42,1.8932084390423585,0.09,4,0,nan
9487,0.9987261295318604,100,0.73,0.14,0.13,0.43,0.3,1.8244083141238607,0.09,5,1,nan
9490,0.9855254888534546,100,0.77,0.1,0.13,0.52,0.25,1.7054135160505974,0.13,5,2,nan
9491,0.9532168507575989,100,0.68,0.12,0.2,0.48,0.2,1.804107451387086,0.07,4,0,nan
9492,0.9917581677436829,100,0.68,0.14,0.18,0.48,0.2,1.8150723811034164,0.05,4,0,nan
9493,0.9970504641532898,100,0.72,0.15,0.13,0.42,0.3,1.8399249408254703,0.04,5,2,nan
9494,0.9982411861419678,100,0.64,0.25,0.11,0.18,0.46,1.8109296642350987,0.1,4,0,nan
9497,0.9973407983779907,100,0.84,0.08,0.08,0.29,0.55,1.5752938587491658,0.11,5,2,nan
9498,0.9800072312355042,100,0.61,0.21,0.18,0.28,0.33,1.96017359316715,0.1,4,0,nan
9502,0.9982753396034241,100,0.88,0.08,0.04,0.5,0.38,1.5077156397787999,0.18,5,3,nan
9505,0.9988764524459839,100,0.68,0.2,0.12,0.44,0.24,1.8467341583372252,0.08,5,1,nan
9507,0.9989490509033203,100,0.87,0.05,0.08,0.53,0.34,1.5222245780867456,0.24,5,1,nan
9509,0.9906815886497498,100,0.65,0.15,0.2,0.19,0.46,1.8454922541154672,0.03,5,1,nan
9512,0.997271716594696,100,0.81,0.06,0.13,0.43,0.38,1.6801949767426487,0.23,5,2,nan
9514,0.9594261646270752,100,0.61,0.21,0.18,0.41,0.2,1.909901089860682,0.05,4,0,nan
9515,0.9996967911720276,100,0.65,0.2,0.15,0.37,0.28,1.919879857997134,0.14,4,0,nan
9519,0.991661548614502,100,0.64,0.2,0.16,0.22,0.42,1.8936222971299674,0.06,5,1,nan
9525,0.9842484593391418,100,0.85,0.02,0.13,0.39,0.46,1.54065366127388,0.16,4,0,nan
9530,0.9840542674064636,100,0.75,0.17,0.08,0.23,0.52,1.7043396034356861,0.08,4,0,nan
9533,0.9983469247817993,100,0.57,0.22,0.21,0.14,0.43,1.874071041281013,0.07,3,0,nan
9534,0.9991846680641174,100,0.6,0.19,0.21,0.34,0.26,1.9625116106951046,0.06,4,0,nan
9539,0.9776008725166321,100,0.69,0.21,0.1,0.34,0.35,1.8642902995465955,0.08,4,0,nan
9542,0.9937987923622131,100,0.65,0.19,0.16,0.4,0.25,1.9070146768218172,0.03,5,1,nan
9545,0.9983837008476257,100,0.71,0.19,0.1,0.32,0.39,1.8432502873754304,0.14,4,0,nan
9547,0.9683647751808167,100,0.7,0.16,0.14,0.51,0.19,1.7707833487269162,0.05,5,1,nan
9555,0.9993512630462646,100,0.59,0.19,0.22,0.31,0.28,1.9738147717241776,0.09,3,0,nan
9560,0.9949243068695068,100,0.75,0.13,0.12,0.51,0.24,1.7392756017513036,0.05,5,3,nan
9563,0.9833891987800598,100,0.7,0.21,0.09,0.34,0.36,1.8452659143170291,0.13,4,0,nan
9567,0.9989610910415649,100,0.72,0.14,0.14,0.34,0.38,1.8538469904649177,0.07,4,0,nan
9568,0.9990593791007996,100,0.65,0.21,0.14,0.23,0.42,1.8832472744429283,0.07,4,0,nan
9573,0.9994319677352905,100,0.74,0.08,0.18,0.46,0.28,1.7663718115527534,0.12,5,1,nan
9577,0.9914427399635315,100,0.76,0.15,0.09,0.6,0.16,1.5883949929385277,0.05,5,1,nan
9579,0.9997345209121704,100,0.76,0.14,0.1,0.31,0.45,1.771498941629639,0.11,4,0,nan
9582,0.9709639549255371,100,0.56,0.19,0.25,0.41,0.15,1.8931560035420703,0.04,7,2,nan
9585,0.9762942790985107,100,0.6,0.23,0.17,0.36,0.24,1.947004256176744,0.08,4,0,nan
9588,0.99871426820755,100,0.78,0.12,0.1,0.22,0.56,1.6482741677469859,0.1,5,1,nan
9589,0.9754218459129333,100,0.67,0.17,0.16,0.44,0.23,1.8664183446686435,0.13,4,0,nan
9591,0.9956833124160767,100,0.66,0.24,0.1,0.18,0.48,1.7799038795071398,0.06,4,0,nan
9593,0.969240128993988,100,0.74,0.15,0.11,0.36,0.38,1.8218996667555494,0.12,4,0,nan
9600,0.9888925552368164,100,0.75,0.15,0.1,0.31,0.44,1.7876790225243684,0.11,6,2,nan
9602,0.9891232252120972,100,0.6,0.21,0.19,0.43,0.17,1.886200775902444,0.05,4,0,nan
9604,0.9586749076843262,100,0.71,0.11,0.18,0.36,0.35,1.8563101550150352,0.09,5,1,nan
9605,0.983238160610199,100,0.75,0.11,0.14,0.31,0.44,1.7923382542162152,0.13,4,0,nan
9608,0.9976873993873596,100,0.76,0.12,0.12,0.31,0.45,1.7763304400333624,0.19,4,0,nan
9616,0.9972084164619446,100,0.69,0.16,0.15,0.32,0.37,1.8903248551507352,0.07,5,1,nan
9617,0.9722485542297363,100,0.82,0.09,0.09,0.53,0.29,1.6286573600096168,0.19,5,1,nan
9622,0.9956323504447937,100,0.7,0.16,0.14,0.38,0.32,1.8766140455780977,0.13,5,1,nan
9624,0.98166424036026,100,0.62,0.27,0.11,0.28,0.34,1.9037023419392411,0.07,4,0,nan
9625,0.999637246131897,100,0.62,0.12,0.26,0.41,0.21,1.872563382294548,0.08,4,0,nan
9626,0.950310468673706,100,0.83,0.11,0.06,0.34,0.49,1.6272757720397852,0.13,5,4,nan
9629,0.9998116493225098,100,0.74,0.08,0.18,0.43,0.31,1.784174988773275,0.13,4,0,nan
9630,0.9787447452545166,100,0.63,0.21,0.16,0.26,0.37,1.9318574589917894,0.06,4,0,nan
9631,0.9933579564094543,100,0.67,0.14,0.19,0.31,0.36,1.906746416393215,0.08,4,0,nan
9632,0.9624568819999695,100,0.69,0.12,0.19,0.25,0.44,1.8434405024898126,0.07,4,0,nan
9634,0.9996240139007568,100,0.69,0.2,0.11,0.3,0.39,1.8655590487083171,0.17,3,0,nan
9635,0.9929050803184509,100,0.54,0.27,0.19,0.22,0.32,1.9718553805361014,0.06,4,0,nan
9636,0.9545382261276245,100,0.61,0.12,0.27,0.36,0.25,1.9077040161411358,0.06,5,1,nan
9643,0.9848774671554565,100,0.83,0.13,0.04,0.47,0.36,1.6109692656086607,0.14,5,3,nan
9645,0.998874843120575,100,0.68,0.2,0.12,0.32,0.36,1.888102070191481,0.08,4,0,nan
9646,0.9996190667152405,100,0.7,0.08,0.22,0.48,0.22,1.7609242772281588,0.07,5,1,nan
9647,0.9997162818908691,100,0.75,0.16,0.09,0.31,0.44,1.7806121712245742,0.09,5,2,nan
9654,0.9995703101158142,100,0.59,0.24,0.17,0.24,0.35,1.9529564504852739,0.08,4,0,nan
9675,0.9560417532920837,100,0.69,0.15,0.16,0.45,0.24,1.846097706912016,0.09,4,0,nan
9676,0.9991207122802734,100,0.69,0.13,0.18,0.31,0.38,1.8821992148282727,0.11,4,0,nan
9680,0.9977218508720398,100,0.57,0.13,0.3,0.41,0.16,1.8541355258404129,0.05,4,0,nan
9681,0.9787389039993286,100,0.67,0.1,0.23,0.49,0.18,1.7694498065168074,0.01,5,1,nan
9682,0.9994421601295471,100,0.75,0.13,0.12,0.28,0.47,1.7758873878652253,0.09,5,2,nan
9692,0.9987861514091492,100,0.57,0.25,0.18,0.21,0.36,1.948745982768655,0.08,4,0,nan
9695,0.9874740839004517,100,0.67,0.12,0.21,0.39,0.28,1.8839077873722403,0.08,4,0,nan
9697,0.9684703350067139,100,0.7,0.2,0.1,0.35,0.35,1.8567796494470397,0.05,4,0,nan
9700,0.9972192049026489,100,0.73,0.09,0.18,0.37,0.36,1.8193056935833565,0.08,4,0,nan
9707,0.9800777435302734,100,0.74,0.11,0.15,0.26,0.48,1.7743887953205053,0.12,6,1,nan
9708,0.9944762587547302,100,0.64,0.2,0.16,0.21,0.43,1.8837900674918107,0.1,4,0,nan
9711,0.99909508228302,100,0.67,0.14,0.19,0.36,0.31,1.906746416393215,0.07,5,2,nan
9714,0.9911997318267822,100,0.77,0.12,0.11,0.44,0.33,1.7663232400493827,0.12,4,0,nan
9718,0.9919142723083496,100,0.55,0.22,0.23,0.34,0.21,1.9702379589727514,0.02,3,0,nan
9719,0.9645006060600281,100,0.75,0.14,0.11,0.31,0.44,1.7923382542162152,0.05,4,0,nan
9720,0.9869397282600403,100,0.72,0.11,0.17,0.18,0.54,1.710224277284175,0.03,4,0,nan
9722,0.9823998808860779,100,0.76,0.14,0.1,0.38,0.38,1.790208780980799,0.12,6,1,nan
9723,0.9850805401802063,100,0.73,0.1,0.17,0.46,0.27,1.7921365719030684,0.12,4,0,nan
9724,0.9992583394050598,100,0.66,0.19,0.15,0.4,0.26,1.8998308082075368,0.08,6,1,nan
9725,0.999263346195221,100,0.76,0.13,0.11,0.22,0.54,1.6935473410978017,0.1,5,2,nan
9732,0.9982458353042603,100,0.68,0.17,0.15,0.5,0.18,1.7904393222739106,0.06,5,1,nan
9733,0.9994256496429443,100,0.67,0.22,0.11,0.28,0.39,1.8748775120920107,0.12,3,0,nan
9734,0.9669725298881531,100,0.79,0.08,0.13,0.3,0.49,1.699524024117375,0.09,5,3,nan
9739,0.9976581931114197,100,0.61,0.12,0.27,0.4,0.21,1.8786831673655648,0.06,5,3,nan
9741,0.9781548976898193,100,0.62,0.15,0.23,0.39,0.23,1.9156772352909444,0.05,5,1,nan
9742,0.972343385219574,100,0.68,0.09,0.23,0.26,0.42,1.8312560454680402,0.1,6,1,nan
9744,0.9696341156959534,100,0.64,0.19,0.17,0.3,0.34,1.9400767345002148,0.03,5,2,nan
9745,0.9624235033988953,100,0.69,0.14,0.17,0.48,0.21,1.812789158544408,0.04,5,1,nan
9749,0.9686042666435242,100,0.77,0.11,0.12,0.42,0.35,1.773100838140266,0.12,5,1,nan
9750,0.9783720374107361,100,0.67,0.16,0.17,0.36,0.31,1.912013650023003,0.08,3,0,nan
9752,0.9971020221710205,100,0.64,0.1,0.26,0.32,0.32,1.8895490535693042,0.09,4,0,nan
9754,0.9974807500839233,100,0.8,0.13,0.07,0.43,0.37,1.7054925920677366,0.19,3,0,nan
9758,0.999315619468689,100,0.71,0.14,0.15,0.43,0.28,1.8454396886473512,0.15,4,0,nan
9766,0.9985308647155762,100,0.8,0.12,0.08,0.47,0.33,1.6983538700114067,0.12,5,3,nan
9771,0.9711635112762451,100,0.58,0.29,0.13,0.18,0.4,1.8746267996148256,0.08,5,1,nan
9773,0.9983049631118774,100,0.63,0.19,0.18,0.22,0.41,1.9084921839672075,0.05,4,0,nan
9774,0.9801129102706909,100,0.84,0.08,0.08,0.52,0.32,1.5996275363413566,0.16,6,2,nan
9778,0.9826004505157471,100,0.63,0.26,0.11,0.26,0.37,1.8915923130085428,0.08,4,0,nan
9779,0.9928690791130066,100,0.71,0.16,0.13,0.3,0.41,1.8541355258404129,0.14,5,1,nan
9780,0.9888436198234558,100,0.73,0.18,0.09,0.19,0.54,1.693230960662746,0.11,4,0,nan
9785,0.9993783235549927,100,0.63,0.08,0.29,0.41,0.22,1.817370423194109,0.07,4,0,nan
9795,0.997241735458374,100,0.57,0.17,0.26,0.35,0.22,1.9505491680145393,0.09,4,0,nan
9800,0.988468587398529,100,0.66,0.12,0.22,0.26,0.4,1.8817001689163515,0.07,5,1,nan
9803,0.9992555379867554,100,0.63,0.23,0.14,0.27,0.36,1.9254146246901782,0.08,4,0,nan
9804,0.9548130035400391,100,0.66,0.21,0.13,0.35,0.31,1.9093624554821735,0.06,6,1,nan
9805,0.9971514344215393,100,0.74,0.21,0.05,0.2,0.54,1.6333482561010713,0.08,5,2,nan
9810,0.9988470077514648,100,0.72,0.08,0.2,0.45,0.27,1.7843170518647622,0.14,4,0,nan
9814,0.9788280725479126,100,0.74,0.12,0.14,0.46,0.28,1.7937331226377664,0.04,4,0,nan
9815,0.9949889183044434,100,0.75,0.1,0.15,0.24,0.51,1.7323018663661705,0.11,5,2,nan
9816,0.9952390193939209,100,0.62,0.17,0.21,0.25,0.37,1.9381390552522348,0.04,3,0,nan
9819,0.9897578358650208,100,0.65,0.18,0.17,0.16,0.49,1.8071931828860988,0.03,4,0,nan
9835,0.9780284762382507,100,0.76,0.13,0.11,0.37,0.39,1.7934569377272918,0.11,5,1,nan
9836,0.9501133561134338,100,0.58,0.2,0.22,0.15,0.43,1.8790681808338667,0.03,4,0,nan
9837,0.9907523393630981,100,0.72,0.23,0.05,0.2,0.52,1.6587262627264032,0.06,4,0,nan
9839,0.9981611371040344,100,0.6,0.29,0.11,0.27,0.33,1.9060345381652,0.11,5,2,nan
9848,0.9694949984550476,100,0.56,0.14,0.3,0.41,0.15,1.8561294107694126,0.01,5,1,nan
9855,0.9989383816719055,100,0.73,0.19,0.08,0.35,0.38,1.8072884511811427,0.14,4,0,nan
9864,0.9855912923812866,100,0.67,0.19,0.14,0.22,0.45,1.85131142368382,0.07,4,0,nan
9865,0.9967174530029297,100,0.79,0.12,0.09,0.41,0.38,1.737558662556401,0.09,5,1,nan
9869,0.9921450018882751,100,0.57,0.21,0.22,0.19,0.38,1.939075892228136,0.05,4,0,nan
9870,0.9741175770759583,100,0.65,0.21,0.14,0.16,0.49,1.7972320182866686,0.06,6,1,nan
9872,0.9998958706855774,100,0.66,0.15,0.19,0.48,0.18,1.8193478722733945,0.06,5,1,nan
9880,0.9989694952964783,100,0.64,0.18,0.18,0.48,0.16,1.8219011889093373,0.03,5,1,nan
9883,0.9937027096748352,100,0.77,0.12,0.11,0.27,0.5,1.7273754911665844,0.09,5,3,nan
9885,0.9696086049079895,100,0.73,0.15,0.12,0.3,0.43,1.8222660771424506,0.12,7,2,nan
9889,0.9606658220291138,100,0.66,0.09,0.25,0.23,0.43,1.8238857977862204,0.04,5,2,nan
9891,0.9844200611114502,100,0.68,0.13,0.19,0.46,0.22,1.8337793429756701,0.07,5,1,nan
9897,0.990359902381897,100,0.6,0.17,0.23,0.18,0.42,1.8932084390423585,0.04,5,1,nan
9900,0.9956648349761963,100,0.74,0.22,0.04,0.26,0.48,1.6798849066116803,0.15,7,2,nan
9903,0.9977070689201355,100,0.78,0.11,0.11,0.35,0.43,1.754238333221879,0.18,4,0,nan
9905,0.9944772124290466,100,0.58,0.14,0.28,0.32,0.26,1.9426527957938469,0.09,4,0,nan
9909,0.970526397228241,100,0.57,0.2,0.23,0.41,0.16,1.9024549990107251,0.02,4,0,nan
9912,0.9989774227142334,100,0.76,0.12,0.12,0.49,0.27,1.7484377404010587,0.13,5,1,nan
9913,0.9984525442123413,100,0.73,0.1,0.17,0.5,0.23,1.7544473524929556,0.1,4,0,nan
9916,0.9846317768096924,100,0.64,0.17,0.19,0.46,0.18,1.8504562791620436,0.07,4,0,nan
9919,0.9901279807090759,100,0.72,0.17,0.11,0.31,0.41,1.8360528505987186,0.13,4,0,nan
9920,0.9994386434555054,100,0.77,0.08,0.15,0.3,0.47,1.7350986614624015,0.1,5,1,nan
9922,0.9998512268066406,100,0.79,0.04,0.17,0.21,0.58,1.5489718708046356,0.06,5,2,nan
9923,0.9991527795791626,100,0.6,0.28,0.12,0.27,0.33,1.9191316265396308,0.07,4,0,nan
9926,0.9590180516242981,100,0.64,0.17,0.19,0.32,0.32,1.9418812792078857,0.12,3,0,nan
9927,0.998039960861206,100,0.61,0.16,0.23,0.28,0.33,1.9527275023171928,0.06,4,0,nan
9932,0.9983318448066711,100,0.74,0.18,0.08,0.25,0.49,1.7410978184549752,0.12,4,0,nan
9936,0.9659577012062073,100,0.66,0.24,0.1,0.18,0.48,1.7799038795071398,0.04,4,0,nan
9937,0.9785714745521545,100,0.89,0.1,0.01,0.38,0.51,1.4245140007719632,0.15,5,2,nan
9944,0.9628716707229614,100,0.66,0.23,0.11,0.25,0.41,1.8653390924944135,0.08,4,0,nan
9951,0.9943332076072693,100,0.74,0.18,0.08,0.31,0.43,1.784174988773275,0.16,3,0,nan
9956,0.9544985890388489,100,0.7,0.19,0.11,0.32,0.38,1.8620000290617782,0.13,5,2,nan
9959,0.9950140118598938,100,0.7,0.1,0.2,0.54,0.16,1.699638510140243,0.1,5,3,nan
9961,0.9922271966934204,100,0.66,0.16,0.18,0.5,0.16,1.7913415946277462,0.09,5,1,nan
9962,0.9816068410873413,100,0.69,0.15,0.16,0.25,0.44,1.854708640789355,0.12,4,0,nan
9963,0.9967053532600403,100,0.56,0.28,0.16,0.19,0.37,1.923192838761603,0.07,4,0,nan
9964,0.9957805275917053,100,0.57,0.28,0.15,0.24,0.33,1.9467221626959506,0.08,5,1,nan
9969,0.9989264607429504,100,0.71,0.13,0.16,0.42,0.29,1.8492112202623077,0.12,5,1,nan
9970,0.9983618259429932,100,0.81,0.1,0.09,0.49,0.32,1.675162306539728,0.11,5,2,nan
9971,0.9699681997299194,100,0.66,0.18,0.16,0.28,0.38,1.9129978562304168,0.08,5,1,nan
9982,0.9965943098068237,100,0.74,0.07,0.19,0.53,0.21,1.682050617974376,0.06,5,1,nan
9987,0.9927595853805542,100,0.67,0.19,0.14,0.25,0.42,1.8779829081216186,0.06,6,1,nan
9988,0.9504950046539307,100,0.87,0.07,0.06,0.27,0.6,1.4642896122381757,0.16,6,2,nan
9989,0.9630664587020874,100,0.7,0.17,0.13,0.2,0.5,1.7816166295389901,0.05,5,2,nan
