kmer,count
CCCGCCC,1191
GGGCGGG,1170
CCCCGCC,1147
GGCGGGG,1112
GGGGCGG,1012
CCGCCCC,989
GCCCCGC,975
GCGGGGC,931
GGCCCCG,524
CGGGGCC,518
GGGGGCG,491
CGCCCCC,482
CGCCCCT,385
AGGGGCG,384
CGCCCCG,342
CGGGGCG,341
GGCGGAG,309
AGGCGGG,302
CCGCCTC,298
CCCGCCT,297
GAGGCGG,295
GGGAGGG,291
GGAGGGG,291
CCGCCCA,285
CTCCGCC,279
CGCGCGC,269
AGCCCCG,261
TGGGCGG,256
GCGCGCG,255
CCCCTCC,255
GGGCGGA,254
CGCCTCC,250
GAGGGGC,249
CGGGGCT,247
CCACGCC,246
AGGCCCC,245
CCCTCCC,244
GGGGCCT,241
GGCGTGG,239
TCCGCCC,239
GCCCCTC,233
GGAGGAG,230
GGGCCTG,230
CCAGGCC,227
GGGCGTG,225
TCCCGCC,225
GGCCTGG,224
GGCGGGA,224
GGAGGCG,223
GGGGAGG,220
CACGCCC,220
CCTCCCC,216
AGGGCGG,212
GGCGGGC,212
GAGGGCG,209
TGGGGCG,207
CCGCCCT,206
AGGGGGC,204
GCCCGCC,204
GGGGCCG,203
CTCCTCC,199
CAGGCCC,198
GCCCCCT,197
GCTCCGC,196
CGGCCCC,196
CCGCCGC,195
CGCCCAC,195
CGCCGCC,194
GGCTGGG,194
GCGTGGC,193
CCCAGCC,193
GCGCAGG,191
GCCCCCG,190
CGCCCTC,188
CGCCCCA,188
GGGGCGT,187
ACGCCCC,187
CGGGGGC,186
GCCCCAC,186
GCGCGGC,184
GCCACGC,182
GCGGCGG,181
GGCGCGG,180
GCGGAGC,179
GGGGCTG,179
GCCTGGG,176
CCCGGCC,176
GGCCGGG,175
TGGCCCC,174
TCCTCCC,173
CCCACCC,172
GGGCGCG,172
CCGCGCC,171
GGGAGGA,170
GAGGGGG,170
CCCCCGC,169
GGGCTGG,168
GCGCGGG,167
CCCAGGC,167
CCCCACC,167
GCCGCGC,167
GTGGGCG,167
CCGGCCC,166
GCCGCCG,165
GGGGCCA,165
GAGGAGG,164
GCGGGGG,164
GCGGGGA,163
GGCTCCG,160
GGCGCGC,159
GGCAGGG,158
GCGCGCC,158
CCTCCCA,158
GTGGGGC,157
CCTGCGC,157
GGTGGGG,156
TGGGAGG,156
GGGTGGG,155
GCCCCCA,154
CCGCGCG,154
GGGCAGG,153
GCGGGCC,153
CGCGCGG,153
CCTCCTC,153
CCAGCCC,153
CAGCCCC,153
CGCAGGC,152
CCCCCTC,151
GTCCCGC,151
CGCCTGC,150
GATTGGC,149
GCAGGCG,149
CTGGCCC,149
CAGGCGC,147
CGGGCGG,147
GCCCTCC,146
CCAATCA,145
GGGCCGG,145
CGCGCCC,144
CGGGCCC,144
TGATTGG,144
ATTGGCT,143
GGCGGCG,143
CGCGGCC,142
GGCCCGC,142
GCGCCTG,142
CCTGCCC,141
CGGAGCC,141
GCGGGAC,141
TCCCCGC,140
AGGGAGG,140
TGGGGGC,140
CCGCCCG,139
CGCGGGG,139
GCCAATC,139
GGCGGTG,139
GCGGGCG,139
GGAGGGC,139
GCCTGCG,139
CTCCCAG,138
CCGGGCC,137
GCGGCCC,136
GGAGAGG,136
GGCCAGG,136
GCGCCGC,136
CCCTGCC,136
GCGGCGC,135
AGCCAAT,135
GGGCCAG,133
GGGCCCG,133
CCCGCGC,132
GCAGGGC,132
CGGCGGC,132
GGGGCGC,131
TGCGCAG,131
GCCCCGG,130
GGCCAAT,130
GCCCAGG,130
CGCGGCG,130
GGCCGCG,130
CGTGGCC,129
AAGCCCC,129
CATTGGC,129
CCTGGGG,129
ACCCCGC,129
GCCCGGC,129
CGCCCGC,128
GCGGGAG,128
AGGAGGG,128
CCGGGGC,128
GCTGGGG,127
GAGGGAG,127
GGCGAGG,127
ATTGGCC,127
CCCCGCG,127
CCTGGCC,127
GGCCCGG,126
CCTCGCC,126
CGCGCCG,126
CCTGGGC,126
CTGGGCG,125
AGGAGGC,125
GCGCCCC,124
TGGCTCC,124
GCGGGGT,124
CCCCAGC,124
GGGCGAG,124
GCCCCTT,124
CGCCGCG,124
GCCCGGG,123
CGGGAGG,123
GGCCACG,123
GCCGGGG,123
GCCGCGG,123
GGGCCGC,122
CGCCCAG,122
CCGCGGC,122
GCCTCCT,122
GCCAGGC,121
CACCGCC,121
CTCGCCC,120
GCCGGGC,120
GCCCAGC,119
AAGGGGC,119
GCTGGGC,119
GGGGCCC,119
GGGCCCC,119
CGGCGCG,118
CTGATTG,118
CCCCAGG,117
CGGCGGG,117
CCTCTCC,116
GCCTCGC,116
CCCTCCT,116
CAGGGGC,115
CCATTGG,115
CTCCCGC,114
GAAGGCG,114
CAATCAG,114
GCCCCTG,114
GGCCGCC,114
CCCCCAG,114
CTGGGGC,114
CCACCCC,114
CTGCGCG,114
CTGGGCC,114
TCCCAGC,114
CCCGCGG,114
GCGCGCA,113
GCCTCCG,113
GAAGGGG,113
CGCCTCT,113
CGGGGAG,112
CCTCCCG,112
CTGGGGG,112
CCCCTTC,112
GGCCCTG,112
GCTCCTC,111
GCCCTGC,111
GGGCGGT,109
CGCGGGC,109
CCCGGGC,109
GCCAATG,109
CCGCGGG,109
GGCCCAG,108
GGGAGAG,108
GCCCCAG,108
GGGAGGC,107
CCCCGGC,107
CGGAGGC,107
GGCGGCC,107
CTCCCTC,106
GGAAGGG,106
CAGGGCC,106
CCCTTCC,106
GCCTGGC,106
CGGCCGC,105
CCCAGGG,105
GGAGGGA,105
GAGGCCC,104
AGAGGCG,104
GCGAGGC,104
AGAGGGC,104
CTCCCCC,104
GGGGTGG,104
CCAATGG,104
CGGCGCC,103
CCTCCCT,103
GGAGCCA,103
GCGGCCG,103
CTGCGCA,102
CCCTGGG,102
GGGGCTT,101
GCCCTGG,101
GAGAGGG,101
GGCTGAG,101
CCGCTCC,101
CGCGCAG,101
GCGGTGC,100
TGCGCGC,100
CCAATCG,100
CGCAGCC,100
AGGCCTG,100
GACCAAT,99
CTGCCCC,99
GGCCGGC,99
GCCTCCC,98
GCCGCCC,98
TCGCCCC,98
GGGGCAG,98
CCGGAAG,97
CGCGCCT,97
CCTGGAG,97
CGGGACC,97
CAGGAGG,97
GCGGAGG,97
GCTGGGA,97
CTCCACC,97
GCCGGCG,97
AGGGGAG,97
CTTCCGG,96
GGGGCGA,96
CTCAGCC,96
GGGCGGC,95
CCCGCCG,95
GAGAGGC,95
GGAGGCC,95
TCATTGG,95
CCTCCGC,94
CCCACCT,94
GGCGCTG,94
GCGGCTG,94
TGGCTGG,94
CCCGGGG,94
GGAGCCG,93
CCCGCTC,93
GGCTGGC,93
GAGGAGC,92
CCCCTCA,92
CTGCGCC,92
GGGCCTC,92
GGTCCCG,92
ACCGCCC,92
GCAGGGG,91
CAGAGGG,91
CTCTCCC,91
AGGTGGG,91
CCGGGCG,91
CTGGGAG,91
GGTGGAG,91
CAGGCCT,91
CGCTCCC,90
TTGGCTG,90
GCCCTCT,90
CCTCCAG,90
CCCTCTC,90
GGCCGAG,90
CCGGCGC,90
CGGGCGC,89
AGAGGGG,89
GAGCGGG,89
CTCCCGG,89
GGCGCCT,89
GGAGGTG,89
CCCCGCT,89
GGCGCAG,89
GCCGGCC,88
GCCCACC,88
GGGAAGG,88
CGCCCGG,88
GGCCCCA,88
ACCAATC,88
GGGCCAC,87
GCGCCCG,87
AGCGGGG,87
GGCTGCG,87
GGCGCCC,87
AGGCGGA,87
CGCCTTC,87
GGCGCCG,86
CCCTCCA,86
AGGCGCG,86
TGGGGCC,86
GCCTCTC,86
CCAGGGC,86
CGAGGCC,86
GCCGGGA,86
GCCCGCG,86
CCCCTCT,86
GGGCGCC,85
CAGGGCG,85
GGCCTCG,85
GTGCGCA,85
GGAGCGG,85
GTGGGAG,85
GGGCCAA,85
CCTTCCC,85
GCGCTGG,85
GCACCGC,85
GGCCTCC,85
AAGGCGG,84
CGGCCTC,84
AGGAGGA,84
CTCCCCT,84
CAGAGCC,84
GGCGGGT,84
GAGGGGA,84
CTCCAGG,84
CACCTCC,84
CGGGCCG,84
CAGCCGC,84
CCGCAGC,84
CGATTGG,83
CCAGCCA,83
TCTGGCC,83
GGGGGAG,83
CGGAGGG,83
CTCCGGC,83
TCCGCCT,82
CTGGCTC,82
GCGCCTC,82
AGCCTGG,82
TGGAGGG,82
CCGGGAG,82
CCGGGGG,82
TGCCCCG,82
GGGCCGA,82
GAGCCGC,82
CGTGGCT,82
CTGGAGC,82
ATTGGTC,82
GCCTCTG,82
CTCCCCG,82
GCTGGCC,82
CGGGGAC,81
GTCCCCG,81
GAGGCCG,81
CCTCTGG,81
CCAATGA,81
GGTGGGC,81
GAGCCAG,81
GGCCTGC,81
CCCTGGC,81
CGCCGGG,81
TCCCGGC,81
CCAGAGG,80
CCCCGGG,80
CGGGGCA,80
GCTGCGC,80
CCAGGCT,80
CTGGAGG,80
GCTGAGG,80
TGAGGGG,80
CCTCCTG,80
GGCTCTG,79
CAGCCAA,79
GGGGGGC,79
CGGCCCG,79
GCTCCGG,79
GGAAGGC,79
GATTGGT,79
GTGGCCC,79
AGGCTCC,79
GAGCCCG,78
GGAGCGC,78
GCCCCCC,78
CCGAGCC,78
GAGCCGG,78
GCGCGCT,78
CCCGGCG,78
CCCAGCG,78
CCCCTGC,78
GCGGAGA,78
GCCAGGG,77
GCCGAGG,77
CCAGAGC,77
TCTCCGC,77
CCGGAGG,77
CCACCTC,77
CCTCCTT,77
CTGTGGG,76
GGGCTCC,76
CAGCGCC,76
GCTGGAG,76
CCGCCTG,76
GGCTGGA,76
AGCCCGG,76
GCGCCGG,76
CGGCTGG,76
CGGCCGG,76
CCAGGGG,76
CCCAGAG,75
TCCGCGC,75
CTGGCCA,75
CCCTCTG,75
CCTCTGC,75
AGCGCGC,75
GAGTGGG,75
GCCTGGA,75
CGAGGGG,75
GCCTCCA,75
CGCCCTG,75
CCACCCA,75
GAGGTGG,75
CCGGCGG,75
GCTCCCG,74
GACCCCG,74
CTCGGCC,74
GCCCACT,74
GGAGCCC,74
GGTGAGG,74
CGCATGC,74
AGGCGCC,74
CCGCCTT,74
CAATGGG,74
GAGGCTG,74
TTGGCCC,74
TCCCAGG,74
TCCGGCC,74
TGGCCGG,73
CCCCTGG,73
CCAGCCT,73
CACGCGC,73
ACGGGGC,73
GCAGAGG,73
GGCCACA,73
GGTGGGA,73
GAGGGCC,73
AGGGCGC,73
TGGGCGC,73
GACGTCA,73
TGGCCGC,73
TAGCCCC,72
CGCCGGC,72
CCTCGGC,72
GGCAGAG,72
GGGGAGA,72
CTCCGGG,72
GCATGCG,72
AAGGAGG,72
GCTGCGG,72
GGGCTGC,72
GCCTGCC,72
TGACGTC,72
CAAGCCC,72
CGCACGC,71
CCGGCCG,71
TCCCCTC,71
TTGGCTC,71
GCCTGAG,71
GGCTCCT,71
CAGAGGC,71
CCCACTC,71
CAGGCTC,71
GGCCAGC,71
CCAGCGC,71
CGGCGCT,71
GGGGGGG,71
GGCTCGG,71
GCTCGGC,71
TCCACCC,71
GGATTGG,71
CGCTGGG,71
CAGCCAG,71
CGGCTCC,71
TCCCTCC,71
CGCGCAC,70
CCCCTCG,70
CCTCACC,70
GCCGCCT,70
GGAAGTG,70
GGGCCCA,70
CTCGGGG,70
AGCCCCA,70
GCGGCTC,70
CCAATCC,70
GCAGCCC,70
TGCGCCT,70
GCCGCAG,70
AGCCACG,70
GGGCTTG,69
TCCAGGC,69
GGCCGGA,69
CTCCGCG,69
CCCATTG,69
AGCGGCG,69
CTCTGCC,69
CCTCCGG,69
CCGCCAG,69
TTGGCCG,69
CCTCAGC,69
TGGCCAC,69
CTCGCGC,69
GCGCATG,69
CATGCGC,69
CCCGGAG,69
AGGCGCA,69
ACCCGCC,69
GAGCGGC,69
GCCAGCC,69
CCCCCAC,69
GCGCAGC,69
CCTCCAC,68
CCGGCCT,68
GACGGGG,68
CCTCTTC,68
TCCAGCC,68
CGGGGTC,68
CTCTGGC,68
CCCAGCT,68
GCGGCCA,68
AGCCCAG,68
CTGGGAA,68
CGCGCTG,68
GCGCTCC,68
GCTCTGC,68
CCTGGGA,68
CTGAGGG,68
AGGGGCC,68
AGGCCGG,68
CGCCAGG,68
CGCGGCT,68
GCAGGAG,68
CAGGGCT,67
CAGGGGG,67
CCGGAGC,67
CCCTCCG,67
GCCTCGG,67
TCCCAGA,67
CCCTCAC,67
CCCGCCA,67
GTGGCCA,67
TGGCCAG,67
CGGCCAA,67
GCCCACA,67
GACTGGG,67
TGGAGCC,67
CGCTCCG,67
ACCTCCC,67
GGGCTGA,67
CTGGGCT,67
GCGAGGG,67
CAGCGGC,66
CACCCCC,66
AGGAGAG,66
GCTCCCA,66
AGCCCGC,66
CAGCTCC,66
GGGAGGT,66
CTCTGGG,66
AGCCGCG,66
TCAGCCC,66
CCGGCCA,66
GCCAGGA,66
CTGAGGC,66
GGCCCCT,66
CCTCGGG,65
CCGCCGG,65
GCCGCTC,65
GAGAGAG,65
GGCCAGA,65
CCAGGAG,65
CCGAGGG,65
CCTGAGG,65
AGCCGGG,65
GGCCTAG,65
GAGCGCG,65
GGGAGCC,65
CGGGGAA,65
CGGCCCT,65
CCCGCAG,65
CGGAAGT,65
GCCGCTG,65
GGAGCTG,65
CCTGGCG,65
GTGAGGG,65
TCAGGCC,65
AGGCCCG,64
GAGCCAA,64
TTCCGGG,64
GCCGGAG,64
CCCCCGG,64
CCCGGAA,64
TGCGCAC,64
GGAGCCT,64
GAGCCTG,64
CCTTCTC,64
CCCCGTC,64
GCTCTGG,64
GGGCCCT,64
CCTGCCT,64
GGCCTGA,64
GTGGAGC,64
GGGGCTA,64
GCAGGCC,64
TCCCACC,64
GGAAGCG,64
AGCTCCG,64
CCCTCGC,63
AGAAGGC,63
GGCGGCT,63
AGGAGCC,63
CGGGCCT,63
TTCCCAG,63
CTGCCTC,63
GTGGAGG,63
CGTGCGC,63
GGCAGGC,63
GCGGGCT,63
ATGGGAG,63
TCTGCGC,63
GGGTGGA,63
TCCTGGC,63
CTCCCAC,63
CACTTCC,63
ACTTCCG,63
GCGGAAG,62
GAGAAGG,62
CCCTCGG,62
GAGCTGG,62
TGGGGAG,62
GGCCGCT,62
GAGCCCC,62
CCCGCTG,62
GCGGGTC,62
GCGCGTG,62
TGGGTGG,62
AGGGCCC,62
CTCCTGG,62
AGGGCCT,62
GCGCTGC,62
CCCACAG,62
CTCTCCG,62
GGCTCAG,62
CTCCCAT,62
GGGACGG,62
AGCGCCG,62
CGGAGAG,62
TCCTCCT,62
GTGGCTG,62
AGCCAGG,62
CGAGGGC,62
GGAGAGC,62
GCGCGGA,62
CGCCTCG,62
CCACCCT,62
GCGCACG,61
CCAAGCC,61
CGAGGCG,61
CCCGAGG,61
CCCTGAG,61
GAGGCGC,61
TGGAGGC,61
CCCGTCC,61
GGGGAAG,61
GGGGCTC,61
GCCCCTA,61
CCGGGCT,61
CGGGAGC,61
CGCGCTC,61
GGGACCA,61
GCCGCCA,61
CCGGCTC,61
GGAGAGA,61
CGGAGCT,61
TCCCGCG,60
CCTGAGC,60
AGAGGCC,60
CGCCGCT,60
GGCTCCC,60
GGCTCCA,60
GGCGGAA,60
CAGGTCC,60
CTCGGCG,60
AGGGCCG,60
TGGGCCA,60
TTCCGCC,60
CGGCTGC,60
TCCCATT,60
AATGGGA,60
CGGAGTC,60
GCGGTGG,60
GCCCCGT,60
CCCGGGA,59
CGGAAGC,59
CGGAGCG,59
CCCCGAG,59
CTCCAGC,59
TCCTGCC,59
GGCCCCC,59
ACGCGCG,59
TCCGGGC,59
GTGGGTG,59
TGGGCCC,59
GCGGGAA,59
GGGAGCG,59
TCTGGGA,59
CACGCCT,59
GCCTTCT,59
CTGCGGC,59
AGCCGCC,59
CGGAGAC,59
AGGCTGG,59
GAGGCCT,59
AGGCGTG,59
GGCTTGG,59
TGTGGGC,58
AGCTGGG,58
CGAGCCC,58
AGGGTGG,58
GCGCGAG,58
CCACACC,58
CGGGTCC,58
GCGTGCG,58
GCCCGAG,58
AGAGAGG,58
GCCAGAG,58
GAGGGTG,58
CGCTGCG,58
GGCGCTC,58
TCGGCCC,58
GGGCCTA,58
GCTGTGG,58
GCGCAGA,58
CAGCCCA,58
AGGTCCC,58
CCTGCTC,58
CAGCCCG,58
GGGCTAG,58
GCGGAGT,58
GGGCGCT,58
AGGGCAG,58
CAGCCTC,58
CCCTGCG,58
CCGAGGC,58
CTCATTG,58
CGGGCTC,58
GAGCGAG,58
CTTCCCG,57
CTCGGGC,57
CAGCCTG,57
CTCCTGC,57
AGCGGCC,57
GCGCCCA,57
GCTCCAG,57
GCGAGCG,57
TGTGGCC,57
GACCCGC,57
GGCTGTG,57
GGGACTG,57
TTCCCGC,57
ATGGGCG,57
CTCAGGC,57
GTCTCCG,57
GCGAGCC,57
AGGCCGC,57
CGCTCGG,57
GCCTTCC,57
CCACCGC,57
GAAGCGG,57
GCAGGGA,57
CCCCACG,57
GGCAGCC,57
GCTTCCG,56
GCGGCCT,56
CCCCCCC,56
GCCCGCA,56
CCCTCTT,56
CTGCCCT,56
CACCCAC,56
CCCAGAC,56
CCCCATC,56
TCCCGGG,56
GGGGGCC,56
AGGGGCT,56
CCGGGGA,56
AGGCAGG,56
GCTCAGG,56
CTGCGGG,56
CAGCCCT,56
AGTGGGC,56
CCGTCCC,56
TGGCCCG,56
GTCCTGG,56
CGAGCCG,56
GCTGGCT,56
CTGGCTG,56
CTGCCGG,56
TGCCCGC,56
CCCCCTG,56
CAGCGCG,56
TTCCCGG,55
CCGGGAA,55
CTGAGCC,55
CTGGGGA,55
ACCACGC,55
TAGGCCC,55
TGGCCCA,55
CGGGCCA,55
GGTGCGC,55
CCCAGGA,55
CCCCTAG,55
GGGGGTG,55
GGCCAAG,55
GCCGAGC,55
CCCCCTT,55
CGGGCTG,55
CGCAGAG,55
TGCGCGG,55
TCGGGGC,55
CCACAGC,55
CTCTGCG,55
CCAGCTC,55
CCCGGCT,55
CCAGCCG,55
CAGGCGG,55
TCAGGGG,55
AGGGCTG,55
TGGGGCT,55
CCAGGCG,55
GAGCGCC,55
CCTGGCT,55
GAGGAGA,55
CCTTTCC,55
TGGCGGG,55
CCCCGGA,54
CCCGAGC,54
CCGCTGC,54
CCCCACT,54
AGAGGGA,54
GGCTCGC,54
GAGGCAG,54
GCAGCGG,54
GCTCGCC,54
GCGCGTC,54
GCGCCCT,54
GGAGCAG,54
TGCTGGG,54
TGGGAGC,54
TCCGGGG,54
CGGCTCG,54
GCTCCAC,54
CGCCTGG,54
GCCCGGA,54
CGCTCGC,54
GGCTGCC,54
AGGCGGC,54
CCTCTCT,54
CTCCTCG,54
CCGCTGG,54
CAGGAAG,54
GCGCAGT,54
GCAGAGC,53
TCCAATC,53
GTGGCCG,53
GAAGCCC,53
CGCAGGG,53
AGAGCCG,53
CACCCTC,53
AGGCCAC,53
TCTCCCC,53
TCCCTCT,53
CAGCGGG,53
CGGCCAG,53
GCGGGCA,53
GGTGTGG,53
GGGACCC,53
CTAGGCC,53
AGGAAGG,53
CGCTGGC,53
CAGGCTG,53
CCCCGCA,53
CCGCCAC,53
CCGGCTG,53
CTGGGAC,53
CTTCCTG,53
CTTCCGC,53
CTCAGGG,53
CGCAGCG,53
AAGGGCG,53
TGAGGGC,53
CTCCCCA,53
GTGGGGG,53
CTCTCCT,53
TGGCGGC,53
CTCGCCT,53
GGGAAAG,53
GGGCGCA,53
AATCAGG,52
CCGGGTC,52
GGACGGG,52
CCCTCAG,52
CTAGCCC,52
AGGCGAG,52
CTCCTCT,52
CCACTCC,52
ACTCCGC,52
CTCACCC,52
GAAGGGC,52
AAGGGGG,52
CGGAAGG,52
TGCGGCC,52
AGGGCTC,52
CGGCCCA,52
AGCGCGG,52
CGCGGGA,52
GAGCAGG,52
GGCCGCA,52
AGGGGTG,52
CGCCCAT,52
GCGCACC,52
GAGCTCC,52
GGTGGCG,52
GAGAGCC,52
CAGGGAG,52
CGGCCAC,52
CACAGCC,52
GGCCCTC,52
TGGTCCC,52
CTTGGCC,52
CTCCTTC,52
CACCCCT,52
CCCACGC,52
GCTGCAG,51
TGGGCAG,51
TCTCCCT,51
CGCGCGT,51
GCCCTCG,51
GCCTCAG,51
CGGGAAG,51
AGCCAGC,51
CCTCGCG,51
TCGGCGC,51
TGGCGCC,51
TAGGCGG,51
TCGCCGC,51
CGCGTCC,51
GCTCGGG,51
TCCCCCG,51
ACCAATG,51
AGAGCGC,51
CGCGAGG,51
GGCGAGC,51
TAGGGGC,51
CCAGGTC,51
CTGTCCC,51
AGAGCCC,51
CTGGCGG,51
GGCGCCA,51
GGGTGAG,51
ACTGCGC,51
AGCGCAG,51
CTGGCCT,51
GCAGCCG,51
CAGCCGG,51
CCCAACC,51
GTGAGGC,50
GCCCAGA,50
TGGCGCG,50
TTCCTCC,50
GGAGACG,50
CCGCTCG,50
AGGGCCA,50
AGGAGCG,50
CCAAGGC,50
GCCAGCG,50
CTGCAGC,50
GCCCCGA,50
TTCTGGG,50
ACGCCTC,50
CGGGACT,50
ACTGGGC,50
CCGCGCA,50
CCAGTCC,50
CGCCACC,50
TCCCCCA,50
GAAGAGG,50
GCGGCAG,50
TCCTGGG,50
CCCCGAC,50
GCAGCGC,50
TGGGCTG,50
CAGGCCG,50
GGAGCTC,50
CGCGGAG,50
CTCGCTC,50
CTGGCCG,50
GCAGCCA,50
GAGGCTC,50
CTTCCCC,50
TGAGGCC,49
GCGCCGA,49
CTATTGG,49
AGCCCTC,49
GCCCTTC,49
CCACGCG,49
GCCTCAC,49
GAGGCCA,49
TCTCTCC,49
CAGACCC,49
GACGCGC,49
CGCGTGC,49
GGCGAAG,49
AGCGCCC,49
GCTCAGC,49
CGCCGAG,49
TTGGGGC,49
GGGCTCG,49
CTCCCTG,49
GGACTGG,49
ACCCAGG,49
CTGCTCT,49
AGCCCCT,49
AAGAGGG,49
CCCACCG,49
CGCGAGC,49
CGGCTCT,49
TCCCCGG,49
CTCTGGA,49
CCTTGGC,49
GGCAGGA,49
GGAGGGT,49
TGGCTGC,48
AGCCCTG,48
GCTCGCG,48
TCCCGCT,48
TGGTGGG,48
CGCCTCA,48
GCCCGCT,48
AGCGGGC,48
GGGCTTC,48
TGCAGGG,48
GCTGAGC,48
GCTGGCG,48
CTGCTGG,48
CCACCCG,48
TCCCTGG,48
GGCCGTG,48
ATGCGCA,48
CAATCGC,48
CCAATAG,48
TGGAGCG,48
CTGCCGC,48
CCTTCCG,48
ACGTCAC,48
GTGGCGC,48
CCCTTTC,48
AGGGGGG,48
GGACTAC,48
TGCGGGG,48
GAGAGCG,48
GTGGCGG,48
TCCGGGT,47
GGAAGCC,47
CAGCCTT,47
AGTCCCG,47
CACCCCG,47
CTGCCCG,47
AGGGAGA,47
CCGCAGG,47
AAGCGGC,47
GCCCAAG,47
GAGACGC,47
AGCGGGA,47
GGACGCG,47
GCTTCCT,47
AGAAGGG,47
GGCAGCG,47
TCCTGGA,47
TCTGATT,47
GGGACCT,47
TCTCCTC,47
GGAAAGG,47
GCAGCAG,47
GGCCTCA,47
TCGGAGG,47
GCGTCGC,47
TTGGGCG,47
GCGTGGT,47
ATGGGGC,47
GGCTAGG,47
CGCTCTC,47
GCGCTCG,47
GGGGACG,47
GCTGCCG,47
CGAGGCT,47
CAGCCAC,47
GCGGCGA,47
GTGACGT,47
CTGCGCT,47
GCTTGGG,47
GGGACAG,46
GAGCGCA,46
GCACGCG,46
CAGTCCC,46
GGCCTTG,46
CTCTTCC,46
GGCGCGA,46
CGCCCAA,46
GGAGGCA,46
TCGCGGC,46
GGCCACC,46
CCCGGAC,46
ACCAGGC,46
ATCCCAG,46
GGCCGAC,46
GCGCACT,46
GCTCCCT,46
TGGGCCT,46
CCCAATC,46
AGCCTCT,46
CGGGGGA,46
AGAGAAG,46
CCGGCAG,46
CCCAGTC,46
CTGCTCC,46
TCCCCAG,46
CATTGGT,46
CGGTGGG,46
CCCAGCA,46
AAAGGGG,46
CGGCAGC,46
AGGCCCT,46
AGCCTCG,46
GACAGCC,46
GCCTTGG,46
CCCCTTT,46
GTCCCAG,46
CCCAGGT,46
AGGGCGA,46
TGAGGCT,46
CAGCTGG,45
TCGGGGA,45
GGTCCCC,45
CACACCC,45
CTGACCA,45
CTGAGAG,45
AGCTCCT,45
GCCCTGA,45
TGGCCAA,45
GAGCCGA,45
CCTGCTG,45
CCCAAGC,45
CCCAGAA,45
CCTAGCC,45
GGAGTCT,45
CACCCAG,45
CGGTGCG,45
GCCCACG,45
CGCTCAG,45
CTTCGGC,45
TCCCGGA,45
TTCCTGG,45
GAAAGGG,45
GTGGCCT,45
CTGGAAG,45
GCCGGAA,45
GAAAGCC,45
GAGCCCT,45
CCAGCGG,45
ACCCGGA,45
CGGTGCC,45
GGAAGAG,45
CTGGGAT,45
CAAGGCC,45
CGCTCCT,45
TCCAGAG,45
GGAGTGG,45
AGCCGGC,45
CCTGCCG,45
GAAGGGA,45
TCGCCTC,45
CCAGGAA,45
TGCGCAT,45
TTCCCCG,45
GGCCTCT,45
CAGGAGC,45
GCTCCTG,45
CTTGGGG,45
CGAGCGC,45
GGCCCAA,45
GACGCCG,45
TGGGAAA,45
CTTGCGC,45
TCGCGCG,44
CCCCCCG,44
TGGAAGG,44
GAGGAAG,44
CCCACTT,44
CTCTCAG,44
GCCACAC,44
GGTCTGG,44
TGGGGGG,44
CCAGCTG,44
AGAGGAG,44
AGGGAAG,44
AGGCAGC,44
AGGCTGC,44
CGAGCGG,44
CCCCCAA,44
CCAGGCA,44
TCCTCGC,44
CGCGCGA,44
GGACCCG,44
TTCGGCC,44
TGGGACC,44
AAAGGGC,44
CGGGGTT,44
TTGGGGG,44
CCACTTC,44
GTGCGCG,44
GGCGTGC,44
CCCCCGA,44
GCGCTCT,44
TCAGGGC,44
GACTCGG,44
AGGCCTC,44
CGCTCTG,44
CCACGTG,44
GCCTAGG,44
CGGGACG,44
GCTTGCG,44
TGACCAA,44
CCGTGGC,44
GTCACGT,44
CGGTCCC,44
AGCGAGG,44
CGCGGCA,44
ACCCCTC,44
GAGGGCT,44
GCCAAGC,43
CGGGCAG,43
CACTCAG,43
CCCTGGA,43
CAGCACC,43
GGGCAGA,43
CCCCTGA,43
TGCCCTG,43
TCCGCAG,43
GCGACGC,43
TCTCCCG,43
CATTTCC,43
CCAGACC,43
TGCGCCC,43
CCCACGT,43
GCCAAGG,43
GGCCCAC,43
GTCCGGG,43
CTGCCTG,43
GCTCTCC,43
GGGAGTG,43
TCCAGGG,43
AGATGGG,43
ATTGGTT,43
CCTGCCA,43
TGGGGTG,43
CGCTGAG,43
CGGGAAC,43
GCCAATA,43
AGGCCAG,43
TCGGCCG,43
CTGGCGC,43
TGGCCCT,43
CTCCCTT,43
TGCCGGG,43
CGCAGGA,43
CGGGGGG,43
CCGCGCT,42
GGGTCTG,42
CCAGGGA,42
AGGGACT,42
GGACCGG,42
GATGGGG,42
GCTGCTG,42
GGGTCCC,42
GTGGCTC,42
CGCCCTT,42
AGTGGGG,42
CTGGTGG,42
CGGACCC,42
TGCGCGT,42
CACCGCG,42
GGACCCA,42
TCTGCCC,42
AGGCTGA,42
CAGCAGC,42
TCTGGGC,42
CGGCGGA,42
GCGTCCC,42
TCCCTGC,42
CTCTGAT,42
AAGAGGC,42
ATTGGGC,42
CAAGGAG,42
CAGCAGG,42
CAATGAG,42
CTTTCCC,42
CAGGCCA,42
GGGGTCT,42
CCTTCCT,42
TCAGCCA,42
CCCCCCA,42
CTGAGTG,42
TGCCTGG,42
TCACGTG,42
GCGCTGT,42
GGCTAGA,42
TGGCCTG,42
TCGCGCC,42
CCCCTTG,42
ACGTGGG,42
GGGCTCA,42
GCCCCAA,42
GGGCGAA,42
GACTACA,42
CCTTCGG,42
GCCTGTG,41
GGAGGAA,41
GGCTTCC,41
CTCGGCT,41
AGGAAGC,41
TCTTCCC,41
GGGTCCG,41
CCCTGCT,41
ACGCCCA,41
CCCCAAC,41
CGGGGTG,41
GGAGTCC,41
CCCCCCT,41
GCCTGCT,41
ACCGCGC,41
CCTAGGC,41
CTCCAAG,41
GGCGAGA,41
GACCCAG,41
CGCGGTG,41
CAGAGCG,41
GGCACCG,41
AGGCGGT,41
CAATCGG,41
GGAGGAC,41
ACCCTGC,41
CTCTCTC,41
CACGTGA,41
GCCATTG,41
GGAGCGA,41
CCCACAC,41
CTGGTCC,41
TCCGGCT,41
GCCCCAT,41
CCCCAGA,41
CGCGTGG,41
AAGGGAG,41
GAGGCGA,41
GCCTGGT,41
CCTCAAG,41
TGGAGAG,41
CCTGATT,41
CGGGAGA,41
TGAGGCG,41
CCTCAGG,41
GGGTTAG,41
CAGGGGA,41
CACCCCA,41
AAGGCCC,41
CTAGGGG,41
CTGTGGC,41
CGCCACG,40
GGGACCG,40
CCTGTGG,40
AGGCCCA,40
GCAGCTG,40
CGCTGCC,40
CCCTTCT,40
AGACGCC,40
GACTCCG,40
CCCATCT,40
CGTCCCG,40
GACGCCC,40
CCTCGCT,40
CAGGCAG,40
GCGCTCA,40
CTCAGCG,40
GAGGTGC,40
GTCGCGG,40
AGACGCG,40
CTGCCCA,40
GCTAGGC,40
TGGCCTC,40
GCCACAG,40
TGCCTCC,40
GCAGCCT,40
GCCAGTC,40
CGTCCCC,40
CTGGGTG,40
AGCGGCT,40
GGACCAA,40
CGGAGGA,40
CGCCCGA,40
TCCGGAG,40
CTCGGAG,40
CTCTCTG,40
AGGGCGT,40
CTTCTGG,40
GTCCGCG,40
CCACTCT,40
ACGTGAC,40
GGGAAGA,40
GGACCTG,40
CTCTGCA,40
AGGAGCT,40
CGGGTGG,40
GAGAGGA,40
GGAGTCG,40
GGCTGCT,40
TCCTTCC,40
CCTTCCA,40
CTGGGGT,40
CGTCTCC,40
CAAAGGG,40
AAAGGGA,40
GAGCCTC,40
TGCGCTC,40
AGGACGC,40
CCCCTAC,40
CGAGGAG,40
GGGAACG,40
GCGCCAC,40
TTAGGGT,40
ACGCCGG,40
TGGCAGG,40
GGGGGCT,40
TGGCTGA,40
GGTCAGG,40
CGGTGAG,39
TCGGGCG,39
GGCTGCA,39
CCAGAAG,39
CAGGGAC,39
GGACAGG,39
CCACAGG,39
GGAAGGA,39
TCAGCAC,39
CTTCCTC,39
CTTCCCT,39
TTTCCCA,39
CTCCGGA,39
GTCTGGG,39
GCCAAAG,39
AGACCCC,39
GTCCGCC,39
GCTGGTG,39
AGCTCCC,39
TCCACGC,39
CCAGCAC,39
AGCACCG,39
GTGCGGG,39
TGCGGGC,39
CAGACGC,39
GGGGAGC,39
CGTGACG,39
TGGGAAG,39
TCAGCGC,39
AGTGCGC,39
CCTTCTG,39
CCCCCTA,39
CCCTAGC,39
GCCTCTT,39
TTCCGGA,39
CTCCGCT,39
CGCAAGC,39
AGTCCTG,39
GCCTGAC,39
TGGGCGT,39
GATTGGA,39
CTCCAGA,39
TCGCTCC,39
CAGACTC,39
AGGGGGA,39
CCCCACA,39
TCTGCAG,39
GGGAAGC,39
AGAGGCT,39
ACAGCCC,39
CTTGGGC,39
GCGCCTT,39
CCTCCAA,39
GATTGGG,39
AGCAGGG,39
GCGAGGA,39
TGCGGCG,39
CCCTACC,39
GCTAGGG,39
GAAGGAG,39
CGTGGCG,39
CGGCCTG,39
GCTCCCC,39
CACGGCC,39
CTGGGTC,38
CGGCTTC,38
GCTGACC,38
GACCACG,38
CCTGACC,38
TCAGCGG,38
AAGGGCC,38
TAGCTCC,38
ACCGCGG,38
ACGCGGC,38
CAATCCC,38
TGGAGTC,38
GAAGGCC,38
TCCGGGA,38
CCCTGCA,38
CTGACTC,38
TGAAGGG,38
AGCGCTC,38
GTCGGCC,38
CGCCAGC,38
GCCCGTC,38
GGTGCCT,38
CTTCGCC,38
CTGAGCG,38
TGCCCCC,38
GCGCCAG,38
GGGGAAC,38
GCGTCCT,38
GGGTCAG,38
CGCAGAC,38
CGTCACG,38
GCTGGAA,38
TGTAGTC,38
CCTGCGG,38
CTCCTCA,38
CGTGGGC,38
GCGTGGA,38
GCCGACG,38
CCGACGC,38
GCTAGAG,38
TTGGCCT,38
GGGGTGA,38
CACTCCC,38
CTTGAGG,38
TCTCCGG,38
CAGGTGG,38
GGAAATG,38
CGGTGGC,38
CAGAAGG,37
GACAGGG,37
GTCGGGG,37
AAAGCCC,37
CCTCCGA,37
GCCCATT,37
CGCGCAT,37
TCTCAGC,37
ATCAGAG,37
CTCTCGC,37
GGCCCGA,37
TGCTTCC,37
CCGCCTA,37
CAGCTGC,37
AGGGGAA,37
CCGAGCG,37
GCGTCAC,37
AAAGCCA,37
CACCTGC,37
GACGCGG,37
GCCCAAT,37
TTGGCCA,37
TGGTCAG,37
GTGCAGG,37
CCACCTT,37
GGTGGCC,37
CGTCACT,37
ATGCGCG,37
GTCAGGC,37
GCGTGCC,37
ACCCTCC,37
GGCCTGT,37
CCTGTGC,37
TCCCTTC,37
CACAGGC,37
AGCCAGT,37
TTCCGGC,37
GCGAGAG,37
CACCCGG,37
GGAGACC,37
CGGCAGG,37
TGGAGCT,37
AGAAGCC,37
ACCGCCT,37
TTCGCCC,37
TGAGCGG,37
GTGGCTT,37
CCGCGGT,37
AGCCAGA,37
AGCCGCT,37
TCGCCCT,37
CGACGCG,37
CGTCCTC,37
TTGGGCC,37
CCGGACT,37
CTCACGC,37
CGAAGGG,37
CTGGACT,37
GTCAGGG,37
GCCGGCT,37
GCCACCC,37
TAGGAGG,37
ATGGCGG,37
GCCACGG,37
AAGGGAC,37
TTGGTCC,37
CAGGCAC,37
GGACCAG,37
GCTGAGA,37
TCCGCCG,37
CTGCAGA,36
GGGACTC,36
GCCCTCA,36
GCGCCGT,36
CCGAGGA,36
AATCAGA,36
TCCTCTG,36
GCTGCCC,36
GGAACGG,36
TCCCCCT,36
GAGTCCC,36
ACGCCCT,36
GAGGGAA,36
CTAGCTC,36
ACTGGCC,36
GTGTGGC,36
CCTGCAG,36
CCGCGTC,36
GTCCTCC,36
CTCCGAG,36
GGCTTTC,36
CTGGGCA,36
GCACAGC,36
GGACGGA,36
CCGCAGA,36
AAGTCCC,36
TGGCCTT,36
GACTCCA,36
AGCTCTG,36
ATTGGCG,36
GGGCTCT,36
CCTGGGT,36
GGATCCC,36
TCGGCCA,36
CCCATCC,36
GCGCAAG,36
CCTGACT,36
CGGTGCT,36
GGTCCTG,36
GCTCTCT,36
CCGCGGA,36
TCCCAGT,36
TGCTCCC,36
CTCCTTT,36
GGAGGCT,36
TGGAGGA,36
CGAGCCA,36
GGAGCTA,36
GGAACCG,36
GGCCTTC,36
TGCCCAG,36
CTTCCAG,36
AGCCCCC,36
AGTTCCC,36
CCGCCAT,36
AGCTGGC,36
GCGAAGG,36
TCCCTTT,36
CTGGAGA,36
CCAGGAC,36
GGACAGC,36
CCGGGAC,36
GTTCCAG,36
CCTGGTC,36
CTGACCC,36
TCACGCC,36
GCACGCA,36
ACGGAGG,36
CCACGGC,36
GGCGGAC,36
GGGGAAA,36
CCCCAAG,36
GCAGGTG,36
GCGTCTC,36
GTGCCTG,36
GGGAAAT,36
CCGCTTC,36
GTTAGGG,36
GAGGACG,36
CATGCCC,36
TCGGCTC,36
AGCCGGA,36
GCACTGG,35
AAGCCTG,35
ATCAGGG,35
GGGTCGG,35
CTGCTGC,35
CCCTGAC,35
CTTGCCC,35
TCCGGAA,35
TCTGGGG,35
CGGACGC,35
CTTGGCT,35
AGAGTGG,35
CCCTAGG,35
TCACCCC,35
GCAGCTC,35
AGCTCCA,35
CGTGGGG,35
CCTCCGT,35
CGTCCCT,35
GGGAGCT,35
GAAGTGG,35
GACCCGG,35
CGCTCCA,35
GAGTCAG,35
AGTCAGG,35
AGAAAGC,35
ACCTCCT,35
ACGCGCC,35
GGAGTTG,35
TCCCCAC,35
GGTTCCC,35
GTTCCCG,35
ACTCCTC,35
AAGCCTC,35
GCCGCGA,35
GTGTGGG,35
CACGTGG,35
AGACCCG,35
GGGCAGC,35
GGAAGAA,35
CCTCTCG,35
CGTCGCT,35
TAAAGGG,35
ACTCCCA,35
CGCGCCA,35
GTAGGCG,35
AGGCCAA,35
AGGTGGC,35
TGCCCCT,35
GAAACCC,35
GTCCGGC,35
GCCCAAC,35
CCCAAGG,35
CCGGGTG,35
CACGTGC,35
CCAGTCT,35
CCCGCGA,35
CCGCGAG,35
ACGCCCG,35
TCCAGCT,35
CGTGGTC,35
CCAAGTC,35
CACAGCG,35
GCTGACG,35
GGGTGGC,35
CTTCTCC,35
TCCCCGA,35
CGAGACC,35
GCCGTGG,35
GCGTGAG,35
TTCCAGG,35
AAGCCAC,35
ACTACAA,35
GCTGAGT,35
GGTCACG,35
CACGGAG,35
GGCACTG,34
CACGCAC,34
ACGCGCA,34
CCTGGAC,34
TGAGAGG,34
TCCTCCA,34
GGTCCGC,34
AGCCGAG,34
CTTCTCT,34
ATTTCCC,34
TTCCAGC,34
AGACTCC,34
TCCCTCA,34
TCCTCCG,34
CGTCCGC,34
TATTGGC,34
GCTGCCT,34
GGGCTTT,34
CCACCAG,34
TCACCGC,34
GTAGTCC,34
GGTGCGG,34
GCTTTCT,34
CCTCACT,34
CTCGCCG,34
GTGACGC,34
GGCCCTT,34
AGTCCGG,34
GACGGAG,34
TCGGGCC,34
CAGCGCA,34
GCCGAAG,34
AAAGGAG,34
CAGTTCC,34
TCTGTCC,34
CATTGGG,34
TGTGGGG,34
CCTGGAA,34
TCCTGCT,34
ACTCAGG,34
AGTCTCC,34
CCGCTGA,34
GCGAGAC,34
CACCCTG,34
GGCTTCT,34
GGGAACC,34
GGAACCA,34
GCTGATT,34
AAGCCCG,34
TCAGAGG,34
TCCTCGG,34
AGACGGG,34
AGGAACC,34
CAAGGGC,34
CTCACTC,34
AAGGGCA,34
GCTGTGC,34
TGCCGCG,34
CAGTCAG,34
CCTGAGT,34
GAGCCAC,34
CGCACCG,34
AAGTGGG,34
CTCAAGG,34
GGCGCAC,34
GCTTGGC,34
ACAGCCA,34
GAGGAGT,34
GACTTGG,34
CCCTTCG,34
CCCACGG,34
ACACCCC,34
CCGGCGT,34
CTGCAGG,34
CTCAGTG,34
GGCACGC,34
CAAGCGC,34
CCGATTG,33
GGGTCCA,33
AGAGCCA,33
AGAGGAA,33
CTCCCGA,33
ACCGGCC,33
CACTGGC,33
TCTGCCT,33
CCGGAAC,33
CTTGGAG,33
CCCCCAT,33
GGGTTGG,33
GGCTTTG,33
AAGGTGG,33
GTGGGAC,33
AAGAAGG,33
CGGAGCA,33
CAGAAGC,33
GGGTGTG,33
AGGTGCG,33
CCAAGCG,33
GGTTGGG,33
TGGGGGA,33
GAGAAGC,33
TCGGGAG,33
CGCCTGA,33
AGGCCGA,33
GCGCGAC,33
CGCTGGA,33
AGCAGGC,33
TCTGCTC,33
TCCGGCG,33
ACTGGGA,33
GCCCAGT,33
GACCGGC,33
GAGCGCT,33
CCTGTCC,33
GGGATTG,33
CCCGGCA,33
AACCCGC,33
CTTTCCG,33
CAGGGCA,33
GCCAGGT,33
TGCCCTC,33
TTGGCTA,33
GCAGAGA,33
CTCAAGC,33
GGGAACT,33
CTGTGCG,33
CGGCCGT,33
CTGCGAG,33
GGTGGCT,33
CTTCCCA,33
TGCAGCC,33
CACCTCT,33
GCGATTG,33
CACTGCG,33
AGCCTCC,33
CCGGACC,33
GCCACCG,33
GGGTCTC,33
CAGAGAG,33
TCTGGAG,33
CTGGCAG,33
GCCGGGT,33
CCATGGC,33
AGGAGTC,33
CAATGGC,33
CCACGGG,33
GGGAGTT,33
GGCGTGA,33
GAACCCG,33
TGGGAGT,33
GGGTCAC,33
GAGTCTG,33
CCCTTGC,33
ACCCCAG,33
CTCCTTG,33
CTGACGT,33
AGGGTTA,33
AGTCCCT,33
TGGGCTC,33
GGACTCC,33
CACGCCG,33
TGGCGGA,33
TGAGCCC,32
TGGGTCC,32
GGGATGG,32
GAAAGAG,32
TTGCGCA,32
GAGGCGT,32
GGGCCTT,32
CCTTGCC,32
CAGCTCT,32
CTCACCG,32
ACCCAGA,32
AACCCCG,32
GTGCGCC,32
GAGGGGT,32
TTGGAGG,32
GAAGGTG,32
GGACGCC,32
AGCGGAG,32
GGGAAGT,32
CACCAGC,32
GCTCAGA,32
TGCTCTG,32
GCTCTGT,32
CTAGAGG,32
GTCCCTC,32
TCGCGGG,32
AGTGGAG,32
ACTCAGC,32
GTGACCC,32
GGGCTGT,32
CTGTGAC,32
GGACTCG,32
GGCGCGT,32
TCTGGGT,32
ACCCCAC,32
CAATGAA,32
TCCATTG,32
GGAGATG,32
CGCACAG,32
CTCGCAG,32
TCCGCTC,32
AATCCCC,32
TTGGTTC,32
CCGAAGC,32
GGTCTCC,32
GCAAGGG,32
GCCAGCA,32
GGTGCTG,32
TTGGTCG,32
ACCCTGG,32
TCTCTGC,32
GTCCCTG,32
CAAGAGG,32
AGAGCGG,32
GACGCTC,32
GGCGTCC,32
CACTCTC,32
CGTGACC,32
GGGACTT,32
GCTTCTG,32
AACCAAT,32
CTTCTCA,32
CGGAACC,32
GAGGCTT,32
AGGGAAA,32
CGACCAA,32
CCTCATT,32
CCATCCC,32
AAGGCGT,32
GGCTGGT,32
GGCTCTC,32
CAAGTCC,32
TGGCTGT,32
GGGGACT,32
CCAGCAG,32
CTCTAGG,32
TGACGCC,32
CACGCTG,32
CGCTTCC,32
ACCTGGG,32
TGGCCGA,32
GTCCCAC,32
CCTCGGA,32
TAGGGTT,32
GCGAGTG,32
CCTACCC,32
GCGGGTG,32
AATCAGC,32
CAACTCC,32
GAGTGAC,32
CCAGACT,32
CCCACCA,32
AGAGCTG,32
GGAACTG,31
GGAAAAG,31
CTGCCAG,31
TGCCAGG,31
GGCAAGG,31
TTGGCGC,31
AGCTGAC,31
AAAGAGG,31
ACAGCCT,31
CTCAGCA,31
GGAGAAG,31
TCTCTGG,31
GTCTCCC,31
TCTCGCC,31
CTCCACT,31
CCGTCTC,31
AGTCCCC,31
CTGCCTT,31
AGGGGCA,31
CTCACTG,31
CCTCGAG,31
GCCACCA,31
CCCCTTA,31
AGCGAGC,31
CGCGTCG,31
GCGTGGG,31
GCGGAAC,31
AGGAGGT,31
TCCGAGG,31
GCTGGGT,31
CACGGGG,31
TGGCGAG,31
CTCCGCA,31
TCAGGCT,31
GGGCAAG,31
CTGTGCC,31
CGGGCGT,31
GGGTTCC,31
CTCTGCT,31
CACCCGC,31
CAATCCG,31
TTCAGCC,31
GTGGAGA,31
TTCCCTG,31
CGCCGTC,31
TGCCTGA,31
CCACAAG,31
GGAGACT,31
CCGCCGA,31
CAAGGGG,31
GACCCTG,31
TGAGCCT,31
GTGCCTC,31
GAGGGCA,31
AATGAGA,31
CCGGAAA,31
TCAGCCT,31
TCCTTTC,31
CGCGGAC,31
GGACTTG,31
GTGCTGG,31
TGAGGGA,31
AGAGCGA,31
CGAGAGG,31
CGCTGTG,31
AGCTTCC,31
GTTGGGC,31
CGGCGAC,31
CGCCATC,31
TCGGGGG,31
GTTCCCC,31
GACTGGC,31
AAGGGGA,31
GTCCAGC,31
TGTCCCG,31
CCAGGGT,31
TGGGTGA,31
TGAGTGA,31
GTCCCGG,31
ACCTCTC,31
CCAGAGA,31
TGAGAGC,31
CTCAGAG,31
TTTCTGG,31
AGGGACG,31
CGTGAGG,31
GTGCCGG,31
TGTAGTT,31
AGCTGCG,31
GTGAGCG,31
CCAAGAG,31
AATGGGC,31
GTCTCGC,31
CTTCGGG,31
GGTTAGG,31
AGTCCAG,31
TTTCCGC,31
TTGACCA,31
CAGAGCT,31
AACTCCC,31
GTCTGTG,30
CGGGAAA,30
GTAGGGG,30
GGGGACC,30
TGTGGGT,30
GCTGGAC,30
ACAGGGC,30
CACACAC,30
CGCACCT,30
GGTTGGC,30
CTGGACG,30
GTGGGGA,30
TCAGAGC,30
TGGCTCG,30
TGTCTCC,30
CCTCTCA,30
GGCTCAC,30
CCGTCCA,30
CTCGAGG,30
CTCTCCA,30
AAGCCAG,30
CTCGGGA,30
ACCCGCG,30
AGAGGTG,30
CGAAGGC,30
TCGGCGG,30
AGGTGAG,30
CGACTCC,30
CGTGCCC,30
GTCTGGA,30
CATGGCC,30
TCTGCGG,30
TCTCCCA,30
GCGCACA,30
CGGCGAG,30
TTCCTGC,30
AGGAGAC,30
CCCGCAC,30
GCCATGG,30
ACGTCAG,30
GAGACCC,30
GCTTTCC,30
GTCCTGC,30
TCCGCGG,30
CACGTCC,30
GCTCTCA,30
GGGCCGT,30
CGGCGTC,30
GGGGGAA,30
CCTTCTT,30
TTCCCTC,30
TCTCGGG,30
CCGAGGT,30
GGACGTG,30
CGGGTCA,30
CTTCCTT,30
TTCCCAC,30
GGAAGCA,30
CCTTGGG,30
GCCCGTG,30
AGGGAGC,30
GCCACCT,30
GATGGCG,30
TCTGGAC,30
TCCTTCT,30
CCCACTG,30
GGAGTCA,30
GGCTGAA,30
TCCCCTT,30
ATGAGAG,30
AGCAGGA,30
ACCCACC,30
CTGCGGA,30
CGCCGGA,30
GTGCTCC,30
TGGGCCG,30
TTTCCCG,30
ACTCTGG,30
TGAGGAG,30
CGCGGGT,30
GCTGGTC,30
GCGGGTT,30
CCAACCA,30
CCGCTCT,30
GAGGTAG,30
CCAGAAA,30
GCGCTTG,30
GTCCAAT,30
TGCTCCG,30
GGCTGTC,30
GGTGCCG,30
CGCAGTG,30
GCCGCTT,30
GCTCTGA,29
GGGTAGG,29
GGTAGGG,29
TGCAGAG,29
CTGAGCT,29
CAAAGCC,29
GTTGGCT,29
AGCCTGA,29
TAAGGGG,29
CTCTAGC,29
CGGGTCT,29
GCCGAGA,29
CTCTGTC,29
TTTCCAG,29
TGGAGAC,29
GGTCCCA,29
GCTTTGC,29
CAGTGAG,29
ATGCCCC,29
GGACCCC,29
GCGAAGA,29
GAAGAAG,29
GAGCGGA,29
GTGCGGC,29
CGCAGGT,29
GGGCGTT,29
GCAGACG,29
CGGGCTT,29
GGTGCAG,29
CACCTTC,29
TGGTGGC,29
TCGCAGC,29
AAGGCCA,29
GGAAAGC,29
CTTCTGC,29
TAGAGGG,29
TGCCTCT,29
CCCGAAG,29
CCTTGAG,29
ATCGGAG,29
TCGCCCA,29
TGACTGG,29
CAGGCGT,29
GAGATGG,29
GATGGGC,29
TGCTCTC,29
TCAGGCG,29
GGAACCC,29
GAGAGAA,29
AAGCCAA,29
ACCGGAA,29
CCCTTCA,29
CATTGGA,29
TTCTGGC,29
GCGGACG,29
AAAAGCC,29
CCCTGTG,29
CTAGGAG,29
CTGCGTC,29
CCGGTGG,29
AGGTGGA,29
ATGAGGG,29
GAAGAGC,29
AAGCGCG,29
TCCACCT,29
GGCCAAA,29
TCCTGCG,29
AGGAAGA,29
GCCAGAA,29
CGCGTCT,29
TCCTCTC,29
TTCATTG,29
CGTCCGG,29
CCCGTGG,29
TCCCGAG,29
GCCACTC,29
AGCCGAC,29
TGCTGCC,29
GACCAGG,29
CCTCACG,29
GGTCCGG,29
TGGCTTT,29
AGGTTCC,29
CAGCGAG,29
GTGCCCG,29
AAGGGAA,29
AGGCTCT,29
AGGAGCA,29
CAGGACC,29
GGTCTCG,29
CCCAGTG,29
GACGGGC,29
TCTTGGG,29
TGAGAGA,29
AGAGCAG,29
ACCCAGC,29
CTCCTGA,29
GCTGCGA,29
TTGCCCC,29
GGGGGGT,29
CCCTCTA,29
GCCTTTC,29
CGACGGG,29
CAGGGAA,29
CGCCGCA,29
CAGCTTC,29
AAGATGG,29
TGGTCCT,29
CGCTGTC,29
GAGCTAG,29
AGGACGG,29
AGGCACC,29
TCCAGTC,29
ACGCTCC,28
GGGAAAA,28
TCGCCAC,28
CCCGACC,28
TCTAGCC,28
CTGTCTC,28
GACGCCA,28
AAGCGGG,28
ATCTCCC,28
CCCCCGT,28
CCCGTCT,28
CGAGTCC,28
CGAGTGG,28
GCCAGTG,28
GGAAACG,28
AGCGCCT,28
CGTCACC,28
GTCACCG,28
TCCGTCC,28
CTGAGGA,28
TCAGGAG,28
CGGGAGT,28
AGCTCAG,28
TGCGCTG,28
CGACGCC,28
CCCTGTC,28
TCCGCCA,28
GGCGTCG,28
GCTCTTG,28
TGGTTCC,28
GACCTGG,28
ATCCCCG,28
CCCGACG,28
CGCCCTA,28
CCGCGAC,28
GAGGGAC,28
AGGGACC,28
AGCGGCA,28
ACCCGGC,28
CGCTTTC,28
CTTTGGC,28
CGCGAGA,28
ATTGGAC,28
GAGACCA,28
TCCAGGA,28
GCCGACC,28
CGGGTTC,28
TCCCACG,28
CCTCTGA,28
AGCGACG,28
GAAGCGC,28
AGGCCTT,28
GACGTGG,28
GACGGCG,28
GTGCTGA,28
TCCAGAC,28
ACCGCCA,28
CCGCCAA,28
CGCCAAG,28
AAGGCCG,28
ACCAGCC,28
GGTCAGC,28
CGCTTGC,28
ACCCCCT,28
ACGGCCC,28
CCAAGGA,28
TGCCCCA,28
CGGACTC,28
TCGGCCT,28
GCCGGAC,28
GACCGGG,28
GTCCCTT,28
AGAGAGA,28
GTCTGCG,28
GTCAGAG,28
GAGACGG,28
CAATAGG,28
GGGACTA,28
GCGGACT,28
CTGACGC,28
TCGGAGC,28
CGCTCAC,28
GAGGGTC,28
GTGGCAG,28
GCGGTGA,28
TGACCCC,28
GCACCTG,28
CCACTCA,28
CCCAAGA,28
GCAGTGC,28
CCGAGCT,28
CCAACCC,28
GACTTCC,28
TCCTCAG,28
TGCGCCG,28
GAGTCTC,28
CCTAGGG,28
GTAGTTC,28
GGGTGCG,28
GGGGGCA,28
GCCTCTA,28
CGGCGTG,28
GGGAATG,28
TTGGCAG,28
GCACTGC,28
GCAGGAA,28
GAAGCCG,28
CACCAAT,28
TCTGTGG,28
CGTGGGA,28
ACGGCGG,28
CCAGGTG,28
ACAGCCG,28
CTCGCCA,27
GTCCAGA,27
AGCCAAG,27
CAAGCCT,27
GTCCAGG,27
GAAAAGG,27
ATCCAAT,27
AAGGCGA,27
CTCCACA,27
TGGTTGG,27
GCCTTGA,27
CAAGCTC,27
CAGGGTG,27
AGTGGCT,27
ACTGGCT,27
TCAGCTC,27
TGCCTCA,27
CTCACCT,27
AGGCAGA,27
CACTCCT,27
GGGCCAT,27
CAGTGCC,27
TGCCCAC,27
GGGAAAC,27
GGGGTTG,27
CAGGAGA,27
AGCTCGC,27
GAAGCGA,27
CGGGCAC,27
GCCCTTT,27
CAGCGTG,27
GCTTCGG,27
GGCCCGT,27
GTGCGTG,27
GTGAGCC,27
AGTCGCG,27
CACGGGC,27
CGGGCGA,27
AGACTGG,27
ACCCGGG,27
CAGAGTC,27
CTAAAGG,27
CGCACTC,27
CCGGTCC,27
GTTCCGG,27
GGCCATG,27
TTGCCCG,27
TTTCCGG,27
CTTCAGC,27
TTCTCCC,27
CCTAGGA,27
CCGCAGT,27
GCCTGAA,27
TCTCGCG,27
GCGCGGT,27
CCGCAAG,27
GCAAGCC,27
GTGGGGT,27
GCACGTG,27
CACGCGG,27
ACTGGGG,27
GGACGCT,27
ACGCTGG,27
GAAGCCA,27
CGCTGAC,27
CCAACCG,27
GGACGAG,27
GAGGTGA,27
GGACACG,27
GCTCGCT,27
GGCGTCT,27
TGGGACT,27
CGGCCGA,27
ACGTGGC,27
TGTGCGC,27
GAGTCGG,27
GCCCATC,27
CACCCAA,27
GACCGAG,27
CCAAGGG,27
GAGAGAC,27
CCTCACA,27
ATGGCCG,27
TCCACCA,27
CGTGGAG,27
GTCAGCT,27
TCCCCTG,27
CCCTCAT,27
AGCTGAG,27
CTTTCGC,27
TTGGTTG,27
GTCCCCA,27
CCGTGAC,27
TGCCGGC,27
GCTGAAG,27
GTGGGAA,27
TTCCCCT,27
CACTGAG,27
AGGACAG,27
AGCCTTG,27
CGAGGTG,27
CACTGGG,27
GCAGAAG,27
GCCGTGC,27
CTCGGTC,27
GGGAGAC,27
AGTCCCA,27
CGAGAGC,27
AGAAGGA,27
ACGCACG,27
CCCTGAT,27
CCCTTGG,27
GAGACCG,27
CTGCCAC,27
CCTCCTA,27
CCTCTAG,27
CCTGGTG,27
CGCCACT,27
CTCTTCT,27
GTGGGCC,27
CCTGGCA,27
GCGTCCG,27
GCACGCC,27
ATCCCGC,27
GGGCACG,27
GGGGTCA,27
TAGGCGC,27
TCCTCAC,27
TTGGTGG,27
ACAGCGC,27
CCCACTA,27
GCTTCCC,26
TGGCTCT,26
AGCGGAA,26
CGCAGCT,26
AGCTGGA,26
TGCCCGG,26
GGTCGGG,26
AGGGTCC,26
GGCTTCA,26
CCCTGGT,26
GGATAGG,26
CGCGACG,26
CCCTCAA,26
GCTGTCA,26
CCTTAGC,26
CACCTTG,26
GCCTAGC,26
GCGAGGT,26
TTGGAGA,26
CCAGTGC,26
GCACCTC,26
GGGACGC,26
CACACGC,26
GCAGGCA,26
GAGAGTG,26
TCCCAAG,26
AGGCTCA,26
GGTGGGT,26
AGAAGCG,26
CCCTTTA,26
CGTGCTG,26
CTCCGTC,26
ATTGGGG,26
AGGACCC,26
CATGGGG,26
ATGGGGG,26
TGAGTGG,26
AGTGGGA,26
CCCGAGA,26
GAGTGCG,26
TTGGTCA,26
GAGCCCA,26
GGGAGCA,26
GTCACTC,26
ACCCCCC,26
AGAGGCA,26
CTCAGGA,26
GACCGCG,26
CTCGCGG,26
ACTCCAC,26
GGGTGCC,26
CGAAGAG,26
GCGTTGC,26
GTTGCCC,26
GGCGACG,26
CGTCGCG,26
CGGCTGT,26
GGTTCCT,26
ACGCGGG,26
CTGAAGG,26
TCTTCCG,26
AAGGAGA,26
GGAAGTC,26
GGCCGAA,26
GAACCAA,26
TGGGCGA,26
GGACCCT,26
AGCCTGC,26
CCGGAGA,26
CTCTTGC,26
CCCGTCG,26
GGCTTGC,26
CGGAGGT,26
AAGGCAG,26
CGCCCGT,26
AGCAGAG,26
AAGTGGC,26
CGTCCAG,26
TCGCTTC,26
GACCTCA,26
CCTGCGT,26
GGGGTGC,26
GGACAGA,26
CAGTCTC,26
GGGACGT,26
GAGGTGT,26
CCAAAGG,26
CAATCAC,26
CCTAAGG,26
GACCAAG,26
TGCCGCC,26
TCGCGTC,26
CATTGCC,26
TGGCGGT,26
AGCCCAA,26
CCGACCA,26
CGCCTAC,26
GCGTCTG,26
AGTCAGC,26
ACTCCAG,26
GAGGTTC,26
GCCTGTC,26
CCTGCAC,26
CTAGGGC,26
CCAGCGA,26
TTGGCGG,26
CCAGCGT,26
CAGAGTG,26
TGGCAGC,26
CGGGACA,26
TCTGGCT,26
CAGGTGC,26
TCACTTC,26
ACTTCCC,26
GGTGCTC,26
GTGATTG,26
CTCGGTG,26
CCCGCAA,26
CTTGGCG,26
TGGCCTA,26
GTCTCCT,26
GCTTCGC,26
TTGTAGT,26
CGCTTCG,26
GCAGGAC,26
CGGCAGA,26
GGTCTGC,26
TCCGAGC,26
CACTGCC,26
TGGCAGA,26
CGCCATT,26
CAACCAA,26
CAGAACT,26
TGAGCGC,26
CGCCTGT,26
CTGACTG,26
GTTCCCA,26
GGCCGTC,26
TGTGAGG,25
CTCTGAG,25
TAGGGGG,25
CCGACCC,25
GGTCCAG,25
AGCCTGT,25
CGGACAG,25
CCCGGGT,25
CGGGGAT,25
GGGGATG,25
GGATGGG,25
CACAGGG,25
CAGGGTC,25
TCAGCTG,25
CAGCTGA,25
CCTCAGT,25
CCAAGCT,25
AAAGCGG,25
CCTCTGT,25
AACTACA,25
TGTGGAG,25
TCCTAGC,25
CACCGAG,25
CGTCTCT,25
GCGTGCT,25
CTCCCAA,25
ACCGTCC,25
CGCGTCA,25
CCCGCGT,25
GGTCCTC,25
GCCTAGA,25
CAGCTCG,25
CGGCGGT,25
GACGCGT,25
CTCTGTG,25
GCCGCGT,25
CCCTTTG,25
GCAGAGT,25
CAGATCC,25
ACGCCTG,25
CTCGTCC,25
GGGTAGA,25
ACGGCCG,25
GTCGGAG,25
CGCGACT,25
GCCCTAG,25
CGAAGCC,25
GACCAGC,25
TGGTGGA,25
GCCCGAC,25
CCGCTTT,25
TCGCGAG,25
GACGCTG,25
CAGCGCT,25
GCGCTGA,25
GTCCGGA,25
TGGGGAA,25
TAGAAGG,25
GTCGCTC,25
CAGAGAC,25
AGAGACC,25
GAGACCT,25
GGCTTAG,25
TCTCAAG,25
CAGAGGT,25
CTCTTTC,25
GCTTTCG,25
CTTTCGG,25
AACCCTG,25
CGTGTCC,25
GACGCGA,25
AAGGAGC,25
CCGTCCT,25
TGACCGG,25
GGGCGTC,25
GGTGACG,25
CGCACCC,25
TCCCACT,25
GGAACGC,25
GGTCGCG,25
CCGCTGT,25
CTCGCGT,25
ACTGCGG,25
CATTCCT,25
GGCGACC,25
TTGCGGC,25
CACCACC,25
TTCTGCG,25
GGTCCCT,25
ACCAGAG,25
TCTCATT,25
AGACCAA,25
GACTGCG,25
GCGGCAA,25
TCAGCCG,25
AAACCCC,25
TTTGGGG,25
CCTTCAG,25
GGAGACA,25
CCGCTCA,25
AGGGCAA,25
CGTGGCA,25
CCGTCGG,25
CTGCACC,25
GACTCAG,25
CCGCGTG,25
TTGGGAG,25
GCCTTGC,25
TCTCCAG,25
GACCGCC,25
GGGGGGA,25
GCGGACC,25
GACTCGC,25
TCTCCTG,25
CTTCCGT,25
GAGCTGC,25
CCAGCTT,25
AGTGAGG,25
CGCAGTC,25
GAAGTCC,25
TCAAGCC,25
CAAGGCT,25
GCAGGCT,25
GCTGTCC,25
TGGCTAG,25
TTCCCCC,25
ACTCTCC,25
CGTCGCC,25
ATTGGCA,25
CTTGACC,25
TGGCGTC,25
TAGGGCG,25
CTAGGCG,25
CAGGACG,25
GGGAGAT,25
GTCGCCG,25
CTCCGTG,25
GCGTGTC,25
GAGCGTC,25
GAGAGCT,25
AACCTCG,25
GTCACGG,25
TCTGAGC,24
GGCTTGA,24
GAGGAAA,24
TCAGGGA,24
CTGGACC,24
CGGCCTT,24
GGCCTTT,24
CTTTCAG,24
AAGAGGA,24
ACGAGGC,24
CGCTGCT,24
AAGCTCC,24
GTCAGCG,24
ACTACAT,24
GGGAGTC,24
CCGAGTC,24
AGTGCCC,24
GCCGGTG,24
GCCGCAC,24
TCCCGTC,24
GGAGCAC,24
TCTCCAC,24
ACTCGGG,24
GCTCCAA,24
CGACCCC,24
TGACGCA,24
ATGGCGC,24
GGCGTTC,24
GTTCCTG,24
GTTGGGG,24
AGCAGCA,24
GGCACAG,24
CTACAAT,24
ACGGGCG,24
CCACAGA,24
ACAGAAG,24
TGTGACC,24
TCGCGCA,24
GACTCCC,24
AGCGCAC,24
TTGGCTT,24
CTACCTC,24
AAGAAAG,24
ACTCGCC,24
TTGGTCT,24
TTCCCTT,24
GCACAGG,24
GCCCTGT,24
GTCAATC,24
GGGGTTC,24
GAGTGGC,24
TGACTCC,24
ACCTGCC,24
AGGCGTC,24
CTCTTGG,24
TCTTGGC,24
AGTAGGC,24
ACGGCGC,24
CAGTGGG,24
CAGCATG,24
CCACACT,24
GGACCAC,24
TGCTGAG,24
CCGTCGC,24
GGCAGCA,24
CAGAAAG,24
CTTGCTC,24
TGTCCCC,24
TAGAGCG,24
GAGCAGA,24
CCTTTCT,24
CCTCTTT,24
ATCAGGC,24
AGGATGC,24
AAGCGGA,24
TTTCCCT,24
CCGAAGG,24
GAGCGAC,24
GGTCGGC,24
ACAGGCC,24
CCAGACG,24
CCTGCGA,24
ACCCAAT,24
ACCTTGG,24
GTTCCTC,24
CCCCATT,24
TGGGAAC,24
GTGTGTG,24
CACAGAG,24
GGGGCAT,24
CCACCTG,24
TGGCGCT,24
AGAGACG,24
GGTAGAG,24
TGACAGC,24
GGAGAAA,24
ATTGGAT,24
AGAGAGC,24
CGCGGAA,24
GGTGAGC,24
GGTCAGA,24
CCCGTGA,24
TGAAGAG,24
CTAAGGG,24
TCCTGAG,24
GGTTCCG,24
TCCAAGC,24
ACCTGGC,24
GCCTCAT,24
TGCTAGG,24
TCGAGGC,24
GACGAGG,24
AATGGCG,24
GGCTGAC,24
TGCGGAG,24
ACCTCAG,24
GCCGCAA,24
TGCTCCT,24
ATCAGCG,24
TCTACCC,24
CACCTGG,24
TTCCGTC,24
CGCCTTG,24
GCAATGG,24
CACTCTG,24
CCCAAAC,24
CGTTCCC,24
GGCGGTC,24
CCGACGG,24
CAGCGTC,24
GCAAAGG,24
TCCAGCG,24
CTTTCCT,24
GGCACGG,24
AGCCGCA,24
TGCCACG,24
GGCTTTT,24
ACGCGAG,24
ACGAGGG,24
ATGGCCC,24
GCCACTG,24
AGGCGCT,24
CCGCCGT,24
ACCCCTT,24
CGAGAAG,24
CTTGGTC,24
CTTCTTC,24
AGCTGTG,24
GTCGCGC,24
TGGTCTG,24
CAACCGC,24
TTGCCGC,24
CGAGGAC,24
GCTCCGA,24
CTTGGTG,24
GGTGAGT,23
CTGGAAC,23
GAAGGCA,23
CGAGGTT,23
GACCGGA,23
TGGCTCA,23
TCGGCTT,23
GAAGGAA,23
TGACCAC,23
CCATTGC,23
TGGACGG,23
GCACCCC,23
TCTTCCT,23
GGGGTCC,23
GGGGATT,23
TTCTCTG,23
CAGAAGA,23
AGACCAC,23
ACCCACT,23
CCGAGAC,23
CGAAGCG,23
CCGAGTG,23
CCGTCCG,23
TGCCGCA,23
GTTGGAG,23
CTCGCTT,23
CCACGTC,23
TCTTCTC,23
GCTCACC,23
ACCCCGG,23
AGGGGGT,23
AACGCTC,23
GGCAGCT,23
GCGTCGG,23
GACGCAG,23
GCGTTCC,23
CTTTCTG,23
CCAATAA,23
GCCAGCT,23
TTTCTCC,23
TGGCCGT,23
TCCTGGT,23
AAGGCTG,23
CTTTCTT,23
CCAGGAT,23
CTCACAC,23
GAGTCCG,23
CAAGCGG,23
GTGCCCC,23
TGGAAAG,23
GTGCGCT,23
TGCTCAG,23
GGCGTTG,23
CGTTGCC,23
GAACGGG,23
CGGGTAG,23
GACCTGC,23
CGGATTG,23
CTGTCCT,23
GAAGCCT,23
ACACCTC,23
GGTCGGA,23
TCCGGAC,23
CCGGACG,23
ACGGGCC,23
ACCCTGA,23
GCATGAG,23
CGTCAGC,23
CAGCACG,23
GCTAGGA,23
CCCGCTT,23
GGGTCCT,23
TCTCCAA,23
AGCGCTG,23
CAGTCCT,23
AAGGCCT,23
TCTCGGC,23
CCATTTC,23
TTCAGGC,23
TCTTTCC,23
GGAGGAT,23
GAAAGCG,23
GTCCTAG,23
CCTTTCG,23
AATCGCG,23
TGCGTCC,23
AGGGAGT,23
ACCTGAG,23
ACTCGGC,23
GTCCTCG,23
GTGGTGG,23
GAACCGG,23
GTCTCCA,23
TCCCTGA,23
GGCTATG,23
GGCCACT,23
TTCCAGA,23
CCAGAAC,23
CCTGCTT,23
GAAGTGT,23
ATGTAGT,23
CCAGTCA,23
TGGCTTG,23
AGCCACC,23
TGTCCTG,23
TTCCCCA,23
TCTAGGC,23
GCTTCTC,23
TGCTTTC,23
GCCTGCA,23
GAAAGGA,23
CCACTGT,23
GTGGTCA,23
CGACAGC,23
TTTCCCC,23
CAGAGCA,23
CGTTTCC,23
TTTCCTC,23
CTCCTAC,23
CAACCCC,23
ACTCCCG,23
CCCCTGT,23
CCGGGAT,23
CCACCGG,23
GGTTCCA,23
GCAGTCC,23
CAGAGAA,23
CGCGCTT,23
AGAGCCT,23
ACGGGGG,23
TCGGCTG,23
CTACCCC,23
CGCTGCA,23
GATTGAC,23
TAGAGGC,23
GTGAGGT,23
GAGTGAG,23
TCCCCCC,23
CTGTTCC,23
AAGCGCC,23
GAGCTTG,23
TCTCCTT,23
AGCGCCA,23
CAAGATG,23
GGCGGTA,23
CCGTGGG,23
GGCCAGT,23
CCTCTAC,23
CCACGCT,23
CGTGAAG,23
ACGGCTC,23
GACGGGA,23
CTCCACG,23
AGGTGTG,23
CGCACTG,23
GTCGCTG,23
TTCTTCC,23
TGTGTCC,23
CCCTACT,23
AGTGACA,23
GCAAGCG,23
GCGCATC,23
AGTCCGC,23
CAGTCCA,23
GAGGACC,23
ACAACTC,23
CCTCTTG,23
CTGTGCT,23
TGAGGTG,23
ACAGAGG,23
CACCGGC,23
TCGCAGG,23
CAATGGA,23
TCCTAGG,23
AACCAAG,23
CCGGCAC,22
AACTGGG,22
CTGTGAG,22
TTAGCCC,22
GCTGCCA,22
TGGGGAC,22
GGGGACA,22
TCACTCA,22
GACACGC,22
CCACACA,22
CGACCGC,22
GGCCCAT,22
AGCACCC,22
TTCGGGC,22
CTACATT,22
GACACCC,22
TCCAATG,22
CTTTCCA,22
GGGGAGT,22
GAGACTC,22
TCACCAA,22
ACCCCCG,22
CTTTGCT,22
GTGAGAA,22
TCGGACC,22
ACCGAGC,22
GGGCACT,22
CACTCGG,22
GGGGTGT,22
CGTCGGC,22
TGCGTGG,22
GCAGGTC,22
GGCTTCG,22
GACCTCC,22
GAGGAAC,22
CTAAGCC,22
TAAGCCC,22
AAGGGCT,22
CCTAGAG,22
GGGGCAC,22
ACGGGAC,22
AATCCCA,22
GAGTCGC,22
GGCGAGT,22
CCGACTC,22
ACCTGCG,22
AAAGCCG,22
CGCGACC,22
AGTTCCG,22
ACAGCAG,22
TGCGCAA,22
CCGGAGT,22
GACTCCT,22
GACCCCA,22
GGCGGCA,22
TTGGCGA,22
CGGCAAC,22
CAAACCC,22
AACCCAG,22
CCGGCGA,22
CCTGAAG,22
GCCACAA,22
GGGCACC,22
TCCTGTC,22
CTGTCCG,22
GGAAAGA,22
CCAGCAT,22
TAGCCAA,22
GACCACA,22
TCCGGCA,22
TCGGAGA,22
TCACCCT,22
CGCTGGT,22
AATCGGA,22
CGGCTTT,22
GCAGAAC,22
AGGCTTC,22
AGGCTGT,22
GCTCCTT,22
GTGAAGG,22
CGCCGAC,22
GCCTTCG,22
TTCGGCT,22
TCGCTCT,22
CCAGGTT,22
ACGGGGA,22
TTGCCTG,22
AAGAGCG,22
GCAAGGC,22
CCGAGAG,22
AAAGGCC,22
TTGGGCT,22
CAACGCG,22
TGCCTTC,22
GTCAGTC,22
GACCAGA,22
GCCGGTC,22
GATCCCG,22
AGCAAGC,22
CCCCAGT,22
GTCTCGG,22
CCCCGTG,22
GAGAGCA,22
AAGGAAG,22
TCCCTAC,22
ACCAAGT,22
CGTCTGC,22
TCTGCCG,22
GTGACAG,22
GAGCAGC,22
AGCAGCG,22
ACCCACA,22
TGCCTCG,22
GTTCGGG,22
ATGAGGC,22
GAGACAG,22
GTTGCTA,22
GTTCTGG,22
AACGCCC,22
TGGCGTG,22
CCTACTC,22
CGTCGGG,22
CTTGGGA,22
CACACTC,22
CGCCAAT,22
AGCTTGG,22
GGGATAG,22
CCCATTT,22
CGTGCTC,22
CGTGCCT,22
CTAGGCA,22
CTGGTCT,22
TTCCGCG,22
AGGCACG,22
TCCGCTG,22
ACAGCGG,22
TTTTCCC,22
AGAAGAG,22
CCCGCTA,22
GCCACGT,22
CTAGGGA,22
TAGGGAG,22
ACGCGCT,22
CCGGCTT,22
AGTGACG,22
GCGACGG,22
TGTTGCT,22
TGGCGCA,22
GTCGGCT,22
TGGTCTC,22
CCACCAA,22
CTTCTCG,22
AATGAGG,22
ACGGAGA,22
ACTGCCC,22
CTGAGTC,22
CGAGCTC,22
AACTGCG,22
CAGCGGA,22
GGACGGT,22
CAGGTCT,22
CGTCCCA,22
GAGAGGT,22
TGCTCTT,22
TCACTCC,22
CTTCTGT,22
GCCCTTG,22
CGCTTGG,22
CAACCTC,22
ACCTCGG,22
CCTGTCT,22
GGACTGC,22
GCCACAT,22
GCTTGAG,21
CAGAGGA,21
GGGTTTG,21
GCCTTTG,21
CCTTTGT,21
CGGGTCG,21
CGCATCC,21
GTCTTCC,21
AGCTCTC,21
GAACTAC,21
ACCCTCT,21
ACACCCA,21
CGAGGTC,21
TCACCGA,21
CCATCTC,21
CTCTCAC,21
ACGTCCC,21
AGTGAGA,21
CTTTGCC,21
CAACCAC,21
AGTGCGG,21
GCACTCG,21
CGCACAC,21
CCATGGG,21
GGACCTC,21
ACCTCCG,21
ACCTTCT,21
ACAGCTC,21
ACGCGTC,21
TACCAGG,21
GGGGAAT,21
ACGCTCT,21
ACGGAGC,21
CGGTGAC,21
TGACCCG,21
CACTGTG,21
GAAGAAA,21
AGTGGCC,21
TCACCTC,21
CACTCGC,21
CCAGTTC,21
AGCAGCC,21
AGAAAGG,21
GAAAGGC,21
CGGAGTT,21
AGAGGGT,21
CTGTCAA,21
AATCCGC,21
CTTTTCC,21
GTAAGGG,21
AAACCCA,21
CATCTGG,21
GCTCCGT,21
CTGCCAA,21
AGCAAGG,21
AAAAGGG,21
GCCAAGA,21
GTGAGTG,21
AGTGCAG,21
TTGACAG,21
CAGGCTT,21
CGGAAAA,21
GTAGAGA,21
TGACCGC,21
AGAGCGT,21
CTCTCGG,21
GGGCGTA,21
AGACCTC,21
GCGGTTG,21
CGGTGGA,21
TGAGCCA,21
TGAGAAC,21
AGAACTG,21
GGGACGA,21
CAGGTTC,21
AATGGGG,21
CTCACAG,21
ACTTCCT,21
CCATCCT,21
CCATCTG,21
GCACGGG,21
GGGTGAC,21
TCAAGGG,21
CGGAAAC,21
GATAGGG,21
CGCGATT,21
GCGCCAA,21
TCTCAGG,21
GAAGCAC,21
GTCACTG,21
TCATTCC,21
GAACCTG,21
CGGAACT,21
ACTCGGA,21
ACAGAGC,21
GTTCCGC,21
AATGTAG,21
GTCTCTG,21
AGTCGGC,21
GGACTGA,21
GACTGAC,21
ACTGACC,21
AAATGGG,21
CCCGGAT,21
GTTCTGC,21
GAGCTGA,21
ATTGGTG,21
GTGGGCT,21
CGGCTGA,21
GCACGGA,21
GACAGCG,21
CGTCTGG,21
ACTGAGG,21
TCACAGC,21
TTCCGGT,21
CAGCAGA,21
GGTTTCC,21
GTGCCTT,21
CCATCTT,21
ACTGTGG,21
GAAGTAG,21
GCGGCAC,21
AGGGTGC,21
GAGTTCC,21
GCTCGCA,21
TGCCGCT,21
TGTGGGA,21
TGCGTCA,21
TCGCCAA,21
AGAGTCT,21
CAGTGCG,21
ACGCCTT,21
GGCAACG,21
CTACCCG,21
CCCACAA,21
TAGGAGC,21
CTCTTCA,21
TCGGGCT,21
CTGCTTC,21
GACGTCG,21
TTCCGCT,21
AGCGTCC,21
GTTGCTG,21
GAGCGTG,21
GAAGAGT,21
CGGACTG,21
ACGCCGC,21
AGATGGC,21
TCTCGCT,21
AGACTCG,21
CGGGGGT,21
CCGGTTC,21
AGGTCTC,21
GCTCATT,21
GTGAGAG,21
GTCAGGA,21
AGACGCT,21
GGTGGAA,21
CTCGGAC,21
CTTAGGG,21
GGGGTCG,21
GCTTGGA,21
GCTTCAG,21
CCGGGGT,21
GCCGGCA,21
GTGTGAG,21
GAACTCC,21
CGGTTCC,21
TCCGTGC,21
TGAGTCA,21
AACCTCC,21
GAGGCAC,21
AAGCCGG,21
TCCAAGG,21
TGGTCGC,21
CAGTGTT,21
CACGCTC,20
TCTGTGA,20
TGAGAAG,20
TCCAGAA,20
GAGGTTA,20
CTCAGAC,20
GCGGCTT,20
ATGGGGA,20
GCTGCTA,20
ACACACA,20
CTCCGAA,20
CATTGCG,20
AACGAGG,20
TTGCCCT,20
GGGAGAA,20
CTCGCGA,20
GCTCTCG,20
GATCCTC,20
CCAAAGC,20
TCACCCA,20
TCTCACC,20
GTGCCCA,20
CCTATTG,20
CGACGTC,20
GCCTTTT,20
CCTAGGT,20
CCACTGG,20
CACCGTC,20
GCGAAGC,20
GCAGTAG,20
CCCATGG,20
TTCTGCC,20
TGCGGGA,20
TCCTCTT,20
AGGAAAG,20
GCCTGAT,20
ACTCCCC,20
TGCCTGC,20
AGCCGAA,20
TGTGGCT,20
ACAGTGG,20
AGTGAGC,20
TCTGGAA,20
CAGGATG,20
TTGTGGG,20
GTGCCAG,20
GAGGCAA,20
GACGCCT,20
CTGCTCA,20
GAGACTG,20
GGCTCTT,20
CGTGGTT,20
TTGGGTG,20
TGGAAGC,20
AGCATGA,20
GCCCGAA,20
CCGACGT,20
CTCTCTT,20
GCACCGG,20
ACCGGTG,20
CGACTGG,20
TCCACAG,20
TCCGGAT,20
CGCAGAA,20
GAACTCT,20
GGACAAG,20
TCTCTGA,20
GGGATGA,20
GACTGAG,20
AGACCAG,20
GCGGACA,20
CGGACAC,20
TGGGGTT,20
GGGGTTT,20
CTCGAGC,20
CCTTCGC,20
GCGTCCA,20
CGTCTTC,20
TCCGATT,20
TTCGGGA,20
GACCTTC,20
CTACCCT,20
GGGTGCT,20
GGTGGTG,20
TCACAGG,20
CTCCGAC,20
TGCGAGC,20
CAAAGGC,20
GTGGCTA,20
GCTGCTC,20
GCCACTT,20
ACAGTCC,20
CCGTCAC,20
AGCACGG,20
CCACCTA,20
ATAGGGG,20
GGAACAG,20
AACAGCC,20
GTGTCTG,20
TTTGGCC,20
CCCAACG,20
TGTGTGG,20
GACCCAC,20
CGTGCGT,20
ACGCCAG,20
CGGACCG,20
CGGACTT,20
TGTGGCG,20
GCCTTCA,20
AACCCGG,20
GTGTGCG,20
CAGACCA,20
CATCCCT,20
GTGGTCC,20
CCGTTCC,20
CCACCAC,20
GGAGCTT,20
AGTCGGG,20
AATTCCC,20
CACTCCG,20
AACTAGG,20
AAGAGCC,20
AGCCACA,20
ACTGTCC,20
CATGGGC,20
CTACCGC,20
GAGTGTG,20
ACGTCAT,20
TGCGGAC,20
GCGAGCA,20
CCTTAGG,20
AAGCTGA,20
CACAGCA,20
CTGAGGT,20
TGAGGTT,20
CCCCGGT,20
CCGTGCT,20
CCACTGC,20
AATAGGC,20
GGACGGC,20
GGCAAGA,20
ATCTTGG,20
AGCGAGA,20
GTAGAGG,20
CCAGTCG,20
CGGCACC,20
TGGGTAG,20
AACCACG,20
AGAGTTC,20
CTGTTGC,20
GAACCTC,20
CCATTCC,20
GCTCACG,20
GGGATCC,20
CATGGCG,20
TCGCCTG,20
CCCCATG,20
GGCACCT,20
GGCAGAA,20
GGTGCCC,20
CGCGTTC,20
TGAAGCC,20
GCGACTC,20
GCTGCTT,20
CTGGCAC,20
CAAAGGA,20
TAGCGGG,20
GGACTTC,20
CGGCAAG,20
CGGGTTG,20
GGAATGC,20
CGCCTTT,20
GGCTACC,20
TGGACGC,20
CCTTTTT,20
TGCGTGC,20
TCACTCT,20
CCCAAAG,20
CGTCAGG,20
TCTCCGA,20
TGTGCGG,20
GCTGACT,20
AGGCTCG,20
ATTGGGT,20
CCGCACG,20
GGACTGT,20
GGTCGCC,20
CACTGAC,20
GCTAGAA,20
CTGTGTC,20
ATCCTGG,20
GGCGCAT,20
ACCACCC,20
CCGCTAG,20
TTGAGGG,20
AGCACAG,20
ATTGACC,20
GTCGTCC,20
CTCTTCG,20
GCTGTGA,20
GGGCATG,20
TTGCTCC,20
CTCACGG,20
CCCTTTT,20
GGTTGCG,20
ACATTGC,20
GTCGGGC,20
AGGGTCA,20
GCCGTCC,20
CCTGACG,20
AAGGCTC,20
GTAGGAG,20
GGAAGCT,19
AGGAATG,19
GGACTCT,19
GACTCTG,19
GGACAGT,19
CACGCAG,19
TGCTGCT,19
TTGGAAG,19
TCAGTCC,19
GCCTGTA,19
CCTGAGA,19
CCCCTAA,19
GCAGGGT,19
AGCACTG,19
CTCAGCT,19
CGACACC,19
GTCTTGG,19
GTCTCTC,19
CATCTCC,19
AGCGTGC,19
CCCGAGT,19
CGCCAGT,19
GTGCCGC,19
TGCCTTT,19
AGGGCTT,19
TCACTGG,19
CAAGGCG,19
AGGCGAA,19
TCCAAAG,19
CCTTTAA,19
CACACCT,19
TGCAGCT,19
GTGCTGC,19
CATGCTC,19
GCCTTAC,19
CACCAGG,19
CTGGGTT,19
TTCTCCT,19
GGCCTAT,19
GCTAAGC,19
AGCTCGG,19
GCGTGAC,19
TGAGCCG,19
ACCAGGA,19
CGCAGCA,19
GTGGTCT,19
GGTCTAG,19
AAAGGCG,19
GTATGGG,19
TGGGAGA,19
CCACAGT,19
GTTCTCG,19
CCCGGTC,19
TATTGGT,19
AAGGCGC,19
ACAGGCG,19
GGTTCTA,19
GGGTTGC,19
CCTGTCA,19
CCCCGAA,19
TACCGCC,19
GCTCGGT,19
GTGTCCA,19
ACTCTGC,19
TGGGTGC,19
CCTTTTC,19
CGCGGAT,19
CTCCATT,19
TGGAGAT,19
CCTCAGA,19
CCCAGTT,19
CGCAGTA,19
GCTCTTC,19
GGCCAAC,19
CTGTCAC,19
CGGTCTC,19
AGACAGC,19
ACCCGCT,19
TGCTGGC,19
GCTCGGA,19
GTCACCC,19
CGGAGTG,19
TGCAGGC,19
TGACAGG,19
AGGCTTG,19
CTGACCG,19
AACCGGA,19
TTCGGAG,19
GGATCTG,19
GGCGTAG,19
TGGCTAC,19
ACAGGGG,19
ACCTCCA,19
GAACCAG,19
GTGGTTG,19
TAAGTGG,19
GAAGGAC,19
ATCGCGC,19
CGCTTCT,19
GCTCGAG,19
GCGGCGT,19
GCGTCTT,19
TCCACTC,19
TTCCGAT,19
TCCCTCG,19
TCGCTGA,19
GGTAGGA,19
GCCCTAT,19
CACAGAC,19
AACGGGG,19
TGGACAG,19
CAGTGGA,19
TGTGACG,19
TCTGACC,19
TCTTTGG,19
TTCCTCT,19
CCCATCA,19
GAGCTTC,19
CTTCATT,19
CCACTCG,19
TTGGGCA,19
GCGACCC,19
ACGTGCG,19
CTGCTTT,19
TGACCAG,19
TGCCGGA,19
TAGTCCC,19
GCTCAGT,19
GGCTTGT,19
ACCGGGG,19
AGCCGGT,19
GTGACGG,19
ACCGGGC,19
GGTCTCT,19
TGGACTG,19
TGGGGCA,19
ACCCCTG,19
GAGTGTC,19
TGGGCTT,19
ACCAATA,19
TCATGGG,19
GTCAGCC,19
ACACGCC,19
CCCTTAG,19
TTCTCCA,19
TTCCTTT,19
TTAAGCC,19
GTTTCCC,19
CTCTGGT,19
TGGTCGG,19
GCAGTCG,19
AGGTGCC,19
TAGGGCC,19
GCAAGAG,19
TGGACTA,19
TCAGAGT,19
CATCCTC,19
AACGTGG,19
ACTCCGG,19
CCGGATG,19
CATTCCC,19
CCTTGCG,19
TTGCGTC,19
AGTTGCC,19
GAGTTGT,19
AGCGCGT,19
CTCCCTA,19
TTGCGCG,19
CTGGCGT,19
GGGTGTC,19
TCCGCGT,19
CGCGTTG,19
CGCCGTT,19
GTCACTT,19
CAGGACT,19
CCGCGAT,19
TCGCTCA,19
GGAGTTC,19
AGTTCTG,19
AGCTTTC,19
CGAGGGA,19
TCCAGGT,19
TTGCCAC,19
TCAAAGG,19
TCGCCGG,19
TTCGGGG,19
GATCCCA,19
TGTCCAA,19
GGCCCTA,19
TGACCTC,19
ACCACTC,19
ACGTCGC,19
AAAAGGC,19
CCGGATC,19
AGAAACC,19
CGAGGCA,19
AAGGGGT,19
CAGCTGT,19
GCTGTCT,19
CACAGGA,19
CAAGCCA,19
GAACTGC,19
GAGCTCG,19
GACGGTG,19
TGACTCA,19
AACTCCG,19
CAGTTCT,19
CAGTCGC,19
GGGTTCT,19
GACGGAC,19
AGACCTT,19
TGGATCC,19
CTTCGCG,19
TTCCAGT,19
CCAACCT,19
TCGTCTC,19
AATTGGC,19
GGCATGG,19
CAGGCGA,19
AATGGAA,19
GGCGTCA,19
GACAGAG,19
GAACTGG,18
GAAAAGC,18
GGGCTAC,18
GCTACGG,18
CTACGGG,18
CAGACAC,18
ACGCAGC,18
CCGGGTT,18
GGTTTGG,18
GCCGCTA,18
AACCACA,18
GTCCCCT,18
GCTTCAC,18
TTTCAGC,18
ATAGGCC,18
AGATAAG,18
CTGTCAG,18
TTCTCTC,18
CGGAACG,18
ATCGCGG,18
GGCCGGT,18
CCGCACC,18
CTCGACG,18
GCTCACT,18
CAGCACA,18
GGAGAGT,18
GTCCACG,18
ACCAGCA,18
TTATTGG,18
ACCCCCA,18
CTCAGAA,18
GCGCGAA,18
CGCGAAG,18
GAAGCAG,18
GACGCAC,18
CTCATAG,18
TCGGGAC,18
ACGCAGG,18
ACAGGAG,18
TTAGGCG,18
CTGGATG,18
GTGTCGC,18
CGCGGTC,18
CCTTCTA,18
GGACCTA,18
GTGGAGT,18
GAGTGGA,18
ATCCGGG,18
GGTGACC,18
TGTGGTC,18
AGAAGGT,18
AGGATTG,18
GCCGACT,18
GCAAGCT,18
TGGCTTA,18
AAGCCGA,18
CACAGTG,18
CTGGAAA,18
GCGACCG,18
TTGCTTC,18
GCGCGTT,18
ATGGAGG,18
GCATGGC,18
GGGCGAC,18
GCGGATT,18
CTACTTC,18
TCAGACC,18
TGGACCC,18
CAACACC,18
GTCCCGT,18
CCTCGCA,18
ATCTGGC,18
ACAGGCT,18
CACGGCG,18
GCCGAGT,18
GAGTCCT,18
CAGCAAG,18
TGACTCG,18
AGGACCA,18
ACCACAC,18
GGCAACC,18
TGCGCTT,18
GCGCTTT,18
GAGTCAC,18
GAGCTCA,18
CTCAGGT,18
CTCCAAT,18
TGCGGCT,18
CCAAAGA,18
ACGGAAG,18
TCCAACC,18
TCGCCCG,18
TGACTGA,18
CGGTTGC,18
CGCTGAT,18
CATAGCC,18
GCCAGAC,18
CGTGAGA,18
GAGAACT,18
TGCGAGG,18
GAGGTTG,18
GGCGAAC,18
CTGTGGA,18
GTGTCCT,18
TTTCGGG,18
CCTACTG,18
GCTATTG,18
AGCCCGA,18
TGACGGC,18
TTTCCTG,18
CGGGTGC,18
TGCTGAC,18
TAGCCCA,18
CTGGAGT,18
CATCCTG,18
ATCCTGC,18
CTACGGC,18
CTTCCAC,18
TTCCACC,18
TCTCACT,18
GTCTGAC,18
CTGGGTA,18
CCCATTC,18
GAACTTG,18
GAGGATC,18
CCGCACT,18
GCAGCGA,18
TCTGCCA,18
CAGTCGG,18
GGAACCT,18
CCTTCAC,18
TAGGTGG,18
CGGATCC,18
GGAATGA,18
GACAGCT,18
CGCCTTA,18
ACCGCCG,18
GAGCACG,18
GAGCAAG,18
CAGTCCG,18
CCAAGAC,18
GTGACCA,18
CTGCACT,18
CCCGACT,18
AGAGTGC,18
GTCCTTC,18
TCACTGA,18
TCTGAGG,18
TGCTGTG,18
CCTGTAG,18
GTTTCCT,18
CAAGACC,18
GTGACCG,18
GGGGTTA,18
CCCGACA,18
AAGAAGC,18
CACTGTT,18
GCTGGCA,18
GGATGGC,18
GTTTCCG,18
ACCCGAA,18
CCGCACA,18
CTAGACC,18
CGAGAAC,18
AGTAGAG,18
CTGCAGT,18
GCCAACC,18
GCAACGC,18
CTCGCTG,18
CCTCGTC,18
TCCCCAT,18
GTGCTCT,18
GCCTCGT,18
CCTCGTG,18
CACAAGC,18
CATCCCC,18
GTCGCTT,18
GGCAAAG,18
GCTTGCC,18
CTGAGAC,18
TCCGCGA,18
CGGGTGT,18
GCGGTCC,18
GCATTCC,18
CTCCAAC,18
CCGTTGG,18
AGTCTGG,18
TGGTCCG,18
CAGGACA,18
ACCGAGG,18
GACAGAA,18
GGAATTG,18
TAGGGGT,18
TTCGGGT,18
GCTAGAC,18
GCGGTAC,18
CACGAGG,18
TCCGCTT,18
TCTGTGC,18
CAATGAC,18
CACCCTT,18
ACCAACC,18
GCTTTCA,18
TGAGGCA,18
TGCCACA,18
TGCTGGA,18
GGCGTGT,18
GTGTCCC,18
ATTCCCT,18
AGACCGA,18
AGGCACT,18
GCAACTG,18
CGGTTGG,18
AATGGCC,18
TGAGGGT,18
TGGGATA,18
CGCTAGG,18
TTGAGGC,18
GATCTCC,18
GACCTGA,18
TCGGTGA,18
TGGAGAA,18
GAGAAAG,18
GAGCTGT,18
CCTGAAA,18
GCGTCAG,18
GCGCCTA,18
TGTGCTC,18
CTTCAGG,18
AGCCTCA,18
TACCCAA,18
CTTGTCC,18
TCTTGCC,18
AGTTCCA,18
GAAATGG,18
CTTTGGG,18
GCAGTGT,18
ACGCTGA,18
GGAATGG,18
GTCACAG,18
TGCCACT,18
AGAGCTA,18
GGGGGTC,18
GCTTTTC,18
CTCGTCT,18
CACTCCA,18
GACGTGA,18
TCGATTG,18
CAGCGGT,18
TCCTGAC,18
ATAGGAG,18
CAACTGC,18
CCCGGTG,17
CCGGTGA,17
GAGTTCG,17
GGTCTGT,17
GAAGCTG,17
AGCTGCC,17
ACCCTCG,17
GTGGGCA,17
TATCCAA,17
ACTCTGA,17
CGCTAAG,17
GCTAAGG,17
TCCACAC,17
GCATTGG,17
TCACGTC,17
ACGCACC,17
CTCAGTC,17
ACCGCTG,17
GTTCTCA,17
TTCTCAG,17
ACTCCTG,17
CAGCACT,17
TACATTT,17
ACATTTC,17
ACGCGAC,17
TCACCTT,17
CTCCTAG,17
ATCCTCC,17
AGGTCTG,17
CGCCAAA,17
CTCACCA,17
TCAACCA,17
TAGGCTG,17
TCTAGCT,17
TCTCTTC,17
CGTCCAT,17
CCCTTAT,17
TCAGAAG,17
CTCCAAA,17
CAACCCG,17
TAGTCCT,17
AGGTCCT,17
CAGTGTC,17
CGGTCTG,17
CGAGACG,17
GTCCATT,17
CGAGTGC,17
GGAAACC,17
TTCTAGC,17
GCCTATG,17
ATGGTGG,17
TTTCAGG,17
TGTGAGC,17
GGGAATT,17
ACACGCT,17
CCGAGAT,17
TGTCACT,17
GTGAGGA,17
TGACCCA,17
CTGGCGA,17
CCCTTAC,17
CGGGCAA,17
AGGACTC,17
GCATGCT,17
TGGTTCT,17
CTATCCC,17
TCGTCCC,17
CTCTGAC,17
ATCTGGG,17
CCTCCAT,17
GCCGTCA,17
AGGATCC,17
CAGTAGG,17
CGCTCTT,17
CGCAAGG,17
TTACCCA,17
TGGAACC,17
CTCCTGT,17
CCAGCAA,17
GACAGCA,17
GGGGGAT,17
CGGCCTA,17
CACCGGT,17
CTGGTGC,17
GACGGAA,17
CGGAAGA,17
CCGGATT,17
GCGTTCG,17
ATGGGCC,17
CTAAGTG,17
GGTGAAG,17
ACGCTCG,17
GACTGTG,17
GCCGTGA,17
GAACTGT,17
GGATGCG,17
ACCTCAA,17
ACGCATG,17
ACCTCAC,17
TGACCCT,17
CTTCCGA,17
GGAAGTT,17
ACGAGCC,17
ATCACAG,17
GGGCTAT,17
ATTGCCT,17
GAGCTAA,17
GAGCATG,17
AGCATGC,17
CCAGTGG,17
CACAGTC,17
CTTGCGT,17
ATCGGCG,17
TTCCTTC,17
ACCAAGG,17
GAAGGGT,17
GTCTCAG,17
GCAGACA,17
ATGCCCA,17
TGGGTGT,17
CAAGGTG,17
GGCCTAA,17
ACCTGCT,17
TTGCCTT,17
AGGCTTT,17
GCTTGTG,17
TTGTGGC,17
AATCTGC,17
GCAGACC,17
CTGCGGT,17
ACAAAGG,17
GTCACGC,17
CCTTACC,17
CATGCGT,17
CAAGCAA,17
TGGAAGT,17
AACGGCT,17
GTCTGAG,17
GGGCAGT,17
GGATTCC,17
CTTCCAA,17
TTCGCCA,17
GACAAGG,17
GCACTCC,17
GAGTGCC,17
TGGTGAG,17
CCAGAGT,17
CTCCCGT,17
GGAGGTT,17
CCGACAG,17
GTTGGCG,17
TCCCTTA,17
GAACGCC,17
CAGGAAC,17
CCAGTGA,17
ACAGCTG,17
CCAAAGT,17
AGTGCCT,17
CTGCGAA,17
GCGAGCT,17
CCGTTTC,17
AGACTCT,17
ATCCCGG,17
AGGGGAC,17
CCTCGGT,17
TTGAGGT,17
CAATCAA,17
CGTTGCT,17
GGTCACC,17
GCGCCAT,17
GCCATCT,17
CGCAAGA,17
TGTGCAG,17
GGTTCTG,17
AGTCAGA,17
AGTGGCG,17
CGGACGG,17
CTTGAAG,17
AAGCAGG,17
GAGCCGT,17
GCATCCT,17
CTCTAAG,17
CACGCCA,17
CGACGCT,17
TGTGCCT,17
GATGTGG,17
GGCTGTT,17
ATTCCCA,17
CTACCAT,17
CTCTTTG,17
CTGGAAT,17
TGTTTCC,17
GGTGATT,17
GTTGGCC,17
CCCTAAG,17
AACGGAG,17
AGAGAAA,17
GTGCCCT,17
TCAGAGA,17
TGCGCGA,17
TGCAGTG,17
GTTCGCC,17
GGGCAAC,17
TTCCTGT,17
AGTCTGA,17
CTAGTCC,17
AACACTG,17
AGCCTTT,17
GTCTGGC,17
ACTCTCA,17
GTGAAGA,17
TGGGAAT,17
GGTCCGA,17
GTCCGAG,17
GCGACAG,17
ACCAAGC,17
CCTTGTC,17
CTTCACC,17
TGACCTG,17
TCTAGGG,17
AGTCTCG,17
ACACCGC,17
CAAGCTG,17
ATAGGCG,17
GGAGTGA,17
CGCTCAT,17
TTTTTCC,17
AGTGTGG,17
CACTCAC,17
GCAGTGA,17
CACCAAG,17
GTTGCCA,17
AGGTCAG,17
CCAAACC,17
CTGTCCA,17
ACGGCCA,17
ACAAGGC,17
GCTGTTG,17
TTGACCT,17
TCGCGCT,17
AGGGCAC,17
GTCGCCA,17
AGCTAGA,17
AGAACTC,17
TTCGCGG,17
CTCGGGT,17
GGCCATT,17
TAGGAAG,17
CTACCCA,17
CTTAGCT,17
AGCTTCT,17
AGCGTCT,17
CCCTCGA,17
CGGCTCA,17
TAAGGGC,17
CGGACCA,17
GCGATGC,17
TGCGAAG,17
CTACAAC,17
TACAACT,17
GAAGAGA,17
GCACAGA,17
TCACGGC,17
TCTTCGC,17
TCAGGAC,17
ACTCGCT,17
CTTCGGA,17
TCTTCCA,17
AGGGTGT,17
ACCAAGA,17
GCCGACA,17
TCTCTAG,17
CTTGCCT,17
TTCCATT,17
CCTTGCT,17
CTCTCAA,17
CTCAAGA,17
CGCCGTG,17
AGCGGTG,17
AGGGAAC,17
ATCTCCG,17
GCCTGTT,17
AATGAAA,17
TGCCCTT,17
GCACGCT,16
ACTGGGT,16
GCCACGA,16
CAGGGAT,16
AGGCAAG,16
CAAGGTC,16
AGGGCTA,16
ATGTGGG,16
ACCCGAG,16
CCACGCA,16
CCTGGTT,16
TCCCCTA,16
TGCCCGT,16
GTCCGCA,16
TCTGTCT,16
CCTAGCG,16
GAACGGC,16
CCACTTT,16
CGGTGCA,16
GTGCTTC,16
AGGGGTT,16
TTGCTGC,16
TGGGACG,16
GTCTTCT,16
CGTCCAC,16
CAGCTCA,16
TGCTGCG,16
CTGCGTG,16
GACAGGA,16
CGTTAGG,16
GGCCTTA,16
TGATTGA,16
TGCCCAA,16
GAGACGT,16
CAGTTGC,16
CGAGCCT,16
GAGCCTA,16
AGGTGCA,16
TGAGCTT,16
AGCAGCT,16
AGCTAGG,16
AGGAGAA,16
TTTCTTC,16
CACAGCT,16
GGTGCGT,16
ACAATCC,16
GGATCGG,16
GCAGCAC,16
TAGAGTG,16
GCGAGTC,16
AGTCCAC,16
CCACACG,16
TAGCAAC,16
AATCCGG,16
CTGCTAC,16
GCACTTG,16
CCGAAGA,16
CTCCGTT,16
GAAGTGA,16
ATGCTCA,16
GATCCGG,16
GATGGAG,16
TAAGCCA,16
GTCCCCC,16
TGTCCAG,16
GATTCCG,16
AATGAAC,16
AACGGGT,16
AGACCTG,16
TCGCGGA,16
GGGATTT,16
GTTTGGG,16
ACCTGGA,16
CTTTCTC,16
AGGTCGG,16
TTCCGCA,16
GGGCTTA,16
AACCCCA,16
ACCCCAT,16
TGTCCGG,16
GCGACCA,16
GTCAGCA,16
CTAGCCA,16
GAGCACC,16
CCCACGA,16
TTGGACA,16
GAACGCT,16
CGTTCGG,16
GGCTGAT,16
AACTCTG,16
CCACCAT,16
CTAGAGC,16
CTGAGCA,16
CAGGGGT,16
GGCGGTT,16
CACCGCT,16
AAGGACG,16
GAGGACA,16
GACACAG,16
GCTTCTT,16
CCGAACG,16
CCGTGAG,16
GTGGAAG,16
GAGTGAA,16
GATGGGA,16
TGCAGCG,16
TACCCGG,16
CCCTATC,16
ATCGGGG,16
GGATGAG,16
GAGGGAT,16
CACAAGG,16
AAGGGTG,16
GGAACTC,16
GGCCGTT,16
AGAGTCC,16
AGACAGG,16
CCTACGG,16
TACGGCC,16
ACCTCTG,16
TTCAAGG,16
AATCGGC,16
GGGAACA,16
GAACAGC,16
CCATGCC,16
AGCTGCT,16
TGTTCCT,16
TCACTGC,16
TTCATTC,16
TCATGCC,16
ATTGCCC,16
TTGCCCA,16
AAGCTTC,16
GTGGCGA,16
TGGGCTA,16
CGGTGTG,16
CTAGGCT,16
AGTCTCA,16
CTCAACC,16
GCAACCG,16
GAGTGGT,16
AGTGGGT,16
TTCTGTC,16
AGGTCCG,16
GATGCGC,16
GCCGTTC,16
AGTTGGG,16
AAACTCC,16
AGACCGG,16
TCCCGCA,16
AGATCAG,16
TCACGCG,16
CGCCACA,16
CAGACGG,16
ATTGGAG,16
GTTTCGG,16
CTCCGAT,16
ACTCGTC,16
TCGTCCA,16
TGGGTCG,16
GGGTCGC,16
GAGATTG,16
AGCGTGG,16
CCCTACG,16
CGAGCAG,16
GGTTCTC,16
CTGAAGA,16
CGGAGAT,16
GACGTCT,16
GTCATGG,16
GTGCGGA,16
TATTGGG,16
ACCAGCG,16
GCACCCA,16
GAGAACC,16
CGGTGTT,16
CGAGCTG,16
GCAACAG,16
GTGCGTC,16
CGGCGTT,16
ACCACAA,16
CTTAGGC,16
ATCAGCC,16
CGGGATC,16
CACCGGG,16
CTGCCAT,16
CGGTCAC,16
ACTAGGA,16
AACCTGG,16
CTGGTCA,16
TGGTCAA,16
GCTTGAC,16
TCAGGGT,16
GCCGTCG,16
ACTTGGT,16
CGAACGC,16
GGCAATG,16
CCGCAAT,16
CTACAGC,16
ACGCAGA,16
GCCAGAT,16
CCTTTGG,16
ACGCTGC,16
GCGCTTC,16
CACGGCT,16
CTGGCTT,16
GCGAGAA,16
TCCTACC,16
CCTACCG,16
ACCGGAG,16
CCCACAT,16
ACTCGCG,16
AGCGTCG,16
GTTTCCA,16
TCCTTTG,16
CCTTGGT,16
CAGCGAC,16
GTGGCAA,16
CCGGGCA,16
TCACCGG,16
AGCTTGC,16
GTTCCCT,16
TCTTCTG,16
AGCCAAC,16
GGAAAAA,16
GTGCAGC,16
CAGGAAT,16
GTCTGCC,16
AATGGAG,16
CCACTAG,16
ACTCCCT,16
ATTGTAG,16
CCCAATG,16
GGGTGAA,16
TGGATAG,16
GAAATGT,16
ACCGCTC,16
GAGATCA,16
TGCCGGT,16
GCCGGTT,16
CGGTTCT,16
CTCTACC,16
GTGCTCG,16
GGAGGTA,16
ACTGACG,16
GTCGCCC,16
TCAGGTG,16
AGCCCTT,16
GCGGTTC,16
TGGCAAC,16
TTCACCA,16
TCACCAC,16
GTGTGGT,16
TAGGCCG,16
CGTGGAC,16
GCACGAG,16
CGGTCGC,16
AAGAGCT,16
AGAGCTC,16
AAAGGCA,16
AGCGCTT,16
TGTCCGC,16
TCGGTCC,16
ATCCCTG,16
CGTCCTG,16
AGTGAAG,16
TCAGGCA,16
CGTCGTC,16
ACTTGGA,16
CGCAATG,16
TGGGGTC,16
AGGTAGG,16
CACATGC,16
CTGAAGC,16
GCCCATA,16
ACGCCGA,16
TGGACTT,16
CGTTGGG,16
GAGGTCA,16
ACCCAAC,16
AACCGCG,16
CCGGTTG,16
TAGTTCC,16
TCAGCAG,16
CACCGCA,16
GTCAAAG,16
TGGCTTC,16
AGCGAGT,16
ACGGAGT,16
GCCATTC,16
GGTGGCA,16
CGAGCGA,16
GTCGCAG,16
CTCGAGA,16
ATCTTCC,16
GCATGGG,16
CCACATT,16
TCCATCC,16
TGATCTC,16
GGTCGCT,16
AGGGGAT,16
GTTGCGC,16
ACCGGCT,16
TCCCGGT,15
CGGCACT,15
ATAAGGG,15
GACCCTC,15
CGCCGAT,15
GCCGATT,15
GCAAGGT,15
GGCTACG,15
GACAGTT,15
ACAGTTC,15
CCGGACA,15
ACACCCG,15
CTTCACG,15
TTCAGCT,15
CCTACCA,15
CCGAAAG,15
GCGCATT,15
GGCAGAT,15
CCCTAAC,15
CTGACCT,15
GGTCTTC,15
AACTCCT,15
AGTTCTC,15
CTGCTGT,15
GCCTTAG,15
TCTCTCA,15
ACACCCT,15
CAATGTG,15
GAGGTCT,15
CATCGCG,15
CCGGTGC,15
CACCTCG,15
TTTGCCC,15
TCTAAGT,15
GCCTCGA,15
TCCACTG,15
CCCAACA,15
ACGCTCA,15
AAAGAGA,15
GTCGGCG,15
CTATGGC,15
AGTGTCG,15
AGACGTC,15
GCCGTAG,15
ACGAAGG,15
TCACGGG,15
CTCACTT,15
TAAGCCT,15
TGGGCAC,15
CACTTCA,15
CTTCACT,15
TCTTCGG,15
AGGATCG,15
GAGCAGT,15
GCAGTTC,15
GACTGGA,15
CCTTACT,15
GCTACCT,15
TCCGAAG,15
AAAGCCT,15
GTTGTGG,15
GTGGTTC,15
GTTGCCT,15
CCTAGCA,15
CCTTTGA,15
TAGCTCT,15
CCAGTGT,15
TGCCAAT,15
GGTGAGA,15
TTGAGCC,15
GGCAACA,15
TAGGTCC,15
AAACAAA,15
CGACGGC,15
GACGGCC,15
GGTTCAG,15
TACCCAG,15
GCCTAAC,15
CCAACGG,15
GGCGCAA,15
TATGGGG,15
GGGTGTA,15
GGTGTAG,15
CCAAGAA,15
CTAGGAC,15
CCGGCAA,15
CGCTTTG,15
GATGAGC,15
ATCCGGA,15
GTCGGAC,15
AGCCAAA,15
TGTCCCT,15
CCCAGAT,15
CCAGATG,15
AACCAGG,15
TGGGATT,15
TGCTCGC,15
CGGACCT,15
TCTCAGA,15
TCAGACT,15
AACTGTC,15
CTACTGG,15
TCTGCTG,15
AAGATCA,15
CGCGCAA,15
TTCTCAC,15
ACCTGTG,15
GGTGTTG,15
GTTGCCG,15
TGCCTGT,15
TGCGTAA,15
AATCACC,15
GCCAACG,15
AGTGTCT,15
GGACGCA,15
AAGCACC,15
CCCATTA,15
GAAGCTT,15
GCTTCCA,15
CAGAACC,15
ACCTTCC,15
AACGCGC,15
AGCCACT,15
TGAAACC,15
GAAACCA,15
GGATCCG,15
CTCGCTA,15
GCCTCAA,15
AAGTGTG,15
CGCAGTT,15
TTCTCGC,15
CGTTGGC,15
TGGTTTC,15
AGGCGAC,15
GCCTACT,15
TGCGGCA,15
CGCCTAG,15
GAGTTGG,15
ATTCCCC,15
CGGATTC,15
TTGGATA,15
CCGTGCG,15
AACTCCA,15
ACTTCGG,15
CGCCGGT,15
CGTCTCA,15
CGTCCTT,15
CAGGGTT,15
TGGGGGT,15
CCGAGCA,15
AAGTCCG,15
TGATGGG,15
AGTGTGA,15
CGTGCGG,15
GCGACTG,15
ACGGTCC,15
TCGCTCG,15
AGAACCA,15
CCGGTGT,15
TGCAGGA,15
GGGGCAA,15
TCCAGCA,15
CCCCGTT,15
TCGGCGT,15
CCCTTGA,15
TCCTTCG,15
CGAGGAA,15
AGGAAGT,15
GACAGGT,15
GGAGCGT,15
GCTCACA,15
GCGGTCG,15
CTAGGAA,15
GTCTAGG,15
CTAGAAG,15
ATGGGAA,15
GTAGCCC,15
TGCCAGC,15
GCAGGAT,15
CTTGGTT,15
ATCCGGC,15
AACCTCA,15
TGTAGGC,15
CATCCGG,15
GCCGGAT,15
TGGACTC,15
TGCTCCA,15
AAGACGC,15
CAACCCT,15
TCGCCTT,15
AGAACCC,15
CGAAAGC,15
TCGGTGC,15
TTCGCCT,15
CCACATC,15
TCTTGGT,15
CGGAACA,15
TTGCTTG,15
TTCCGTT,15
TGTTCCC,15
ACGGACC,15
TCATCCC,15
CCTAGCT,15
TTGGTTT,15
GACTCTC,15
CGAGCTT,15
GGCGATT,15
GTCGGGA,15
CAATTCC,15
GGTGGAT,15
AAATGTA,15
TGTGCCC,15
GCACCCT,15
CTGAAAG,15
CAGCAAC,15
TATGGGC,15
CTTGCGG,15
ACCTTCG,15
CCCCAAA,15
TGCCTTG,15
TCAAGGA,15
GTCCTGT,15
CACACAG,15
GTTGACC,15
GGTCCTA,15
TGAGCGA,15
AGCGGAC,15
GCTGTGT,15
GCCGAAC,15
CCGAACC,15
CGGATCT,15
CACTATC,15
GGGCTAA,15
CTCATGC,15
TCGTCTG,15
TCTTCAG,15
ACGGCTG,15
CTGCTTG,15
TTCCCAT,15
TGGTTTG,15
TAGTCCG,15
CCATCAC,15
CAGCCGA,15
TTCCTCA,15
GCAGCGT,15
CAAGCTT,15
CCGGTCT,15
GTTCACC,15
CAGGTGA,15
GGCAGGT,15
TTGGGGA,15
TAACGGC,15
CAGTAGA,15
TCAGTGT,15
GACCCCT,15
CCGTGAA,15
ATCCAGC,15
TCCTTGG,15
GGCGATG,15
TCAAAGC,15
TCCCCAA,15
TTCTGTG,15
AAGCTGG,15
CCGTGCC,15
CCACTAC,15
TTTTTTT,15
GTCATTG,15
CCCGTCA,15
AAGCGCT,15
ACAGACC,15
AGAGACT,15
TTTCATT,15
GTGATCT,15
CCGCAAC,15
GGCTAAG,15
GTTGTAG,15
GTGCCAC,15
CTCCATC,15
GCTTGGT,15
CGTCTCG,15
ACACTGC,15
CCCTCGT,15
GCCGTCT,15
AACACCG,15
TCCCTGT,15
TCAGTGG,15
AGGCCGT,15
GCGTAGG,15
TTCGCGC,14
GCTACCG,14
ACCGGCA,14
CTTAGCC,14
CGCAAAG,14
GCAAAGC,14
ACCACAG,14
GTACCGC,14
TACAGCC,14
CCCTAGT,14
GACCTTG,14
CAACAGC,14
TGCTGTC,14
TTGTTCC,14
GGATCCT,14
AGCCTAG,14
CGCCTAT,14
ACCTCGA,14
GGTTGGA,14
ACTTGGC,14
TTCTCTT,14
CGAGGGT,14
GAAGTGC,14
ATCAGCA,14
AAGCGAG,14
GGCACTC,14
AAGAGAC,14
ACAACCC,14
CCTTGAC,14
CGTTCCT,14
CCTGGAT,14
TGGATGC,14
GATGCTC,14
GCGGTCT,14
GGTCTGA,14
GGAACAC,14
GGCAGAC,14
GGGTTTC,14
TTGCAGG,14
GAGGTCG,14
TCGAGCC,14
TACAATC,14
GTACCAG,14
ATGCTGG,14
AGAGTGA,14
AGCAACA,14
CGGAATC,14
TCCGGTG,14
CTGTGGT,14
AGAAGAA,14
AAGGTGA,14
TCACTGT,14
GACCCAA,14
ACCCAAG,14
GCGTGCA,14
GGCTTAA,14
ATGTGGC,14
TCCGTTC,14
CCGAAGT,14
CCTATGA,14
GCTAAAG,14
TGTGCCA,14
TGTCGGC,14
TCTGCAC,14
CTGCACA,14
GGTTGCC,14
AGTGTCC,14
CTTTGAG,14
TGAGCAG,14
ACCAGTG,14
TCTGACT,14
CCCCAAT,14
GGTGCCA,14
ATCTGTC,14
TCCTACT,14
GGGACAA,14
ACAGGTC,14
GTCCCTA,14
ATCCCCC,14
ACCGGCG,14
GCACGGC,14
TACCCTG,14
CCTAACG,14
AAGCCGC,14
CGGAAAG,14
CATGAGT,14
CATGGTG,14
CGAAAAG,14
TGCCCGA,14
GCTTTGG,14
CTTGCTG,14
CGAGATG,14
TCAGGTC,14
GACAGGC,14
TTGCTCT,14
CACGTCA,14
GCTGTAG,14
GCTTTGA,14
GGTCCAA,14
TCGGAAG,14
CGAACTC,14
ACCATTG,14
GACCAGT,14
TGTGGTT,14
TGGAGGT,14
CTTCTTA,14
TTAAAGG,14
AGCCTTC,14
GAGGATG,14
AGCCGTG,14
GCTACCC,14
CTTGTGG,14
TTGGAGT,14
TTCTGCT,14
CCTATCC,14
GATGAGG,14
CAGGCAA,14
GGGTGGT,14
TCCGACC,14
TGTTGCC,14
GCTATGG,14
AACTTCC,14
CGGGTGA,14
TAGCCGG,14
CTAAGGA,14
TTTGCAT,14
ACCCAAA,14
AAGAGAG,14
GAGGCTA,14
TATGGCC,14
ATGGCCA,14
GGCTCGT,14
GACACGG,14
TTCCTCG,14
AATCGCC,14
TAGAACC,14
AAACCAA,14
GGCATCG,14
ACCTCGC,14
GAAAGTG,14
GGTTTGC,14
ACCCACG,14
GTAGAAG,14
CACCTCA,14
CACAAAG,14
TCCTCGT,14
CCTCGTT,14
CTGGTTT,14
ATTGACA,14
GCGGTAG,14
CTACTGC,14
TCCACCG,14
AAGCAAG,14
GCGGAAA,14
CGGCTTG,14
GAGAAAA,14
AGAATTC,14
GCACACT,14
ACACTTC,14
AGAGGTT,14
CGGTACC,14
TTCTCAT,14
GGAACTA,14
TACAGAG,14
GTCTCAT,14
TCCTTAG,14
AACGCGG,14
CTGCTGA,14
TTCTCGG,14
CCGTCTG,14
CGCACGG,14
TGAGTGT,14
CGTCATG,14
TGTTGGC,14
GGCGACT,14
ACAGCGA,14
GTCCTGA,14
CTGAGAA,14
TCAGGAA,14
CATAGAG,14
TCTGGCA,14
TTGATTG,14
GACTACG,14
TTTGCTT,14
TCCTTTT,14
ATCCTCT,14
GCCAAAT,14
CTCTTAG,14
TCCCTTG,14
CTTGAGC,14
AGGACCT,14
ACAGACT,14
CATCCCG,14
GCGGGAT,14
CGGGATT,14
TGACGGG,14
GGTTAGC,14
TAACCTC,14
TTGCTAG,14
CAGCAGT,14
CAAGAGC,14
GAAACTG,14
GGAAGTA,14
ACGAGGT,14
TGGCGAA,14
CTGTAGC,14
TTGAAGC,14
GTGGCGT,14
GTCCGTG,14
TCCGTGA,14
GTCAGAC,14
TCAGACG,14
CAAGGGA,14
GCTGCAC,14
TCGGGTC,14
GGTCCAC,14
CGAGCAC,14
CTCCAGT,14
AGCGACC,14
GAACGAG,14
ATGGCGT,14
CTGTCGT,14
AGAGAGT,14
GCGAAAG,14
GAGCACT,14
ACTGCAG,14
ACCTAGG,14
AGAGCAC,14
CAGACTG,14
TGCTGGT,14
AGTGCCG,14
ACGGAAA,14
TGCTTGG,14
AGCGACA,14
ACAAGCC,14
TACCCCG,14
CTTGCCG,14
AGGGTGA,14
TGGAAGA,14
CGTAGTC,14
GTTTTGG,14
CGCATTC,14
CAGGATT,14
CAGTGCA,14
ACACGGC,14
GGTGTCT,14
AGGAGTG,14
GTCGGTG,14
GGTTGCT,14
CGATGCC,14
TCTAAAG,14
GATCAGG,14
AAAGGGT,14
TGAGACC,14
ACTCACC,14
CAGAAAC,14
TTGCGGG,14
AAGTCCA,14
TCAGTGC,14
GTGCAGT,14
CCAGATC,14
CTGGTGA,14
GCGTAAG,14
ATCAAAG,14
AGACTAC,14
TCCGTGG,14
CGCAACC,14
CGGACTA,14
CGTCAGT,14
GCTTAGG,14
TTCTTGG,14
GCACTGA,14
TGGGTTG,14
TTGGGAA,14
CGTCCAA,14
AAGAGAA,14
ACTGGAG,14
TCGTGGC,14
CGTCTGT,14
CCGCGAA,14
AATCCTG,14
AGCGTGA,14
TGCGTCT,14
CAAGTCG,14
CCTTGGA,14
AAAGTCC,14
TCGCTGG,14
GGGGATC,14
TCTCGAG,14
TCCTGTG,14
CAGTGCT,14
ACATGCG,14
AGACCGC,14
GATGACG,14
AGCGTGT,14
TGCAGTC,14
AGACTTC,14
TGCCTTA,14
CATGGAG,14
GCTCGAC,14
GGTAAGG,14
GACGTTC,14
GTCCAGT,14
TGCTCGG,14
AAGCTTG,14
CGTTCGC,14
TCACGGA,14
ACCGCAG,14
GAAACGC,14
GCCTTGT,14
AGACCCT,14
GCATCGC,14
CTTTTCT,14
TAAGGGA,14
CACTTGC,14
GAGTCTA,14
TGTGTGT,14
CCACAAC,14
ACGCGTT,14
AGGGACA,14
TTGGGTC,14
AAGGACA,14
AGTCGTC,14
AGCCATT,14
GCGGCAT,14
TCCTTGC,14
TGGTCAC,14
TCTTGAG,14
AACCAGA,14
TCGCTGC,14
CGACCCG,14
AAACCCG,14
TTCAGGG,14
TCGAGAG,14
CCGACTG,14
CACTAGG,14
CACGAAG,14
CCGGTAG,14
TTTGGGC,14
AGGACTG,14
GAGCCAT,14
TGGCTAA,14
TTCAACC,14
CCCAAGT,14
GTCTGCA,14
CTACGGA,14
GCTATGC,14
TAGGCCA,14
CTGTTCT,14
AACCGGC,14
GGCCGAT,14
AGCAGTG,14
GGGATAA,13
GAGGAAT,13
CTAAGGC,13
CACCCGA,13
GACCGCA,13
ATTGGAA,13
AATGGAC,13
TGAGGAA,13
TCCACTT,13
CCACTTG,13
GATTCGG,13
TCGGGCA,13
ACTCTAG,13
CGCGAGT,13
CCTCAAC,13
CGCGACA,13
ACCTTGT,13
CTTGTTC,13
CACTTTC,13
GAACCCC,13
CCTCGAC,13
TGCTGCA,13
GCGGATG,13
ATGAAGG,13
GGGGTAG,13
GGTAGGC,13
TTCGGAC,13
AAGTGCG,13
CCATCAG,13
CATCAGC,13
GACAACC,13
AGTCCTT,13
AGCACTC,13
TCAGCGT,13
ACACCAG,13
GGTTTCT,13
GTTTCTC,13
CCTCTTA,13
GGTCAGT,13
GGAGGTC,13
GTCGAGC,13
AGAAGCT,13
CTGTACC,13
TAGAGGA,13
TAGTCCA,13
TTCACTG,13
GTGCAGA,13
CGCACTT,13
GACTACC,13
TACCTCC,13
GCCGAAA,13
CAGTGGC,13
AAGTGAG,13
GGAGTGC,13
CGGTCCG,13
TGTCAAT,13
TCAATCT,13
CGCATGG,13
TCCCATC,13
AGTACCG,13
TAGACTC,13
CAATCGA,13
GTTGACT,13
TAGACCT,13
CCTACTT,13
GTGAGAC,13
CAGACCT,13
TGGGACA,13
TATCCCA,13
AACGGCC,13
GCAACAC,13
CTAGGAT,13
GTAGGCC,13
GATAGTG,13
CGGCGCA,13
GCAAGGA,13
GAGACTT,13
GTCGGTC,13
TCGGTCA,13
AAGTCTC,13
AACGGTC,13
CGACCAG,13
GAGTATG,13
AGTATGG,13
TGGTGTG,13
ATTGTGG,13
CCCGAAA,13
TCTTGCT,13
GTCGCGA,13
TCGGAGT,13
AAGCACT,13
CAACCGG,13
GGGAATC,13
AGAACGC,13
CCTTCAA,13
GGATGAC,13
ATGACTG,13
TCCATTT,13
ATTTCCG,13
GCATAGC,13
TGAAGGA,13
CCAGACA,13
TCATGCT,13
GGGTTCG,13
TTCGCTC,13
TTTCGGA,13
TCCCACA,13
TCAATCA,13
AACGGCG,13
ACTCTCT,13
CGAGTGA,13
GACGAGC,13
TCTCTAC,13
GGTTCGC,13
AATCGGG,13
GATCACA,13
GAAACGG,13
CAAAGAG,13
AAGAGTC,13
ATAGCCC,13
CCTGGTA,13
CAGACAG,13
AAACTTC,13
CACGGGT,13
ATTCGCC,13
GCCTAAG,13
GCATGCC,13
AAAAAGG,13
TAGAGAG,13
GAAGGTC,13
AGGTCGC,13
ACACGGA,13
ATGCCGC,13
ATTCCTC,13
GTGTTGG,13
GCGGTGT,13
GGACACA,13
TAAGGCC,13
AGAAGCA,13
GACCTCG,13
ACGGCCT,13
TGCTTTG,13
TGTTCCG,13
GTAGTCT,13
AACAGGC,13
CCCAACT,13
TCCGTCT,13
TCAACCC,13
ATGGCAG,13
AGTAAGG,13
GTAGCCG,13
GCGGATC,13
GCCATCC,13
ATTGCGG,13
TCACGCT,13
GCAAGCA,13
TCAAGGC,13
GTGTAGT,13
CAGACCG,13
CACACTT,13
GCTGTCG,13
TTTCGCC,13
TACCCCT,13
GTGCTTT,13
ACTAGGG,13
AAGAGTG,13
AGAAAGA,13
AGGTTCA,13
CTAGAGA,13
ATGGTAG,13
CGCACGT,13
CGACTGC,13
CGGTCCT,13
AGGACAC,13
CCACTGA,13
ATCCCCT,13
TGGATTG,13
CTACGAC,13
CGACGTG,13
CCTTTGC,13
AGTCGAG,13
AACCCCT,13
TTCGCCG,13
GAATGCG,13
GTCCGCT,13
CCTACCT,13
TAGGCTC,13
AATCAAA,13
CATCTTG,13
AGGGTCG,13
GAGAAAC,13
GAAAGCT,13
TCTGCGT,13
GAATGCC,13
GCCCAAA,13
CAAATGG,13
TGGGATG,13
GATGGAC,13
TCATCGC,13
CCAGTAG,13
CGTCATC,13
CAGAGTT,13
AGCATCC,13
TAAGGAG,13
TTCAGAC,13
CAGACTT,13
CTGCATA,13
TGCATAG,13
CGAAGAC,13
GCAATGT,13
CCCTGAA,13
CCGGCTA,13
GCTACAG,13
AGAGATG,13
CGGATGG,13
TGCAGAC,13
GTCCACC,13
CAGGAAA,13
CACCGAC,13
ACCGACG,13
TCCGTCG,13
GCAGTTG,13
AGTAGCC,13
CCTTCGA,13
ACAGGGA,13
GGAAAAC,13
TGGAGCA,13
CCCGAAC,13
ATCCTAG,13
ACTCCAT,13
CAAAGTC,13
GGTTCGG,13
CCTGTTC,13
CCACGGA,13
CACTCTA,13
TGGTCTT,13
CCGCTAC,13
AAAGCGC,13
TTTCAAG,13
CTAGCGG,13
TTTGCGC,13
CATTCCA,13
GGTCTCA,13
AACCGTG,13
ACCGTGA,13
CCGCGTT,13
CCAATCT,13
TTTGCGG,13
AGCAGGT,13
ATGGAAG,13
GCCGTTT,13
AAGGTCC,13
AGCGCGA,13
TGAGCGT,13
GAACCGC,13
TGAAAGC,13
GAATGGG,13
CGACGCA,13
TTCACCG,13
GCTCAAG,13
GCCCTAC,13
CACACCG,13
GAGACAC,13
TGGTTGC,13
CTTTTTC,13
GGAACAA,13
AAGGTCT,13
TCTCGGT,13
GACCCGA,13
CGACGGA,13
GGAAACA,13
ACCCTTC,13
TCTAGTC,13
AGTCGCC,13
TAGAGTC,13
GAAAAAA,13
AAAAAAA,13
AGCACCA,13
TGGTGAT,13
GCAAGAC,13
GCGTGAA,13
TGTTCTG,13
TTGCGCC,13
TGGTGCC,13
GCACCAG,13
CCAGAAT,13
GTAGCGG,13
TTAGGGG,13
TTGAAGG,13
TCTGGTC,13
GAACCGT,13
CTGTGTG,13
TCTCGTC,13
CTTTAAG,13
AAGTGCC,13
TTTCGCG,13
TGCAAGG,13
GTCTCTA,13
CAAAATG,13
ATAGGGC,13
CTCGTGG,13
GGACCGC,13
GGGGGAC,13
GATCCTG,13
CTTCAGT,13
AAGTAGG,13
TCTCCAT,13
ACGGGAG,13
CAACGGG,13
CTTAGCG,13
CATAGGC,13
AGTGCTG,13
CAAAGCT,13
TGACGGA,13
GAATCCC,13
GAGAAGA,13
AGCAGAA,13
GTGTCCG,13
TTCCTGA,13
GAATGAG,13
AAGCGCA,13
CTGTGCA,13
AGCTTCG,13
GAAGATG,13
GCGAATG,13
CCCATGC,13
CCAAACA,13
CCAACGT,13
TTAGCTC,13
CAGTGTG,13
GGTCTTG,13
TGTCCCA,13
GTAGAGC,13
GGTGTCG,13
ATGACGT,13
CTGTCTG,13
TACTTCC,13
GGCGGAT,13
CTTTTTT,13
TCTCTCG,13
CGGCACG,13
CGTCGCA,13
AGAGTGT,13
GGATGTG,13
CAATGGT,13
ATGAGCG,13
CATCTTC,13
CTGACGG,13
AGTTGTA,13
GCCAATT,13
TCAGTCA,13
GCTCTTT,13
ACCCAGT,13
TTTTCTG,13
TCAAGCT,13
AAGCGAC,13
GCATGGA,13
ACTGCTC,13
TCCTGCA,13
CGGCCAT,13
ACTGAGA,13
CGCGTGA,13
CAGTCTT,13
AGTCTTC,13
AGGGAAT,13
GTTATAA,13
ACGCCAC,13
AGCATGG,13
AAAGCTG,13
GAGAACG,13
GGTTATA,13
AGCAATG,13
CGCTACC,12
CTACCGG,12
CACTGGA,12
GCTTAGC,12
AGCCCGT,12
AAGGTCG,12
GTCGAGG,12
ACGGGCA,12
AGGAAAA,12
TGAGCTG,12
TTTGGCG,12
GTCTCTT,12
GCGCAAA,12
CCGACCG,12
AAGGAAC,12
CACCTAC,12
AGGATAG,12
CGCCGTA,12
CGTTCTC,12
GGATTCG,12
CCTAACT,12
TGGGGAT,12
CAAAAGC,12
CCGAGAA,12
GAAGACC,12
AAGACCA,12
CTAGCGC,12
ACTTTCC,12
CGAGACT,12
ACCGAGT,12
TCGGACG,12
CGAACCC,12
GCCTATT,12
CGTGCCG,12
CGAGAGA,12
GTTGCGG,12
CGCTTTA,12
GCACACG,12
CTAGGTC,12
CGAAGAA,12
TCGAGGG,12
GCTGCGT,12
CCGTTAG,12
GTTAGGC,12
CTCTGTA,12
ACCCATG,12
TGTCGCG,12
TTGAGTG,12
AGACGAG,12
GGTTGGT,12
CCTAGAC,12
GACGAAG,12
TAGCAGC,12
TGACGCG,12
AGTCCAA,12
TTTGAGT,12
GTCTCAC,12
GGAATTC,12
GAGTCCA,12
GGAATCC,12
TGGTCTA,12
ACTGTGA,12
CGTGCAG,12
AAGCTCA,12
CCGAAAC,12
TCTCCGT,12
CGAAGTT,12
ATCCCCA,12
GAGGGTT,12
TTGCCTC,12
CTAGCAA,12
AGCAACG,12
CTAGACT,12
TCCAAGT,12
GTAGCTC,12
TTGACTG,12
ATGAACG,12
GGTAGAC,12
GCGAGAT,12
CGAGATC,12
CACAGGT,12
TCCCTAG,12
GATCCCC,12
TCAAATC,12
CAAATCT,12
AACAAAC,12
CACAAGT,12
CAAGTGC,12
CGAAGCT,12
GAAGCTC,12
CCATCCA,12
AGACACC,12
GAAGTCT,12
TCACCCG,12
TCAGATC,12
GAAAGCA,12
TTTCCAC,12
AGATCTC,12
CTGTAGG,12
GGAATCT,12
AGTAGGG,12
CCCATAG,12
GGGATCT,12
CCACCGA,12
CAGATGC,12
GTAGACA,12
TGCACCG,12
GGACGTC,12
ACGTCCG,12
CTTAAAG,12
GAGCCTT,12
TCTCTGT,12
CGGCGAA,12
GTTAGCC,12
GCGACCT,12
CGACCTT,12
CTCTCTA,12
ACTGGTC,12
ATGCCCT,12
CCAAGAT,12
TCACAGA,12
GCTAATG,12
ATCTCGG,12
GCCGTTG,12
CCATTCA,12
CAATCCA,12
CCTAACC,12
CTGGTAC,12
GGTACAG,12
CCAACAC,12
CGCCAAC,12
ATTTGCA,12
TAGGGAA,12
AAAGAAG,12
GCTCGTC,12
CACGGAA,12
CAGCCAT,12
AGAACCT,12
GGGCATC,12
AGGCTAG,12
GGAAAGT,12
CGACCCA,12
CGCCAGA,12
CGTGGTG,12
GTGGTGC,12
TCTCAAC,12
GGCGCTA,12
CCAACTC,12
TAGACCC,12
GGACTTT,12
GTCCGTC,12
TCACTCG,12
ATCTGCC,12
GGTTACG,12
CTAGGTG,12
CCGTGGA,12
TGGAATG,12
TATTGAC,12
CTGATGG,12
CGTTCCA,12
GGAGCAA,12
TCCTCAA,12
ACGGCTT,12
AAAATGG,12
GGGATCA,12
GAATTCC,12
CGCTGTA,12
CTTGTCT,12
GCACCCG,12
AGGTGAC,12
AGAGCAA,12
GTCGCGT,12
TGAAAGG,12
CATCCCA,12
CCTACGC,12
AGCAGTC,12
GGTGTGC,12
CACATTG,12
GAGTTGA,12
AGGTTGG,12
ACTAGGC,12
CAGCGTT,12
GCGTTTC,12
TGAGGAC,12
TTGGGGT,12
CACGACC,12
AACGCCT,12
TGACTTC,12
CCAATTG,12
GGGCAAA,12
TCTGCGA,12
CAGAAGT,12
GATTCCC,12
AGTTCGG,12
CCGACAC,12
GACACTC,12
AGACAGA,12
TGGGCAA,12
TCTGAGA,12
CTATGAG,12
CCTTGAA,12
AAGCTCT,12
GGATGGA,12
TGAGCTC,12
TAAGAGG,12
GGAGCAT,12
CCTCTAA,12
CCTTTCA,12
CCCGTTC,12
AGGCAAT,12
TTCCTAC,12
CTACTCC,12
CAGATGG,12
GGACTCA,12
GAAGACG,12
ACGCGGA,12
TGTGTGC,12
TGTGCTG,12
AATGCCC,12
ACACTCC,12
CAGTAGC,12
GGACGAC,12
AAACTGG,12
ACCGGGA,12
AGATTGA,12
GAACCAC,12
AAGTAGA,12
ACGCGTG,12
TCCTGTA,12
CAATCCT,12
CTAGAGT,12
TTTGAGG,12
TGTCATT,12
GGTCGTG,12
TCGTGGG,12
ACTCTTC,12
CACTGCT,12
CCTAGTC,12
TCCCAAA,12
AAACGGA,12
AACGGAA,12
ACCTCTT,12
GAACGCA,12
CGTGAGC,12
TTGCCGG,12
TAGGCAG,12
CTGCGAC,12
TGCAGCA,12
GTCCTCA,12
TCCGTCA,12
CCACGAC,12
TTGGTGT,12
CAGGAGT,12
AGGACTA,12
ACGTGCC,12
TAGGGTG,12
TTCAGCG,12
CTCATTC,12
GAGAAGT,12
ATCCGCG,12
GCCTACC,12
GGAAGAT,12
CACCAAC,12
CTTATCT,12
TCACACC,12
GGAAGGT,12
TGGAGTG,12
GCACCAA,12
CTGGTCG,12
GAGACTA,12
CCCGTTG,12
GGCACCA,12
GAATGCA,12
TGCACTG,12
CTTAAGC,12
GGGACAC,12
TGAAGGC,12
GAGGACT,12
GACTCAC,12
GTGGACT,12
CGGGCTA,12
CTCTACA,12
CTTTTGG,12
GGTGTTT,12
TTTTGGG,12
GCACTCA,12
GAGCTAC,12
AGCTACT,12
GCGTTGG,12
GCCTACG,12
CTAGAAC,12
CCTTATC,12
ACGGGCT,12
TGCGGGT,12
GCATCCG,12
GAACGCG,12
ATCCACC,12
TTGACCG,12
AGGAAAC,12
CGCGAAA,12
ACAGCAA,12
TGACGTA,12
GCATCCC,12
CGCTAGA,12
CATGCTG,12
GGCGCTT,12
GGAAACT,12
CATAACC,12
TTAGCGC,12
CACGAGC,12
TGACAGA,12
TCGAGCG,12
AGGGTCT,12
AAGCTTT,12
ATCCGAG,12
ATCCAGG,12
CAGTCTG,12
AACAAGC,12
TCTTCGT,12
GAGCGAA,12
GGTCACT,12
GTTCGGC,12
GCCCATG,12
CGGCGAT,12
ACGTCGG,12
CGGTCAG,12
TCTGGTT,12
CTGGTTC,12
GTCCAAG,12
CATCGCC,12
CGACGAG,12
ACTTGCT,12
GCGTCAA,12
CTGGACA,12
GTGTGTC,12
CAAACGC,12
AAAGGCT,12
GGTGCTT,12
CACCACG,12
GTCTGCT,12
CACTACC,12
TTTTTTC,12
CGAACTT,12
TTTCGGC,12
GACCTCT,12
TGGCACA,12
AACCGCT,12
GCACCAC,12
ACGGTGG,12
CAGGTGT,12
CGTGTTC,12
GTGGATC,12
GAATGGT,12
GGTTGAG,12
AATGAAG,12
CTACTCA,12
AAATGGC,12
TTGGACG,12
CTGACAG,12
CACAATG,12
CCATTTT,12
CTACGCC,12
TCGGTGG,12
CCCATGA,12
CAATTGG,12
AGAACGA,12
GCGACGT,12
TTTTCCT,12
AGTCACG,12
ACGTGAT,12
AACTGCC,12
CATTTGC,12
TAATTGG,12
TCTCGCA,12
AGCGCAT,12
GACGCAA,12
TGTCTGT,12
TAGCGGC,12
CCTACAG,12
TCGACGC,12
TTGGACT,12
AGTCTGC,12
GCTCTAG,12
CCGTTGC,12
ACAGTAG,12
ACTTCAT,12
GCCGTTA,12
GACTGGT,12
GGCATTG,12
CATTGTG,12
GACTGCA,12
TGGTAGG,12
GCCCGGT,12
GCTAGCT,12
TTGCGCT,12
GGCTCGA,12
ACTGCCT,12
CCTGTTT,12
CGTGACT,12
CCGCTTG,12
TGAGTTC,11
GTTCGCG,11
ACTGGAA,11
AAAGCTT,11
CCCGTTT,11
GGTCGAG,11
AATGTGG,11
TTCACTC,11
AGACACG,11
ACACGCA,11
ACCGGAC,11
GTTTGGC,11
TGTCTCT,11
AGCGCAA,11
CCGCTAA,11
AGGCGAT,11
GCGATCA,11
ACAGGGT,11
TCCCGAC,11
CCGCATT,11
TTAATGG,11
ATGGACG,11
CTGGTTG,11
GATAGGC,11
AAGCCCT,11
CCGCATC,11
AGGCGTA,11
ACCCCGA,11
CGAGGAT,11
ATTCGGG,11
CTAACTC,11
TTCCCTA,11
TAACTCC,11
TAGTGGC,11
TAGCGCG,11
CAAAGCG,11
ACCGAGA,11
CATCTCT,11
CTCGTGC,11
GCTGCAA,11
CTGCAAA,11
AGCTGGT,11
GTCTAAG,11
TCGGGGT,11
GACCCCC,11
TTGACGC,11
ACACCTG,11
AGCTCAT,11
ATGCTCT,11
CCTTACA,11
TTGGCAC,11
TTTCTGC,11
CCCAATA,11
GGCCGTA,11
GAAGGCT,11
CTTCTAG,11
AGGCCTA,11
TTCTTCG,11
TTCGGCG,11
GACCTAC,11
GATCGGG,11
ATCGGGA,11
CACACGG,11
GAATTCT,11
AAGTGGA,11
GTCCACA,11
CACAGAA,11
GAGATAA,11
TACTCCG,11
AGAGTCA,11
GGCAAGC,11
GAAGTTT,11
TAACCCT,11
AACCCTC,11
GCAGATC,11
AGATCCG,11
AGGCAAA,11
GTTGCTT,11
ACGACAG,11
AGGGTTG,11
TCTAAGC,11
CCATCTA,11
GCAACGT,11
AAGTGTC,11
ATTCCGC,11
GATCTGG,11
TTTTCCG,11
TGAACGG,11
ACGGGTA,11
GTAGACC,11
GATCTGT,11
GGTCATG,11
CTCGGCA,11
CAGGTCG,11
TAGGATC,11
CGATTCA,11
AGTGTGT,11
CGACCGG,11
ACAAGTG,11
GTGCACG,11
GACTTGT,11
CGCATCT,11
GCATCTG,11
GGCAGTG,11
GGATTGT,11
GTGTAGG,11
CCGAAAA,11
TCTCTTG,11
TTGCTGG,11
GAGATGA,11
TTGCTGA,11
GCTTGCT,11
AAGACTG,11
CAGAACG,11
TGGACGA,11
CCGAACT,11
CAATCTC,11
GATGCCA,11
TGCCACC,11
TGGACAA,11
CGTAGAC,11
TAGACAA,11
GCTACTT,11
ACTGAGC,11
GTTACAG,11
TGGTTGT,11
GGTTGCA,11
GCGTGTT,11
CCTTCAT,11
TGTGATT,11
AAAACCC,11
TCTGTCA,11
TGCCATT,11
GAACAAG,11
CTTCTTT,11
TTCTTTC,11
AGCTACC,11
TGGACCT,11
GACCTGT,11
GATGCCC,11
AGGGATG,11
ACAGGCA,11
CAAGGCA,11
ACGGGTG,11
AATCCAG,11
TCGGAAC,11
CCTGTGA,11
ACAGGAA,11
ACTTTTA,11
TGACGCT,11
GACGCTT,11
GCATGTG,11
GGGTAAG,11
GTAAGAG,11
GTCCCGA,11
CGAAAGG,11
GGCTAGT,11
AGCTTCA,11
ATCGCCG,11
ACTTGGG,11
GGTGTGT,11
CCAAGGT,11
TCCGGTT,11
CGCTATT,11
GTCTCAA,11
CAGCGAT,11
ATAGGCT,11
CCTTTAT,11
AGTGTGC,11
TGCCTAG,11
AGCAACC,11
GCAGTAA,11
ATCCCTC,11
TGCGGTT,11
TTACCAA,11
GGCTACA,11
CCCCGAT,11
TACGTCA,11
TACTGCG,11
CTTACCT,11
CCTGATG,11
CTATGGG,11
GCCTAGT,11
CTGAGTT,11
TGAGTTG,11
GAAAATG,11
TCCCCGT,11
TGCACAC,11
CTGTCGG,11
TTCCAAG,11
ACACAGG,11
TAGGGCA,11
TGTCTAC,11
AAAGAGC,11
AATCGCT,11
TTGGTGA,11
AGGGTTC,11
GCAGTCA,11
GTAGCCA,11
CATGAGG,11
TGGCCAT,11
TGTCAGT,11
GTTGAGC,11
CAGCGAA,11
AGAACTA,11
ACTACGG,11
TGGCACG,11
ATCAGGA,11
GTCACCT,11
ACTTCTC,11
TGTGCGT,11
CCTTTAG,11
TAAGAAG,11
GGTACCG,11
AATAGGA,11
GACAGAC,11
CAGCAAA,11
CCTCATC,11
AACCCCC,11
GAGGCAT,11
ACAGGTG,11
CAAGAAA,11
GCTACGA,11
GCACTTC,11
TCCGGTC,11
CCGGTCA,11
AAGCGGT,11
GCTTTAG,11
CTTTAGG,11
AGAAACT,11
TAGGAAC,11
CCTTGTG,11
CTTGTGC,11
GGGTCTA,11
GGTAGCG,11
CGTCAGA,11
CCTAGAA,11
ATAAGAG,11
TGTAGCC,11
ACCACGG,11
AACGTCA,11
TCTAAGG,11
GAACCCA,11
CGGCTAC,11
CTTCCTA,11
GACCATT,11
AGCACCT,11
GAGCTCT,11
TCGGGAT,11
CCTCAAA,11
CCATTAG,11
GGCTCTA,11
CATTCGC,11
GCACGTC,11
CTAAGAG,11
GAACGGA,11
TAGAGAA,11
ATGCGGC,11
TGTCGTC,11
CAAGGAC,11
ATGTGAG,11
ACTGCCA,11
CGCGGTT,11
CCACAAA,11
CGACTCT,11
GGTCAAT,11
TGGTGCT,11
CCAAACG,11
ACCGCAC,11
CACGGAC,11
TGGCACC,11
TTTCTCT,11
CAACTTC,11
GCAGACT,11
ATGCGTG,11
TCAGTCT,11
CTAAAGC,11
GACTTCT,11
ACTTCTG,11
TGAGACG,11
CAAGAGT,11
TTTGGCT,11
ACACTCA,11
TTGACTC,11
TAACCCC,11
CAACCAG,11
ATTCCAT,11
ACCAGGG,11
CCACCGT,11
CTTCAAA,11
TGTCTGC,11
TGTCGGG,11
TCAGCTT,11
TAAGAGC,11
GGTGTAA,11
GCTACTC,11
CGGTCGG,11
GCCAGTA,11
GTTCAGC,11
CGCGATG,11
CGATGAG,11
ACCGTGG,11
GACGACG,11
GGTGCGA,11
TCGGGTG,11
GGTAGAA,11
CGAGTGT,11
ATAGTGA,11
TAGTGAG,11
TCACCTG,11
AAAAACT,11
ACTAAGA,11
GCTGAAA,11
GATCCAG,11
AAGGACT,11
GGTGCAA,11
CGGGAAT,11
AGAGTCG,11
CTCTTGA,11
CCTGTCG,11
TTCCGTG,11
ACCAGTC,11
CCCTTAA,11
AGTTGAC,11
AGGTAGC,11
ACTGATT,11
CGCACGA,11
TGCGAGA,11
TGTGCTT,11
TGCTTGC,11
CTGTTGG,11
TCGTCAG,11
TACGTCG,11
GGCCTAC,11
AAATGGA,11
AGCCGTT,11
GAAGTTG,11
CCTCATG,11
GACGGCT,11
AGATCCT,11
CTTCGTC,11
TCGTCGC,11
TCGTCGT,11
TCTGTGT,11
CTGGTGT,11
GGTGTGA,11
TCTTGTT,11
CACACCA,11
CACCATG,11
CTCATGG,11
TGTCTGG,11
TCTCTTT,11
CATTGCT,11
GGCGAAT,11
CAACGAG,11
CGGTTTC,11
CTCTCGA,11
ACACTGA,11
CCATAGG,11
TCTGTTC,11
GTTCCGA,11
GACTGTC,11
TGTGCAC,11
CTTTTAG,11
GTGTCGG,11
TATCTCC,11
ATCTCCA,11
TCGTCCG,11
TCCTGAT,11
CAACGCC,11
ACGGTGA,11
CGAATGC,11
ATGGAGA,11
TGCAGGT,11
AGGTCAC,11
AAGGCAC,11
CCGTTCG,11
CGTCGAG,11
CAGGTAA,11
GTAGGGC,11
CAATCTG,11
AGCTCGA,11
TTGTCCC,11
CCATAAG,11
ATATGCA,11
CCGTAGA,11
TGCCCAT,11
CCTTTTG,11
AGGCATC,11
GGGTTGA,11
CTAGCCG,11
AGAGGTC,11
AGAACCG,11
GAGTAAG,11
CGCTGTT,11
CGTTCCG,11
ACCAGAA,11
GACATTG,11
CTAACCT,11
CAACACG,11
AACACGC,11
TCCATAG,11
CGTCAAA,11
CCAACAG,11
GGACACT,11
CGGCTAG,11
TCTCACG,11
TCAGAAC,11
CACAACT,11
AAACGCT,11
AGGTGTC,11
TATGAGG,11
AAGTGAC,11
AAATCCC,11
ATGGAGT,11
ATGGAAA,11
GCTGTTC,11
ATTCCTG,11
TAGCCAC,11
AATGGTC,11
TGTGGTG,11
GCAACCT,11
TTACAGA,11
ACACACG,11
CGAGCGT,11
ACTCAAG,11
AAGTCGG,11
CGGAGAA,11
CACGCGT,11
CTGGATC,11
AATGGTG,11
AGAGCTT,11
TCACGGT,11
GCCGATG,11
TGACGTT,11
TACGCCC,11
TTGTCCA,11
GTGAAGC,11
CTATCAG,11
CGTCGGT,11
CTTCAGA,11
CACCGGA,11
AGTGGTC,11
CTTGCTT,11
TAACGCC,11
AGCGAAG,11
AGGTGCT,11
TGTGAGA,11
GCGCGAT,11
ACGTGAG,11
CACGTGT,11
TCATAGG,11
AAGCCCA,11
TCAAGAT,11
GAGCGGT,11
CAAGTCT,11
GATTGTA,11
GTGACCT,11
CCTGTGT,11
GGTCAAG,11
ACCCTTT,11
AAGTCCT,11
CCCGAAT,11
AATCGCA,11
CGGTAGG,11
AGCCCAC,11
ACACAGC,11
TCTTGCG,11
CGACCTC,11
AATGAGC,11
GCGGTCA,11
TTGGCGT,11
GGGCGAT,11
TGTTCTC,11
ACTCACT,11
CGTTCAC,11
TTAGGGC,11
CTCCGGT,11
TGCTTGA,11
GTGAGTT,10
CCACGAG,10
GCCCGTT,10
AGGGATA,10
GATAAGG,10
AAGGGTA,10
AGGGTAG,10
AAGGCAA,10
GGAATGT,10
ACTCAGA,10
CGGGTTT,10
CTTTGTC,10
TTGTCTC,10
TAAGGCG,10
GCTAACC,10
CGCATTG,10
TCTATTG,10
ACCTACC,10
CGTTTAC,10
CCTAGTT,10
CACTTAG,10
GTTCTCT,10
CTCAACA,10
TGTCAGC,10
AGAAGAC,10
CACGCGA,10
GCGACAC,10
AGTCTTG,10
TCTTGGA,10
GAAGCGT,10
TGCAAAT,10
TCAGTGA,10
GATGAAG,10
TGAAGGT,10
TCGCTTT,10
CACTTGG,10
CGGGGTA,10
TTCCCGT,10
GCACCGA,10
AACAACG,10
AGAGACA,10
AACCCGA,10
TCCTTGA,10
CCAAATT,10
GGATGCT,10
TAAGGAC,10
AGGAACA,10
AGCGTTT,10
TTTGGCA,10
GGCACTA,10
GAAGCTA,10
AGCTAAG,10
GGGCACA,10
GCACTAG,10
CACTAGA,10
AAATGCT,10
AATGCTC,10
TGAGTCG,10
TCACACG,10
ACACGGG,10
GTGGACG,10
GAATCCG,10
GAGATCT,10
CGAAACA,10
AGCTAAA,10
TCGCCGT,10
GCCAGTT,10
ATGTCGG,10
GCAAAAG,10
GAGTTGC,10
TTCTATC,10
CAAGACT,10
ACTCCAA,10
CCAAGTG,10
CTGATTC,10
ATCCGCC,10
AGGCGTT,10
CACCTTT,10
GTCATGT,10
GGAGTTT,10
TCCCATG,10
TTCAAAT,10
TCCGCAA,10
CTTACCC,10
CGCCTAA,10
AACGGGC,10
CAAGCCG,10
GCAGTGG,10
ATGAGTA,10
TGAGTAT,10
ACTGGTG,10
GTAGGGA,10
TAGGGAC,10
GCAACCC,10
TGGTCGA,10
AGTCACC,10
ATGAGAA,10
GAGGTCC,10
AAGAATG,10
ATCTCTG,10
AGCGTTC,10
GAGTAGG,10
TGGGATC,10
AGATGCC,10
GGCTACT,10
TACTTCG,10
GATGACT,10
CTTTCTA,10
TTCTCAA,10
ACACAGT,10
CTTCGCT,10
CTGTGAT,10
ATTCGGC,10
ACTGTCA,10
TACCTCA,10
GAAGTTA,10
CTCTACG,10
TCTACGC,10
CGAAGGT,10
CAGACGA,10
AAACGGG,10
CTAATGG,10
CAGATCT,10
TCGGGAA,10
CTACAGT,10
AGTCGGA,10
TGGCTAT,10
CAGCCGT,10
TACAGAC,10
CCAACGC,10
CTTCAAG,10
GGGTGCA,10
CGCTCAA,10
ATGCCTC,10
CATAGGG,10
AGGATGG,10
TATGCAG,10
CAGGGTA,10
GGGTAGC,10
TCGCGAT,10
GCCATGC,10
CATTCAT,10
ATTCATT,10
TCATTGC,10
GACTCTA,10
TGGCGAC,10
CGACCGA,10
GAGATGC,10
GGTGAAA,10
AAAGTGG,10
TTTGCTC,10
TGGTGCG,10
GTGTTCC,10
ATCGGAA,10
GCCTTTA,10
ACAAAGC,10
CGTAGCC,10
GAAACTT,10
CTGGCTA,10
CTGATAG,10
GTTCCAC,10
CCTAGTG,10
GTAGTCG,10
ATTCCGA,10
CGTGCAC,10
GTGCACA,10
TCCAAGA,10
TTCACGC,10
TTGTTTC,10
GGAGTGT,10
TCGCGTT,10
GGAGATT,10
TAGAGAC,10
GGTAGCC,10
TAGACCA,10
CCGTGAT,10
CGTGATG,10
CTAACGC,10
ACGTGCA,10
TGCACAT,10
TACCGCG,10
GTCAGTG,10
AGTGAGT,10
GGAGATA,10
GGACTAG,10
ACAGCGT,10
ACGTCTG,10
GTGTGAC,10
CGGACGT,10
CGAAACC,10
AATAAGA,10
CTTAGGT,10
TTAGGTA,10
AGAATGG,10
GCACGAC,10
CTTGGGT,10
CCCTTGT,10
TACGACC,10
CTCGAAA,10
TGAATCG,10
TTGTGGT,10
CTTGCAG,10
GCGAACC,10
AGAAGTA,10
CAACAGT,10
AACAGTG,10
TGCGTCG,10
CGTCGGA,10
TGTAGGA,10
AATGCGC,10
ACCCTAC,10
AGGCATG,10
GGCATGA,10
AGCTCTT,10
ACACTCT,10
CAAGTGG,10
ACGACCG,10
GAGACGA,10
AAGAGCA,10
ACTTTGG,10
AGGTAGA,10
TCTAGGT,10
TATGAGA,10
TAGCGCC,10
AATGCCG,10
CCGTCAG,10
AGGTTCT,10
AGCTGTC,10
TGTCAGG,10
TGAAGCA,10
AGGAACG,10
GGAACGT,10
GAACGTG,10
GTGGAAC,10
CCGGGTA,10
CCGTTCA,10
CGTTCAG,10
CTGAACC,10
TGAACCT,10
ACGCCAT,10
TACCATT,10
GACTCTT,10
TCAGCGA,10
AGCGATC,10
TTTCCGT,10
TAATGCC,10
CGGGATG,10
AGACATG,10
CTACTTG,10
CCTTGCA,10
TGCACGT,10
TTCCTAG,10
GAGCACA,10
ACGGGTC,10
AACGCGT,10
TACTGCC,10
GCCATAG,10
CCATAGC,10
CCAAACT,10
AGTGTTT,10
AGCACGA,10
TCCATGG,10
CCATTTG,10
GTGCTAG,10
TAGTCTT,10
AACGCAG,10
GGATTTC,10
TTCTGGA,10
ACAGTCA,10
ATTCCAG,10
CCAGTAA,10
CTGTAGT,10
GAACACG,10
TCGCTAA,10
GTTTTCC,10
ACCCTCA,10
AGTGGCA,10
TCGGCAG,10
TGCAGAA,10
GCCACTA,10
ATGCGCC,10
GTGTCTC,10
GTGTGGA,10
TACAATT,10
ACAATTC,10
CTTTGTA,10
TTGTAGC,10
TGACAAG,10
TAGTTCA,10
AGCAAGA,10
GCAAGAT,10
TCGGGTT,10
GGCATGC,10
GTTCCGT,10
GGAGATC,10
GGACCGT,10
GTTCTGA,10
AGTGCCA,10
AAGGGTC,10
AGATAGT,10
GTGACTG,10
AGGGTTT,10
GTGCTCA,10
TAGTCGC,10
CGTCACA,10
AAAAAAC,10
AAACTAC,10
TACGCGC,10
AAAGGAC,10
CTGCGTA,10
CGTAAGA,10
AGATCAA,10
TTGGATG,10
TGAAGTC,10
GTCCCAA,10
AGGAGTT,10
TTCTATT,10
TTGGTGC,10
TCCGATC,10
CTGTCGC,10
ACACGCG,10
GCGTGTG,10
TCGGACT,10
CACCACA,10
GTTCATT,10
CGAGGTA,10
TAGGGGA,10
ACCAAAC,10
AACTGAT,10
AATGTGC,10
ACACCAT,10
TAGGCAC,10
TCTTAGC,10
TTAGCAC,10
GTGTTTT,10
ATGGGCT,10
GGCTCAA,10
TATCCCG,10
AGATCCC,10
TACTGGG,10
CGCCGAA,10
GGGTCGT,10
GCGGGTA,10
AAACCAC,10
GCAGAAA,10
TACCCTT,10
CTGCGAT,10
GGTTACA,10
AAAATGC,10
TACTGGA,10
GTAAGGC,10
ACAGGAC,10
CCTTCGT,10
CAGTGAC,10
GTAACGG,10
AGTCTGT,10
TAGGCGT,10
CTTGGAA,10
GAAACAG,10
TGGTGTT,10
CTTGTTT,10
ATGGGCA,10
ACTCATG,10
GGCAAGT,10
CCTTGTA,10
CCTATCA,10
TGTCGCC,10
GCCCTTA,10
AAGAGGT,10
TTTCCTT,10
GATCCGC,10
CTTGCCA,10
GAGTCGT,10
GCAACGG,10
GAGGTTT,10
AGCGGTT,10
ACGAGCG,10
AAAGTGA,10
GGATCCA,10
ATCTGCG,10
ATAAGCC,10
CGATGAC,10
ACGCAAG,10
TTCTCCG,10
GCGTTCA,10
TTAGGCC,10
GTGACTC,10
GACTTTC,10
CGACAGG,10
ATCATTG,10
AGGTAAG,10
GACCCTA,10
TTCCATC,10
GCCTTAT,10
TCGAGAA,10
TGAAAAG,10
CTCAAAG,10
TTTTCTC,10
GGTTGAC,10
CGGGCAT,10
ACTGTGC,10
AGGGGTC,10
CAAACCA,10
TGATAGG,10
AACTCTC,10
TCAACAC,10
CTCCATA,10
GGATAAC,10
TCTACTT,10
GACGTAA,10
CCGTGTG,10
CGTGTGT,10
AACAGCG,10
TTCAGCA,10
ACGGAAC,10
GTGAGTC,10
ACTGACA,10
GGCAAAA,10
GCGTTCT,10
GTGGTGA,10
GTCCACT,10
GGCATTC,10
GTCAGGT,10
TCCTTCA,10
GGCATCT,10
AGCTACG,10
TGCCAAA,10
GCCAAAC,10
CAGTGAA,10
CTTTGCG,10
AAAAACC,10
GCTGGAT,10
CTTGATT,10
ATTCCGG,10
GTCTACG,10
TGAAGCT,10
TTTGCCG,10
GATGGCC,10
CGCAACT,10
AACTCGC,10
ACGTCAA,10
AACGCCG,10
GTTAGCA,10
TAGCACC,10
GAAGCAT,10
TGAGGTC,10
GATGCCT,10
CAACCCA,10
ACGACGG,10
CGGGATA,10
TCACCGT,10
GTTCTAG,10
AGGTACA,10
ACGGACA,10
CGTCAAT,10
ATTCAGC,10
TCAAGGT,10
GGATGCA,10
ACTAGCC,10
CAAAGAA,10
ATGGGGT,10
GGTCACA,10
CTCGTCG,10
GAGAACA,10
ACAGAGT,10
TTGCTTT,10
ACGCCGT,10
CATCCAG,10
CTCATCC,10
AATTCCG,10
GCAATGA,10
CTTGGAC,10
TGCCGTG,10
TGCACCC,10
GTAGGTG,10
AGCACGC,10
AGGTTAT,10
CTTCATC,10
AGGCATT,10
CGGAGTA,10
AAGTTCC,10
AGGATCT,10
GTCTTCG,10
AGAGGAC,10
ATCACCC,10
GGTAGGT,10
ATGGAGC,10
AAGAGTT,10
TACACCC,10
GTACGTC,10
TTCTCGT,10
GCACATG,10
AGAGAAC,10
AGAACTT,10
CGTAGGC,10
CGATCCT,10
ACAAGTC,10
GTGACAA,10
CCCCTAT,10
TACGCCT,10
ACCTGTC,10
ACGTCTC,10
CTAACTA,10
AGTTCGC,9
TGGGTCT,9
TTAGCGG,9
TAGCGGA,9
TCGAGGT,9
GTGGGTC,9
TGCTAAC,9
ACACACC,9
ACCGCAT,9
GCTCATA,9
ACTTTCA,9
TGGACGT,9
TTACCTG,9
ACCTGAC,9
AGAGGAT,9
CCCGCAT,9
CACTTGT,9
CCTGTAC,9
CCGTACC,9
CGTACCC,9
TCGTTCT,9
TGACCTT,9
TCCCTAA,9
TCGCGAC,9
TTCCAAT,9
ACTCCTA,9
CAGCCTA,9
GCCATCG,9
GCATCGG,9
TTGCGGA,9
AACCACT,9
GTCTAGC,9
AAGCTCG,9
GTCCATC,9
ACAACGC,9
CAACGCT,9
CTTTAAA,9
GTCCTTG,9
ACGCACA,9
GCACACC,9
CATAGCA,9
TGTAAGG,9
CAAGCGT,9
TGGCACT,9
GACGAGT,9
TGGGTTT,9
CTCTTAT,9
TAGGCCT,9
TTCAGGA,9
AGCCTAT,9
CAGGATC,9
TTAGAGT,9
GTCCAAA,9
TTGAGTC,9
TGTCTCA,9
ACTTGTC,9
ATAAAGG,9
GGTATGG,9
TGAGATC,9
TTTCACT,9
CTTACTC,9
GCTTAAG,9
CTCGACT,9
ACTACCT,9
CATGTGG,9
TCTCGAC,9
CGAAGTG,9
GATCTGA,9
TGCTCAC,9
GGTCCGT,9
TCCGTTA,9
GGCAAAC,9
TGCACAG,9
CGCGTTA,9
GCGTTAA,9
CTTAGAG,9
TTAGAGG,9
CATCTAC,9
AAGTACC,9
TTTGAGC,9
CACCAGT,9
TACTCTG,9
GCGACGA,9
AGATCTG,9
TGAGACT,9
TGGGTCA,9
TTTGTGG,9
AGTTTGG,9
GACAATC,9
CAATCTT,9
CCATTGA,9
AACACCT,9
CCGATTC,9
GTAAACA,9
TCATGTC,9
AATCGAC,9
TCTGGTA,9
CTGGTAG,9
GCATCAG,9
CATCAGG,9
GCCAACT,9
CATCCAA,9
CTAGACA,9
ATGCAAA,9
CAACGGT,9
GTCGGAA,9
ACAGCAT,9
CACACTG,9
CACTGGT,9
CCATGGT,9
CAAGAAC,9
ACGGTGC,9
TATCAGA,9
ACGATTG,9
TGGTGCA,9
GAAACAA,9
AGCACTT,9
ACTTGAC,9
CAAAGAC,9
GGAAGAC,9
GAAGACT,9
TCTCATA,9
AGGTCCA,9
CATTCGG,9
GAATCTC,9
ACTGGAC,9
TACCCGA,9
GCAGATT,9
AATCTCC,9
GACAAGA,9
GCGTAGA,9
ACTTCGC,9
GGTTGTG,9
TCAAGCA,9
TGGTTCG,9
TTCATGC,9
ATGCTCG,9
CGCTCGA,9
TTCCGAA,9
TGATTCG,9
AAACCCT,9
AGGTTGA,9
AAAAAGC,9
TGTCACC,9
GTACCTC,9
GATTTGA,9
AGTTAGC,9
CCGTGTC,9
CTACGCG,9
GGATGGT,9
CAATAGA,9
GCGATGG,9
AAATATT,9
TTTGGAG,9
AGTCCTA,9
GGATGCC,9
TGCCCTA,9
CTATCCA,9
GCGACTA,9
ACACAAG,9
ATGGACA,9
GACAGAT,9
ACTACAG,9
AACCAGT,9
GAAATGA,9
CACCATC,9
GAAAACT,9
ACGCTTG,9
ATCACCG,9
GCCGATC,9
CCGATCG,9
CGATCGG,9
GCTTCAA,9
TGCACGC,9
TTGCATG,9
AACCCAA,9
AGGGCAT,9
GGCATAG,9
TGTCTGA,9
GGTAAGA,9
TAGCTGG,9
TCCCGAA,9
ATGTCTC,9
GCACCTT,9
CTTCTAT,9
CATTACC,9
TTCATTT,9
AACTTGG,9
ACACAGA,9
CGTACGC,9
GTACGCG,9
AAACGGC,9
CTTTGTG,9
TCCGCAC,9
CACTTTG,9
TAGTCTC,9
GCGATAG,9
AGTCTCT,9
AGGGATC,9
GATCGGA,9
GATGCTG,9
TGTCCGT,9
GGCAGTA,9
GTTACGG,9
GACCGTT,9
CTCGTTG,9
AGCGGAT,9
CGAAACT,9
TACAAAG,9
CACGCAT,9
GAGCTTA,9
CTTGTGT,9
AGAAAAT,9
CCGCAAA,9
ACTTTTC,9
TGTTTCG,9
ACTCCGA,9
TAAGAGT,9
TCTACAG,9
ACAGAGA,9
CGACTCG,9
AGATTGG,9
GTTGGTG,9
GTTCAGG,9
GTGATGG,9
TGCATGA,9
GATAAGA,9
GCGCTAG,9
TAGCCTC,9
TGCTGAT,9
TTGTCTA,9
TTGAGCG,9
TTGTGAC,9
GACGTGC,9
CAATAAG,9
AAGAACT,9
GAATGGC,9
AATGGCA,9
TGGAACG,9
ATGACCC,9
GACCCTT,9
CTTACCA,9
GCATAGA,9
ATTGACG,9
GTTCTCC,9
AACTTCG,9
CATGAAT,9
CCAAGCA,9
GGCAGTC,9
CACCCTA,9
TACCTGG,9
TCGGGTA,9
TCGGTCT,9
TAATGGG,9
TAAAGCG,9
GAAGTCA,9
ATCAAAA,9
TGCTACG,9
ACCAGGT,9
AGCGGGT,9
GCAGATG,9
TGCACCT,9
AAAGCTC,9
GCGTTGA,9
AGGACGA,9
GGACTAA,9
ACTAAAG,9
GCTCATC,9
GCACAAG,9
CCCAGTA,9
GGCACCC,9
GCACTGT,9
ACTGTTG,9
CAATGTC,9
CCTGAAC,9
CCATCCG,9
GCGCGTA,9
GAGATGT,9
ACGTAAC,9
GCAACGA,9
TGAATGG,9
GAATGGA,9
CTCGCAT,9
TGGACCA,9
ATGTTTC,9
CGGTGAT,9
GGGTGAT,9
GCATCTC,9
TCATTTC,9
AACTGGC,9
GATGCGG,9
TAAGGCT,9
GGAACGA,9
AGGGGTA,9
AGGCAAC,9
GTCGTCA,9
TCGTCAC,9
TGCAATG,9
CCCTATG,9
AGTTGTG,9
TTACTGC,9
CTCGCAA,9
TGTATTG,9
GTATTGA,9
ATTTGAA,9
TTGAATC,9
GAATCGC,9
ATAGCAG,9
CGGTGGT,9
GGTTTGA,9
GTCCTCT,9
TCGCTGT,9
ACTGCTG,9
GGTGCTA,9
ATAGCGG,9
CAATCGT,9
GTCGTGC,9
CTGCTAG,9
CGCTTAC,9
GCCATCA,9
TGGCAAA,9
TCTCAGT,9
TCGTGAG,9
GTGAGCA,9
CACGCTT,9
ACGCTTT,9
GACAGTC,9
TTGGAGC,9
TTTTGGC,9
CACGGGA,9
CTTTGAC,9
TGACCAT,9
CGCTCTA,9
TTTTTGA,9
GTAGTTT,9
TTTAGGG,9
TGTTTTG,9
AAGTCTG,9
AATAAGG,9
ATAAGGC,9
AAAGCAG,9
CCTGCAA,9
CGAACAC,9
AAGCATG,9
GGTACCA,9
GAAGCAA,9
AGTCACA,9
AACCGCC,9
AGTGAAA,9
TCCTTGT,9
CAGCTTG,9
CGCTACT,9
AGACACT,9
GTGGATA,9
CGGCATG,9
GGTGGAC,9
GGATAGC,9
ACAGTGC,9
CAGAAAT,9
TTACACC,9
GCTCTTA,9
CTTTCAC,9
AGAAAAA,9
GCAACTC,9
GATCAAA,9
TTATGGC,9
GCCTTAA,9
CCTTAAA,9
TCCGAGT,9
TTGTGCC,9
CGATCAC,9
TGTCGCT,9
CAAACTG,9
ATCAGGT,9
ACTACCA,9
TAGGGTC,9
ACTCACG,9
CTACCAC,9
CATGACC,9
GTTGGGA,9
TCGGTCG,9
GTCGCCT,9
GCTCAAA,9
ACTGCGT,9
GCTACTG,9
ACGTCGA,9
ATGCTCC,9
TCACACT,9
GGATCTT,9
TCTTTCG,9
CGCACTA,9
CCATCGG,9
CGCTTCA,9
GGGCAAT,9
GAGAGTT,9
GGCTAAA,9
TGGAAAC,9
AAGCGTC,9
AGCTGAA,9
ACGCTAG,9
TTCGTCG,9
GTCGTCT,9
GTCTGTC,9
GGATCTC,9
CGAACCT,9
CTGTTTC,9
TCGAAGG,9
GGGTCGA,9
GGCATCC,9
GAGAGAT,9
AGTCGCT,9
AGCGTCA,9
TCTCTCT,9
CCCGTGT,9
TAGAAAG,9
GCCATTT,9
ATTGCTT,9
GTCGTAG,9
CCACATG,9
CCTCATA,9
AGAAGTC,9
AGGCTTA,9
CACGGTC,9
CGGTAGA,9
ATGTGCA,9
GCGAACT,9
TCACGAG,9
TGTCGGA,9
AACGCGA,9
CATTCCG,9
ACTCGGT,9
ATGACGG,9
ACTATCT,9
GCGTCAT,9
GTACCGG,9
TACCTCT,9
TGCTCAT,9
CAGGTCA,9
TCGCGTG,9
TAACGGA,9
TACGGCG,9
CTGCCGT,9
CAAACAA,9
CACATCC,9
TTCGCGT,9
TGTGGCA,9
CTGAAAC,9
CGCATGT,9
AGCAGAC,9
TCTGCTT,9
AAAACTG,9
ACACCGG,9
GTCTAGT,9
ATCGCCC,9
GCTTTAC,9
GTCCTTT,9
GAAGAAC,9
CGTGAAC,9
CTTCTAC,9
CTCTTGT,9
CCGACTT,9
AAACCTC,9
AGTCTAG,9
TTAGGTC,9
TGGACAC,9
CTCTCGT,9
CAAACAC,9
GCACAGT,9
TCGCCAG,9
CACGCTA,9
GACCGGT,9
ATTGGGA,9
GTTGGGT,9
ACTCCGT,9
AGGGATT,9
GCAAAAT,9
AGGACCG,9
CCATTCG,9
AGACCCA,9
GAGCTTT,9
ACTCTCG,9
GAATCGG,9
CATCACC,9
GTGGCAC,9
CTGCAAG,9
CTTCCAT,9
CACGGTG,9
GACCCGT,9
GACAAGT,9
GTTGAGG,9
GCGGAAT,9
TACGGGA,9
AGGTTAC,9
ACTAGAC,9
TTATAAC,9
ATAACCT,9
AGTCGGT,9
ATCTCAC,9
AGTCTAA,9
AAGCATC,9
CGGATGT,9
AGACTGA,9
CGCCATG,9
CATGGCA,9
TGACGTG,9
GCGAAGT,9
GGTCGTA,9
GGCAACT,9
TAGTTTC,9
TTTCACC,9
TGTTTTC,9
GATCTTG,9
CTCGTTC,9
AGCATCG,9
CTGTCTT,9
CATGGGA,9
TTCAAAG,9
CGTGTGC,9
CAGTCAT,9
GTCATTC,9
CACGACG,9
TAGCGCT,9
AGGCACA,9
TTTTTTG,9
GAACGGT,9
ACAAGGG,9
GGGCATT,9
GGTTCTT,9
AGCTGCA,9
TTCAAGC,9
CTGATCT,9
CTAATTG,9
CTAAGCG,9
TCAGCAA,9
GAGTCAT,9
TAAGGTC,9
TGCATGG,9
ACCAGAC,9
AATCTCA,9
CGGCATC,9
TAGTTCT,9
TCGTGCT,9
TCAAGAA,9
ACCGCGT,9
GGTGATG,9
TGGGGTA,9
GCATTAT,9
CACTCAA,9
GATAAAG,9
CTCTCAT,9
GTCGATT,9
TGCGGTC,9
GTCAAGC,9
GTACCTG,9
CAGACGT,9
ACTGGTT,9
GAAAACA,9
ACGTGGT,9
TTCATCC,9
CTCGTTT,9
TAGCGAG,9
AAGGCTA,9
TACGGAG,9
TCAAAGA,9
CACCTAG,9
TATCAGC,9
AATCCCT,9
ATCCCTT,9
AGTCACT,9
CAAGAAG,9
GGTTTCA,9
CGCAACG,9
TTGTTGC,9
TAGAAGA,9
TCAGTTC,9
GCTCCTA,9
GGCACGT,9
ACTACCC,9
AAGCAAT,9
CTTCAAC,9
CGTGATC,9
CTTTAGC,9
GGGGGTT,9
CTACAGG,9
GTGTTTC,9
AGCCATA,9
TGACACC,9
GTTAGCG,9
CCGATGG,9
TAGTCGA,9
GTTCAGA,9
TTTCCAT,9
TAACTAG,9
CGCGCTA,8
GCGCTAC,8
TGGAACT,8
AAGCTGC,8
GGACCGA,8
GACCGAC,8
CTAACCA,8
TACCTGA,8
TCCGAAA,8
GAGGATA,8
TGTAAAC,8
GTAAACG,8
GGCGTAC,8
GCCGTAC,8
TTCGTTC,8
GAGGATT,8
AGGATTC,8
TAGCCCT,8
ACCTTGC,8
GGGATTC,8
ATTCAAA,8
AAAAGCG,8
GAGTTCT,8
CCTTGTT,8
CCAATGT,8
ATGTGGA,8
ACGCCAA,8
AAGCGTG,8
CATCGGA,8
CGTGCTT,8
GAAACGA,8
AACGAAC,8
CGCTCGT,8
TCGACGT,8
GACGTCC,8
CAAATCA,8
AATCAGT,8
CGGATGA,8
AGGTCTT,8
GCACCGT,8
TCCATCA,8
CTTATTG,8
TAAAGAG,8
ACCCGAC,8
CCATGCT,8
TGCTCTA,8
TCTATGG,8
CAAATTG,8
AATTGGG,8
TCTGTAA,8
GTAAGGA,8
GCGTTTG,8
CCGTAGG,8
GTAGGAA,8
GTCAGTT,8
CCTATGG,8
ACTTCAC,8
TGCGTGA,8
CCTACAA,8
ATAGTCC,8
GTTTGAG,8
TCTCACA,8
ATAGCAA,8
CAAATAG,8
CCGGAAT,8
TAAAGGC,8
GGGGTAT,8
TGCTACC,8
CTACCTG,8
CGACTAC,8
TTCTCGA,8
TCAGGAT,8
GGATGTT,8
TGTTGTG,8
TAAAGGA,8
TGCCAGT,8
TACAGCA,8
TGACGAC,8
TCTATCC,8
ACTTAGA,8
CTTGAGT,8
GTATTAT,8
TGATTCC,8
ATCGAAG,8
ACGACCC,8
TGGAGTT,8
TCTTTCT,8
ATCCCAT,8
CCCATGT,8
GTGGACC,8
CCGTCAA,8
AAATCTG,8
ACAAACC,8
CGACGAA,8
ATAATCC,8
AGTGCTT,8
AGACTTG,8
GCCGCAT,8
TGGTTCA,8
CCGTTAC,8
CGTTACC,8
GCTTACC,8
ACCCTGT,8
CTAACGG,8
GCAAATG,8
AAATGAA,8
AACCAAC,8
ACACTGG,8
ATGGTGT,8
GATTGTG,8
TGTAGGG,8
AGCACGT,8
TAGGACC,8
AACAGAA,8
ACAGAAA,8
CACTTGA,8
TTCCACA,8
AGACGGA,8
AGACTGT,8
GATCTCA,8
GTCCAAC,8
GAGCGTT,8
CGAGTAG,8
ATACCCG,8
CCCCATA,8
CCATAGA,8
ATAGAAG,8
AGACAAT,8
GCTTCTA,8
GTTGTGA,8
CAAGCAT,8
ATAGCCA,8
ACACGTC,8
GTGTTGT,8
GTTTGGT,8
TTCGACC,8
TCCGAAC,8
GAAAAAG,8
CGTCAAG,8
GTCAAGA,8
CAAGAGA,8
GCGAACG,8
TGTACCT,8
GCCGTGT,8
GAGCGAT,8
CGATGGG,8
ACTTGTG,8
TACTGGT,8
TGGTCCA,8
TTCGCTG,8
CCCTGTT,8
ACAGACG,8
CAAGGGT,8
GACACCT,8
CACCTGA,8
GAACTCG,8
GACGGGT,8
CCGACCT,8
CGACCTG,8
GTGTTGC,8
ACGGCGA,8
TCCATTC,8
TCACAAA,8
TGAGCAT,8
CGCGTTT,8
TAACCAG,8
AGAAAAC,8
TCTGGCG,8
ACTCAGT,8
CATGTGA,8
ATAGGGA,8
GGAGTTA,8
CGCGTAG,8
CGTAGAG,8
GAAAGAA,8
AAAGGTG,8
GCCAAAA,8
CATGCCG,8
TGTGCCG,8
TCATTTG,8
CATTTGA,8
GGAACTT,8
GTGAAAC,8
CAGGCTA,8
GTGCGTA,8
TAAACGG,8
TAGGCTT,8
GTGCGAG,8
GGCGAAA,8
CTGCCTA,8
TGCTATG,8
CAGTAAG,8
GGAGTAG,8
GTTTCTG,8
TTTCTGT,8
CAGATTC,8
TCCCGTG,8
CGGTTAC,8
GGTTACC,8
TTTATTG,8
TCTGATA,8
ACCACCG,8
GACCACC,8
ATCACCA,8
TCACCAG,8
CTAGTGG,8
CTGTAAA,8
GCAAACT,8
CACTTCG,8
CGTTCTG,8
CGACAAC,8
ACAAGGT,8
GGTACCC,8
GCTGGTT,8
CTGGTTA,8
ATCGCTC,8
GCGTTAG,8
GTGAAAG,8
AAAGGAA,8
CACTGTC,8
CTCCTTA,8
CGCTAGC,8
ATTGTCT,8
AGTTGAG,8
TAAGCTC,8
GAGCTAT,8
GTCTGGT,8
TCTGGTG,8
GCGAAAC,8
GTATTGG,8
GTTGGTT,8
GGCACGA,8
GAATCAG,8
ACCCTTA,8
TTACCAG,8
ACTACGA,8
CGAGTCG,8
GAGTCGA,8
GCTTGCA,8
TTCCACT,8
CACTTCT,8
CCCGGTT,8
GAAGTAA,8
GCATGAA,8
GTGCTGT,8
CCTGATC,8
CTGATCC,8
ATCCTCG,8
TGGTACC,8
CCGTCTT,8
CAAGCAG,8
CTACTTT,8
AGCAAAT,8
GAAGTTC,8
GTCTGTA,8
TCCCGTA,8
CCCGTAG,8
CGAAGTC,8
CATCTGC,8
AGCGTTG,8
TTGCTAC,8
AGTTTTT,8
GTCATGC,8
ACGAACT,8
AGCGGTC,8
GATGCAC,8
GTAGCGC,8
TTACAGC,8
GGTCAAC,8
GTCAACT,8
GAATGAA,8
AGGTCTA,8
ATGGACT,8
GACTAAA,8
GGTTTAG,8
ATAGAGG,8
GTCATCG,8
TCGAGGA,8
GAGCATC,8
TCTGCAT,8
ATCTACC,8
GTGAATG,8
AAAGACA,8
TTCGATT,8
ATTTCTG,8
AATAGCG,8
CCTGCAT,8
CGACTTG,8
CTACGAA,8
TACGAAG,8
ACGAAGA,8
ACTGGCG,8
TACCGGT,8
AGATTCC,8
AACTAAG,8
GTGAACT,8
CCGATGC,8
AAGGAAA,8
AAGAGTA,8
GAGAGTC,8
CTTTACT,8
ACCCGTT,8
TTCTACC,8
AACTCAG,8
TGATCCC,8
GTGTTTG,8
TCAATCC,8
TCCTAGT,8
CGGAAAT,8
GAACACT,8
TCGTAGC,8
ACGACGT,8
CTCAACT,8
ACCGGTC,8
AGCAAAG,8
GCGTAGT,8
TCCTTTA,8
TTTTGAG,8
CATCCTT,8
ATCCTTC,8
TTTTGCG,8
GGCGACA,8
AACACGG,8
CAAAAAG,8
TCCGCAT,8
GACACCG,8
CGACAGA,8
GCTACCA,8
CAAGTTC,8
CCGAGTA,8
GTGCCGA,8
GCCTATC,8
ATCGCAG,8
TAGCAAG,8
GCGATGA,8
TAGGCGA,8
TGCCAGA,8
GCAAGTG,8
GTTCTAA,8
TCATGGA,8
TAGCTTT,8
GTTCCTA,8
ACGTGCT,8
ATCTAGT,8
CTAGTCG,8
CACTCTT,8
TGAGGTA,8
AAAACTA,8
AGCAACT,8
GAGGTAC,8
TAGTCAG,8
CGTTAAA,8
TAAGATC,8
GGACCTT,8
GCGATCC,8
AGTTTCT,8
GCAGCAA,8
CGGCAAA,8
GACTAGC,8
CGCGGTA,8
CAGAATG,8
AGAATGC,8
AAACTGA,8
CTCACGT,8
TGTCCTC,8
GACACCA,8
ACCATCC,8
CCATTGT,8
GTTCTTG,8
TACCACT,8
ACATGAC,8
ATGACCT,8
AACTGAC,8
TGAGAGT,8
ACGAGAA,8
GGGTTTT,8
CTTAGCA,8
GCATATG,8
CCTGTTG,8
CTCGTCA,8
GTCGAAG,8
CTGATGC,8
ACTATCC,8
TCGGACA,8
ACGGGAA,8
ATTCTCC,8
AGAGTTG,8
GTGGAAA,8
ACTGTTA,8
GACGCTA,8
TGTTGAC,8
CTGACTT,8
AACCTGT,8
ACCATGG,8
TACTCAT,8
CTTCTTG,8
GCAAGTC,8
CATGGGT,8
ATGGGTG,8
AGATGAA,8
AGTTTTG,8
ATCCGCT,8
ACAAGCA,8
CCAACGA,8
GGGTTAT,8
CATACAG,8
TAGGAGT,8
TCGCCAT,8
TCCTGAA,8
AAGCGAT,8
GCTTTTG,8
TTCCGAG,8
CTGCTCG,8
TTTGGGA,8
CGAATCC,8
TCTGTCG,8
CAATAAA,8
GGCGTAA,8
TAAGGCA,8
GGACAAA,8
GACAAAG,8
GACCTTA,8
TACCGGG,8
GCTCCAT,8
CCATGAG,8
TGGAATT,8
CACGCAA,8
GATGCAG,8
ACAAGCG,8
TGGATGG,8
CAGTCAC,8
AGCGAAT,8
ATGCAAG,8
TGCAAGC,8
TAGTCAC,8
GCATTTC,8
AGGTGAT,8
CTTTATC,8
GTATCCC,8
GAACAGG,8
AGGTTGC,8
TTACGGC,8
CAATCAT,8
CGACGTT,8
ACGTTCA,8
GCGTCGA,8
CTCATTA,8
GGTGATC,8
TCGCACC,8
CGAAGTA,8
ACCGAAG,8
CGAGTCT,8
TCCATCT,8
AACCGCA,8
TGACTGT,8
AATCAAG,8
AGTGCTC,8
TGCTCAA,8
ACGAGGA,8
TAGCCGA,8
AGGTCGT,8
TTCTGGT,8
AAGAACC,8
TCTGGAT,8
CTGGATT,8
ACGGACT,8
GGCTTTA,8
ATGCAGC,8
CCAATGC,8
GTCCGAC,8
ACGTTCC,8
TGAGTCC,8
CAACGTC,8
TTTAGGT,8
CACCAGA,8
CAACTCT,8
TCGTACA,8
GCTAGCG,8
CCATAGT,8
ATAACCC,8
GCTGCAT,8
GACACTT,8
GCGGCTA,8
GGATAGT,8
AGTACTC,8
CCAGTTG,8
AGAACAG,8
CTCTACT,8
CGCAATC,8
TACCCCA,8
TCAACTC,8
CAACTCA,8
CAACCGA,8
TCTGACG,8
CTTTTGT,8
AAAGTAG,8
CTTCTGA,8
TCAGGTA,8
CTTGGCA,8
CTCTTAC,8
AAGACCT,8
GCGCAAC,8
GCAGTCT,8
CCATACC,8
ATCATGG,8
ACTGTTC,8
CACGGCA,8
AGACAAG,8
ACTACAC,8
TGTCCTT,8
AGGCTAC,8
GGGTCAA,8
AAAAGAG,8
AACCCAC,8
TACAGCT,8
GCTCGTT,8
TTGCTAA,8
GCGATTC,8
GACGAGA,8
TACGGCT,8
CACGTCG,8
CCGACAT,8
AAGTGAT,8
ATCTGAG,8
ACGGGTT,8
TAAACCA,8
TTTCTTG,8
AGTCCTC,8
TTACTTC,8
TTCCTTA,8
CAGAGAT,8
ATCAGAA,8
TCCGTAG,8
CCGTAGT,8
CAACGTG,8
ACGCAAC,8
TTTGTTT,8
GTTTTCT,8
GAACGTC,8
ATGGTCT,8
GTGTGCC,8
CACTCGT,8
AGTCATT,8
GATAACG,8
CGCACCA,8
CAAATCC,8
GGACTTA,8
ACTTAGG,8
TTAGGTT,8
TAGGTAC,8
GTGTCAC,8
CTTACGC,8
GGTGACA,8
CCCGGTA,8
TGCTTCT,8
TTGCATA,8
AATGACC,8
TCGGCGA,8
GTGATGC,8
ACGCTGT,8
ACTGATC,8
ACTGCCG,8
CAAGGTT,8
CATTTCA,8
TCGTTCC,8
CGCTAAT,8
ACTGCGA,8
TTCACCT,8
GGCGTTA,8
CCACAAT,8
TCTGAAG,8
AAGCTAC,8
CATATGC,8
CAGACTA,8
ATGCGGG,8
CGTAGGG,8
TCAAGTC,8
ATCCTCA,8
AGTTTCG,8
CATTAGC,8
TCTAGCG,8
TCTCGTG,8
CGAACCA,8
CCAAATC,8
TCCACGT,8
TTCGTCT,8
AATCACA,8
ACGAAGC,8
ACAAACA,8
GCTATGT,8
ATCGGGC,8
CCTGACA,8
AAACGCC,8
GCAACCA,8
CTATGCT,8
CCACGAA,8
CATAAGC,8
CACCGTG,8
GCGAAAA,8
ACGCACT,8
CTCCGTA,8
ACATTGG,8
CTTCGAG,8
CTCGCAC,8
TCTACGG,8
GACCAAC,8
AAGGCAT,8
AGAACGG,8
CGAGTCA,8
GTGAGAT,8
TTGACGT,8
CGTGCAA,8
CAGAATT,8
TTCAGTC,8
AGCGATT,8
TGGCATT,8
CTACTCG,8
CACTGCA,8
ACTGCAC,8
AAACACC,8
AAGGATC,8
AAATCTC,8
GGAGTAA,8
ACGACCT,8
ATGAGCT,8
GTCACTA,8
TGCGCCA,8
GACACTG,8
GGGTACG,8
GAATTGG,8
ACCCGTG,8
CGCTGAA,8
GTGTTCG,8
AAGGTGC,8
TTCTACT,8
CTGTCTA,8
CACTACG,8
ACCGGGT,8
GGAATCG,8
GGATAAA,8
ATGCCCG,8
TAATCCT,8
TCTTCAA,8
TTAGCTG,8
GGTGTTC,8
GTGTTCT,8
CGGACGA,8
CTGTCAT,8
TTTGTTG,8
TGGTGGT,8
TGTTAAG,8
GAGATAG,8
TGACTGC,8
TGAACTC,8
AGTTTCC,8
CTGACAC,8
AGTGTTG,8
ACGACTC,8
GGTAGTC,8
CTCGGAT,8
ACTAGCT,8
CATAAGG,8
TCTTAGG,8
AAATCAA,8
TACCGGC,7
AGCTTAG,7
CTTGAGA,7
CGACCCT,7
AGGTTAG,7
GAATGTG,7
AAAAGTA,7
TAATGGA,7
TTGAGGA,7
GCATCCA,7
CATCCAC,7
AGTTCGT,7
CCACTTA,7
GGGTCTT,7
ACAGCAC,7
CTAGCCT,7
TAGCCTG,7
ATCTCTC,7
GCTCGTG,7
TCGTGCC,7
GTGTCTA,7
TGCGGAT,7
GTAGGCT,7
ACTTATG,7
CCTTATT,7
CAACAAC,7
CGAAGCA,7
CAGTAGT,7
ACCTGCA,7
AAGGACC,7
GACCCAT,7
TCGCGGT,7
GTCTGAT,7
AACACCA,7
AAGCGTT,7
ACGTCCA,7
ACGAGTG,7
TCAGTTG,7
AGACGAA,7
TCACTTT,7
ACTTTCT,7
ACCTACA,7
CCAAATG,7
CTCTGTT,7
CTTAGAC,7
CACATAG,7
TTACTCC,7
CCGTTCT,7
ACTATTG,7
TGCCGAA,7
AAGTTTG,7
GCCGTAA,7
CCGTTAT,7
TGCAGAT,7
CGCAAAA,7
CAAAAGA,7
CGACAGT,7
CCGCATG,7
AGACTAA,7
CAAAGTA,7
TTATCGG,7
GGTTTAC,7
GCGTAGC,7
GTGCCAA,7
GTCCTAC,7
ACTTCAG,7
GGGTCAT,7
GGATTTG,7
TTTGGGT,7
TTATCCC,7
CCATGTG,7
CAACGGC,7
TCGGCAA,7
CCCGATT,7
GTGTAAA,7
GAATAAT,7
AAGTGCT,7
GACTTCG,7
GGTGCAC,7
CGGTCAT,7
TGGTAGC,7
GGTAGCA,7
TAGCATC,7
CCAACTT,7
ATGATTG,7
CCCTAGA,7
ACCAACG,7
AACAATG,7
ACAATGG,7
AGATGAG,7
TGAGCAC,7
GTCTTGC,7
GGTCGAC,7
AAAGCAC,7
ACTGTAG,7
CTGTAGA,7
TGTAGAG,7
TAGAGAT,7
GCATCAC,7
CATCACG,7
GGCTGTA,7
TTCGGAA,7
GTTCGGA,7
GATACCC,7
GAATCTG,7
CACCGAA,7
CACCATT,7
ACAAGAG,7
AAGGCTT,7
TCTAGAG,7
TACAGGG,7
TTCTAAG,7
AGGTGAA,7
GATCGCG,7
AGACACA,7
ATTCAGG,7
TTTCCGA,7
GAACGAC,7
GTGATTC,7
CACAGTA,7
GATGCGA,7
TTGAAAA,7
TCAAGAG,7
TGTGGAA,7
ATTTGAC,7
TTTGACT,7
AAGTTAG,7
ACCTTTC,7
ATCGCGA,7
CAGCTAC,7
AATAGAA,7
CACACTA,7
ATTTGGA,7
AGGTTCG,7
GTTCGCT,7
CAAGATC,7
AGATCAC,7
GACGAAA,7
ACGAAAC,7
GGCTATT,7
CTGCCGA,7
AACTCGG,7
ACAGATC,7
AGGTGTT,7
TGCCGAG,7
GTTGACG,7
TTGACGG,7
CAGATTT,7
GATTTCC,7
AGACGCA,7
GACGCAT,7
GCGTTTA,7
AACCAGC,7
AGCCGTC,7
ACCATCT,7
GCCAACA,7
CAACACT,7
CACTTTT,7
AAATAGC,7
GATCGGC,7
AACGCTG,7
TGGGTAA,7
ATGCAGG,7
GGTAGCT,7
AAAATGT,7
CTAGTGC,7
TAGTGCG,7
AGCCATG,7
ATCTTTG,7
TACCCGT,7
GAACCTT,7
CAGGATA,7
GGATAGA,7
AACCTGA,7
GCTTGAA,7
TGTTGGG,7
ATCGGCC,7
GCGTACG,7
TACGCGA,7
CAACAGG,7
TCAGTCG,7
ATGCTGC,7
GACTTTG,7
AACCGGG,7
TGGCAGT,7
CGACGTA,7
AATGACG,7
GTTACCA,7
GCTACAA,7
CTACAAA,7
TTGCGGT,7
CGGTAGC,7
ATGACTC,7
ACCACCT,7
GTCTATG,7
CGTGACA,7
GTGACAT,7
GCTTAGA,7
ACGGCGT,7
CGTCTGA,7
AGTCCGT,7
GGCAGTT,7
TTCTAGG,7
CCGGTCG,7
AGGACAA,7
GTACCCC,7
GAACTAG,7
GGACGAA,7
CTACGCT,7
TACCGAG,7
GTGCATG,7
CTGAGAT,7
TGAGATA,7
GTCTACC,7
GACTAGG,7
TTCCGAC,7
ACTTGTT,7
AGCGAAA,7
AGGAACT,7
AACTGTG,7
GTGACTT,7
GCAGCAT,7
CAGCATA,7
ATAGAGC,7
GGAGAAC,7
AACAGCT,7
CAAAGTG,7
AATCCTC,7
AAGTAAA,7
GAGCAAC,7
GTAAGAA,7
GGCGTTT,7
TCTCTTA,7
TCTTAGT,7
TAGGACG,7
GTATCCA,7
AAGCAGC,7
CTCGACC,7
TCGACCA,7
TCTCCTA,7
GCAAATA,7
AAGTTCG,7
GTCGGGT,7
CCGTAGC,7
GCCAAGT,7
GCAAGAA,7
TTTTTCG,7
ACAACTT,7
CAACTTT,7
AAACTAG,7
TTTACAG,7
GAAACCT,7
TGAATGA,7
ATGAATG,7
CCCAAAT,7
TAGACAG,7
CTCATCG,7
ACTGAAG,7
CTTAACC,7
TCCTCTA,7
ACCCCTA,7
CGGGTAA,7
CATTGAC,7
AACTGCA,7
AGTTGGA,7
ACTCGCA,7
TCGCATC,7
CGCATCA,7
TACCCCC,7
GTGTGCT,7
ATTTACA,7
CTCAAAA,7
TCCAGTA,7
CTTCGAT,7
GATTCCT,7
ACTTGAG,7
GCTCTAA,7
TTGCACG,7
AAGAAAC,7
TCCTAGA,7
GAAAACG,7
GAATTGC,7
AAAGCAA,7
GCACTCT,7
CCTTTAC,7
TTTACTG,7
TCGCAAG,7
CCTGTAT,7
TTGATTT,7
TGATTTG,7
CTTACTG,7
TGCCATA,7
CTACCTA,7
CTCCATG,7
ATGGCTC,7
GTCATTT,7
GTCGTGG,7
TTTGAAG,7
TCTTCAC,7
TAGTGCC,7
GCTAGTC,7
AACGACG,7
TCGTTTC,7
CTCGGAA,7
CTATGCC,7
TTCCCAA,7
TTCTTAC,7
TCTTACC,7
TCGCTTA,7
TACTCCA,7
TTTGGTC,7
TGAGCAA,7
TTTCCTA,7
GTAGTCA,7
AGTCATG,7
TCATGGC,7
GGTGTCA,7
GTGTCAG,7
CGGTCCA,7
AGCCCAT,7
GGGTTGT,7
GGTTGTT,7
CAGCATT,7
ATTTCCA,7
GCGAACA,7
CGTTTTC,7
AAAGGTC,7
GCTTTTA,7
GCAAGTT,7
TCACATG,7
GACTAGA,7
TTCACCC,7
CTCAAGT,7
AAGTGTA,7
GTACCCA,7
CTATCGC,7
TAGTTAG,7
AGCCCTA,7
GTAGCAA,7
GCTGACA,7
CTAGGGT,7
GGTCGGT,7
TCATTCG,7
CCGGCAT,7
TTTTCCA,7
TTCTGAG,7
ACGACGA,7
TACCCAC,7
TTCTAAA,7
ACATTCC,7
TGTCCAT,7
AGTGACT,7
AGCTCAC,7
ATCTGTG,7
CATTGTT,7
TGTTAGC,7
TTATCTA,7
TATCTAG,7
TCTAGTG,7
TACACCA,7
TCTTATC,7
ATTCATG,7
ACTCTTG,7
AGGTAGT,7
CATCGGG,7
AGGCAGT,7
GTTTACG,7
GGTACGC,7
TACGCTG,7
ATAAGGA,7
GTAAGAT,7
CCTAAAG,7
GTGCAAG,7
TGGATGA,7
ATCACAC,7
CTTATGG,7
CGCGATC,7
AAGGAGT,7
CAAGCAC,7
CGTTGGT,7
CCGTGGT,7
CTGGCAA,7
TAGAAGC,7
CCTTAAG,7
CGTGAGT,7
GAGTTCA,7
CAGTTGA,7
CGCTTGA,7
TGAAGAC,7
CTAGTAG,7
CAACTGA,7
GTTATCC,7
GTGTATT,7
CATGCGG,7
TTTAAGA,7
TTACGTC,7
ATGCTTG,7
GAACAAC,7
TAAGTGC,7
GCACTAT,7
AAGCCGT,7
GGGTTAC,7
AACGCAC,7
ATCCTGA,7
AATCGTC,7
TTCAGTG,7
CAGTAAC,7
AAACCAG,7
TAGCTTC,7
CAGTATC,7
AATCTTG,7
ACCGCAA,7
CAATGCG,7
GGTCGAA,7
CGTGCCA,7
CCCATAC,7
GATCATG,7
GTCTTCA,7
TCATCCT,7
TCACTTG,7
TCTTTGC,7
AGAAAGT,7
ATCTGCA,7
AAGTTTT,7
GTTTGCA,7
AGCTGTA,7
GAAACTC,7
CGGGTTA,7
TACAGGC,7
CCCATAA,7
CCATAAC,7
ACCATGC,7
CTAGCTG,7
TAGGGCT,7
ACTGAGT,7
GCACGGT,7
AATGTGA,7
TTGGGAC,7
AGTAGCG,7
AAACGCG,7
TCCCGTT,7
TTAGCAG,7
AGCTTGA,7
CGTTCAT,7
GCTTCGA,7
TCGAAGT,7
GAAGTCG,7
AGTGGTG,7
AATGCAA,7
ACGCTTC,7
CCTTTTA,7
GTGAACG,7
GTACGGC,7
GAATGCT,7
GGTATCC,7
CAGTACC,7
CCATGCA,7
CATGTCT,7
GTCGAGA,7
GCCTACA,7
ATTAACG,7
ACGAAGT,7
AGTAAAC,7
AACCGAA,7
ACAGTGA,7
AGTGACC,7
ACCCTAA,7
ACGTTCG,7
GTTCCAT,7
GTAGTGG,7
AACTCAC,7
GAACACA,7
ACAAGCT,7
GCTCGAA,7
TCGAACC,7
TAGCTAC,7
GCCATAA,7
TATGCAA,7
CATGTGC,7
TCGCTTG,7
ACGTTGG,7
TACTCGC,7
ATTGCAG,7
GGATCAG,7
CTGAAAA,7
TTTGATT,7
TCTTGTC,7
CTTTTCA,7
GACCTAG,7
GTTAGAA,7
ACTATGG,7
TTCTTCT,7
ATGAGCC,7
GCGCTAA,7
CGCGTGT,7
TCCGACT,7
AACGTCG,7
AAACCAT,7
TCGGATC,7
GACCACT,7
TCCTAAC,7
GAACGAA,7
TCCCAAC,7
ATTCCGT,7
TTGTGCT,7
AAACACT,7
AGATATC,7
CGTAACG,7
AGACTCA,7
AGTAACA,7
GTGGACA,7
AGCATTG,7
TTCGTGG,7
TGGTTGA,7
ACAAAAG,7
ACCGTTG,7
CTCCTAA,7
TGGATGT,7
GGTTTTC,7
TGCGACG,7
GGAAAAT,7
GCATGAC,7
ACCCTTG,7
CTATGAC,7
AGATGTA,7
GATGTAG,7
GGATACC,7
CTACACC,7
CATGAAG,7
AATGCTG,7
TATAACC,7
ATGAAGT,7
TACTCAA,7
CGACTCA,7
TATGTGG,7
AACACCC,7
ATCGCTG,7
CGTCATT,7
TGCTAAG,7
GCTCTAC,7
CCCTAAA,7
CCACGGT,7
GTATAGG,7
TAGGTTG,7
CGCTTTT,7
GGCTAAC,7
TCCTCGA,7
CGACATT,7
ATCAACA,7
AGACTTT,7
CTTTGGT,7
GACGTTA,7
GTTAAAC,7
TTAAACC,7
GTGTGCA,7
CTGCAAT,7
TGGCATC,7
GAGTAGC,7
TCGTAGA,7
GTCGTCG,7
GAAAAAC,7
CTCAAAC,7
ACCGGTT,7
ATGAAAC,7
TTCGGTG,7
ATGCCTG,7
GTGGTCG,7
TTAAGGC,7
TAACGTG,7
CTAGGTA,7
CACAGAT,7
GATCAGT,7
TTACGCA,7
CTGCATC,7
CTTTTCG,7
TTGCGTT,7
GTTAAGT,7
TTAAGTG,7
TCGTGCG,7
CGTTGCG,7
GTCTCGT,7
GCGTTGT,7
AAGCGAA,7
CAATAGC,7
CACACGA,7
ACACGAA,7
CTAAGGT,7
GACTGCT,7
TAGTGGG,7
TCGAGCT,7
ATTTGGG,7
AATTGGA,7
TAAAAAC,7
ACCCCGT,7
GTGGTTT,7
GAGTGCT,7
CCGAATG,7
ATCCGCA,7
TAGCTCG,7
GTTCAAC,7
TGTGTTG,7
TTAGAAC,7
ACCCCAA,7
TCCGTGT,7
CTTCGTA,7
TTCGTAG,7
CTCTGAA,7
CCCTACA,7
GATCTCT,7
ATCTCTA,7
TTCCACG,7
CGATGGC,7
TCACTAT,7
GACATGA,7
CGTCGAT,7
ACGGCAG,7
CTTGTAC,7
GGTGACT,7
CCTTATA,7
AAGGGAT,7
GCAAACC,7
AAAACAA,7
GTTTGTT,7
TGTTTAC,7
TTCTTGC,7
TCTTCAT,7
AGCTATG,7
TAATAAG,7
AGTGTCA,7
ACGATCC,7
TTTTAGG,7
TGAGCTA,7
AGGTCAA,7
CCCGATG,7
CTACATC,7
ACTTGCG,7
GCTTGTT,7
TGTTTCA,7
CAGGCAT,7
GGGTATC,7
ATGAAAG,7
GACTTCA,7
TTTTTCT,7
CCAAAAC,7
GTGGATG,7
CATTCAG,7
GGCTAGC,7
TGAGTGC,7
AAGACCG,7
TTATCTC,7
TTGGGTA,7
AAATTCC,7
ATGCGCT,7
AGGGTAC,7
TTACTGG,7
GGGGTAC,7
GTACTGC,7
TACCCGC,7
CTACTCT,7
TGTCACG,7
TCCTATT,7
TTACGCC,7
ACACGTG,7
ATACAGC,7
CCTGCTA,7
TGCTCGA,7
TGAAGCG,7
TGCGTGT,7
AACTTGA,7
CCGATCC,7
GTTTGCG,7
AAACAAG,7
GCTGAAC,7
AAGCAAC,7
CGTACAT,7
ACTTCCA,7
TCCGACG,7
CATTTTC,7
CAGTTTC,7
CTGTTTT,7
TCTATTT,7
CATGACG,7
GTGCTTA,7
TTTCTTT,7
AGTATCC,7
CCTAAGC,7
CTTCGTG,7
ACTTGCC,7
GTGGGTA,7
ACGCGAA,7
GCTCAAC,7
ACGCGGT,7
CCGTCTA,7
TCGAGTC,7
GTACCCG,7
TCCTACA,7
GAACTGA,7
GCATTGT,7
TCCAAAC,7
AAAGCGA,7
CCGTCAT,7
CAAAGCA,7
TGAGTCT,7
AACTAGC,7
AACTCTT,7
TGGTGTC,7
CATAGGA,7
GTTTGCC,7
CACAACG,7
AATGACT,7
AGTCGCA,7
GGATAAG,6
AATGGGT,6
ATGGGTC,6
GTTAGAG,6
TAGAGCC,6
TTATCCA,6
AGTTCAC,6
TTTGTCT,6
TAACCAC,6
GGCTCAT,6
CATACCG,6
TATTGGA,6
GCACCTA,6
CTACCAA,6
ACCAAAA,6
CCAAAAG,6
CAAAAGT,6
AAAGTAC,6
GTTTACC,6
AAACGAG,6
TACCGCT,6
GTACCCT,6
TAACTCT,6
GATTCAA,6
TCAAAAG,6
TCAACAG,6
AGCCTTA,6
GAGTCTT,6
CCATCGC,6
TGCATCG,6
TTTGCTG,6
AAGTTGC,6
AGTTGCG,6
GGATGAA,6
GCTTTAA,6
CTTTAAC,6
TATGCCC,6
CCAACAA,6
TTTAAAG,6
CTTGACG,6
TCATAGC,6
GTCCATG,6
TCCATGC,6
GCTCTAT,6
CTCTATG,6
TATGGCG,6
CTTACAG,6
CACTAAG,6
AACGAGA,6
AAACCGA,6
ACGGGGT,6
TGTACCA,6
TTCGCAG,6
TCCAAAT,6
CTGTTTG,6
ATTCTGG,6
CCACATA,6
AGTGGAC,6
GCATAAA,6
CATAAAG,6
GAAACAT,6
ATTGCCG,6
TTGCCGA,6
ATCTGAT,6
CCGTAAC,6
CCATGTC,6
TTCTGCA,6
ATGATGG,6
TGATGGA,6
CCCATCG,6
GTGACGA,6
GACGACA,6
TAAGTCC,6
ATGGCCT,6
AAGACTA,6
GACTAAC,6
TCGGTTT,6
CGGTTTA,6
ACCTAGA,6
TTGAGCA,6
TGTCCTA,6
ACAATCT,6
CTCAGAT,6
CAATGAT,6
TGATAGT,6
TAGTGTG,6
TAAACAA,6
TAATCCC,6
CGACTTC,6
ACTTCGA,6
CTTCGAA,6
TTCGAAG,6
TGCACGG,6
ATCGACG,6
GTTACCC,6
GGCTTAC,6
GGACATG,6
AGAACAA,6
TCGACTG,6
AAACAAC,6
CAACAGA,6
CTTGACA,6
GAAAAGT,6
GACTGTA,6
AGAGATC,6
ATCACGT,6
GAAGAAT,6
AATCTCT,6
ACCGAAC,6
TTCAATC,6
ATGCCAC,6
ACCAGTT,6
AGTTACA,6
GTTGCAC,6
TTAGCCT,6
AGGACGT,6
CATCGAT,6
TTTGGTT,6
TCGACCC,6
ATGCGAG,6
GGTTGAA,6
TCAACGC,6
CAAGATT,6
AGATTTG,6
CTAGTTT,6
TAGGAGA,6
TACGCGG,6
CCAGCTA,6
TAGAATC,6
AGCGATG,6
ATGGGAC,6
CTAAATA,6
TAAATAT,6
AATATTT,6
TATTTGG,6
GATCTCG,6
GTTTACT,6
TTTACTC,6
TATGGCT,6
ATGGCTG,6
GTCACCA,6
GTACAGA,6
CTTTTAA,6
TAACTGG,6
CCAAAAA,6
CAAAAAA,6
AAAAAAG,6
GGGCATA,6
GCATAGG,6
GGTTAAG,6
TAAGAGA,6
AGGCTAT,6
AAAAATG,6
AATGTCT,6
CTATCTT,6
CCATTAC,6
ATTACCC,6
CCATCAT,6
ATTTGAG,6
TTGAGCT,6
ACTCTAT,6
GATAGAA,6
GGGTGTT,6
CATCGGC,6
AAGCAGA,6
CGTAAAC,6
TCGCTAT,6
GCTTTGT,6
AGTGTTC,6
ACTTTGC,6
TTTGCCT,6
AGTCAGT,6
ACTTTGT,6
TTTGTCC,6
ACCTCAT,6
TGGTTAC,6
GGTGGTT,6
AGTAGAA,6
ACGTACC,6
ACCGTTC,6
TCGTTGG,6
CGCAGAT,6
CGTGGAA,6
GAATGAC,6
GCGGTTA,6
TACCAAG,6
AAACTTT,6
TCACGCA,6
GCATTGC,6
CCCGATA,6
GGTGGTC,6
TGATGGC,6
TGACATC,6
GGATCAC,6
GATCACG,6
GCTGTAA,6
TGTAAAT,6
TACTTGT,6
TGTCTCG,6
CAAACTC,6
CAAGACA,6
AACACAG,6
TGGTAGA,6
GTCAAGT,6
TGTTGTT,6
GTTGTTT,6
CTACAGA,6
TGGTGAA,6
TACGCTC,6
AATAGGG,6
TAGGTGC,6
ACCTAAC,6
TAACGCG,6
GCACATT,6
TGTGACA,6
AGCTATT,6
TCCGACA,6
CGTTTCG,6
CTTGTTG,6
GTTGTTG,6
ATAAGAA,6
GATGTCA,6
GTCTCGA,6
CTGAACA,6
AGTGAAT,6
GAACTTC,6
CTTCGAC,6
GTTCCTT,6
TGCGAAC,6
TGAATCC,6
TGATCCT,6
CTTAGTC,6
CCCTGTA,6
TCCGCTA,6
GGACAAC,6
TTCCTTG,6
CGACACT,6
TTAAAGC,6
AAACAGC,6
GTTTTTC,6
AGCCATC,6
GAGTTAG,6
CATTAGA,6
CCAGGTA,6
TTTAGGA,6
TTAGGAG,6
TGAGAAA,6
AAACTGT,6
CAACTAC,6
TCAGAAA,6
TGAATGC,6
GGGTTTA,6
TAACGTC,6
AGGATTA,6
GGATTAA,6
GGTAAGC,6
AATGTCG,6
GATAAGT,6
CGTAACT,6
CAACGAC,6
TCGCAGA,6
TCTACCA,6
GGAAATC,6
ACCATTA,6
CCATTAA,6
CATTAAC,6
GATCCCT,6
ATGTGTG,6
CGATTCC,6
AGTTGGC,6
ATCTCAA,6
CACTCAT,6
ACTCATT,6
TAGCGAC,6
ATCGCCT,6
GCCCTAA,6
GAAACTA,6
CGATGCG,6
GGGGATA,6
ACTGTCG,6
AAAACGG,6
AATTGCA,6
CCTATGC,6
CTATGCG,6
AGCACAA,6
CAAGTAG,6
TACTGCA,6
TTTGAAT,6
GTTCTAC,6
AACTACC,6
AATCCTA,6
GAGTTTC,6
GTTTCAT,6
CATGATC,6
AACCGGT,6
GTGGTAG,6
TGTTTGG,6
TCTAGGA,6
TGCTAGT,6
CGAACGT,6
GAAATAG,6
GCGTCGT,6
CGTCGTG,6
TGCTAGA,6
TCCTGTT,6
GTCATCC,6
TCAACTT,6
AACTTCT,6
ACTTCTT,6
TTACCCC,6
AACCGTC,6
GAAGATC,6
AAGATCT,6
ATCTCGC,6
GTTCGTG,6
GAGCAAA,6
CAAGTAC,6
CGAGATT,6
GAAGACA,6
TTAACCC,6
TCCGTTG,6
GTTTAGG,6
TTGTTTT,6
GTTTTGC,6
TGCAAAG,6
CTATGGA,6
TATGGAA,6
TCAATGG,6
CTCATCT,6
CCGTTTT,6
TCAAAAA,6
ACACCGA,6
CAGAAAA,6
AAATGAG,6
ACGTGGA,6
CGTGGAT,6
TCAGCAT,6
CAGCATC,6
CGACTAG,6
TGGTGTA,6
TGTACCC,6
GAATTGT,6
GGCACTT,6
AGTTAGG,6
TGAAACT,6
TAGTTGG,6
AGAAGTT,6
GACCGTG,6
AATGGCT,6
TCTACCT,6
CGATCAG,6
CTACCAG,6
TAGTGAC,6
TCACAGT,6
TCATTGT,6
AATGACA,6
CTTACAC,6
ACACCAA,6
GTCTGAA,6
TCTGAAA,6
TACGAGG,6
TTTACGC,6
TTACGCG,6
TGCAGTT,6
GGACTAT,6
TAAAGGT,6
AAGGTCA,6
GAAATCC,6
CAAGGAA,6
GTGAAGT,6
TTTGTGC,6
CCGATCA,6
CGTGTGG,6
CGAGAGT,6
AGACGGC,6
GTAGGGT,6
AACCAAA,6
TCCACGG,6
AAGACCC,6
CAATTGC,6
AATTGCT,6
GTAGGCA,6
CGAGCAA,6
AAGTTAT,6
AGTTATC,6
CACCACT,6
GCGCATA,6
ATTTCTC,6
CCACGTT,6
TGCTTGT,6
TTCCCGA,6
AGAGATA,6
ATAAGTG,6
CGAACCG,6
TGATGCT,6
GTCGTGA,6
TATCCCT,6
GCAGCTT,6
GATTTCT,6
AAGGGTT,6
CACTACA,6
CATCCGA,6
CCATTCT,6
CATTCTC,6
TTGCCAG,6
ATTAGCC,6
TTAGCCA,6
CTAAAGA,6
TAAAGCC,6
AAGTTGG,6
GACTGTT,6
TATAGGG,6
GGGATGT,6
CTTGGAT,6
TAACACC,6
GTTTCGC,6
CCAAGTA,6
GACGTAT,6
ACGTATC,6
GTATCGG,6
TATCGGG,6
GCAATGC,6
CGAATGG,6
TGGGCAT,6
CATACTC,6
ATACTCA,6
CATCTCG,6
AAGTCGC,6
CTATCAT,6
CGCAAGT,6
GAGATCC,6
GCGAATC,6
AAGCACA,6
AGGTTTC,6
CATCACA,6
ATCCACG,6
CCCGTAC,6
CGTACCT,6
GCGGTTT,6
TAGCGCA,6
TCATGAA,6
GTCTGTT,6
AGCTTTT,6
ACAATGT,6
CTCAGTT,6
CGTAAGG,6
AGTTAGT,6
TAGCGTG,6
ATGCAGT,6
CGATGCT,6
CACAATC,6
TGTTCAT,6
GTTCATG,6
AGTGCGT,6
TCAAGCG,6
CATCCGC,6
AATAGTC,6
ATAGTCA,6
ATGACGC,6
GGTACGG,6
ATGCTAG,6
TCGTGGT,6
AATGCGA,6
TACCGGA,6
TAAGGAA,6
TGCCGTT,6
CAATAGT,6
TCATTAA,6
TTAACGG,6
ACGGTCA,6
CCAACTA,6
TATCTAC,6
AGTAGTG,6
GAACTCA,6
TCAGTAG,6
ATGAGGA,6
ATCAGTT,6
CTCGAAC,6
AAACGCA,6
ATCTGCT,6
TGCTTCA,6
AGGTTTG,6
TTTGCAG,6
CTAGCTT,6
TGTCTAG,6
TCTTTTG,6
TTTTGAT,6
TACGGAA,6
AAGCTAG,6
AAGACAG,6
GGTCCTT,6
CCGCTAT,6
AGAGTAA,6
TCTTCTA,6
GACTTTT,6
TTTAGCC,6
TGCACTT,6
TACAGCG,6
CAATGCC,6
AGGTGTA,6
GACGGCA,6
AGAAATG,6
CAGACAT,6
TTTCGTA,6
TTCGTAC,6
TCATAGT,6
CATAGTC,6
TTATCCT,6
TGAACGA,6
CATAGTA,6
TGACAGT,6
GAGATAT,6
GATATCT,6
ATATCTC,6
TTGAGAG,6
AATTGCC,6
ATCACGG,6
TAACAGC,6
CCGATGA,6
ACACTTG,6
GGCTAAT,6
TCGGTTC,6
GACAAGC,6
CTTTTAC,6
TTACTCT,6
TCGGCTA,6
CAACCTG,6
ATCCCAC,6
ATGAGAC,6
CTAACCC,6
ACTACCG,6
GTTTTCA,6
ACTGCAT,6
CAGTCGT,6
GATCCTA,6
TGGAAAA,6
GTTTATT,6
TCTTTTC,6
TATGACG,6
CTTTGGA,6
TTGGACC,6
GAACAGA,6
ATCACTT,6
TCTGCAA,6
GAAAGAC,6
AAAGACT,6
GCGCAAT,6
GGTCAAA,6
GGAATCA,6
CTTTCAT,6
CAGTCTA,6
TAAGAAA,6
AACACAC,6
GGTATAG,6
ATTAGGT,6
TTTTCAG,6
CACGGTT,6
GATCCAC,6
GTAGAAA,6
TTTGGTG,6
TTCTTGA,6
AAGTAGC,6
GTGGCAT,6
CGGTGAA,6
CACTATT,6
GACTGAT,6
GACAAAA,6
GACGTAG,6
GTGTTGA,6
TTTTCTT,6
ATGAAGC,6
AGTTCAA,6
AGCGTAG,6
GTCAGAA,6
GATGGCT,6
TACATTG,6
ACGTGAA,6
GACTTAG,6
ATTCTTG,6
CGAAGAT,6
TGATCTT,6
AATCAAC,6
CGGTAAG,6
TTCACGG,6
ATGGCTT,6
AGTGATT,6
GTTCTTC,6
GTAACGC,6
TGACTCT,6
ATCCCAA,6
ACTGGAT,6
ATGCACA,6
TTTCTCA,6
GTAGTGC,6
AATAGCA,6
GGTTATG,6
TGTGCAT,6
GACGTTG,6
TTGTAAC,6
TAACTAA,6
CTTAGTT,6
TCGACTC,6
AACAGAG,6
AGAGTAT,6
GAGTATT,6
TCTACTC,6
GTCGCAC,6
TCGCACA,6
TCCGAAT,6
CCGCATA,6
AATGATT,6
CACTCGA,6
CAATACA,6
AATACAC,6
TGTGTCT,6
CTTAGAA,6
AGAACAC,6
GACCGAA,6
TTTGACG,6
CCGTGTT,6
TAATAGG,6
AAGACTC,6
TCGTCCT,6
TAGAGCT,6
GATGCAT,6
TTATGAG,6
ATAACGT,6
CATACCC,6
TATGCTA,6
CTTGTAG,6
AATCTCG,6
ACGTTGC,6
AATGGTA,6
TGTAACG,6
TACCATA,6
TACCTGT,6
AACCTAA,6
ACCTAAG,6
CGTTGAG,6
CTTACAT,6
AACCGAG,6
CGGATGC,6
CGGACAA,6
TTGCTAT,6
ACACTAT,6
TCGTCGG,6
TTGTTTA,6
GTTTACA,6
TTTACAC,6
ACTGACT,6
ATGCTAA,6
TGCTAAT,6
CTAATGA,6
ACGGTTT,6
TGAAAAC,6
AAACTGC,6
ACCTTCA,6
TTCTCTA,6
AAAGCGT,6
GAATTTG,6
GAAAACC,6
CGTAGGT,6
GTTCGTC,6
TAGGCAT,6
GTTACGC,6
GATGCCG,6
TGCGTTC,6
ACCTCGT,6
TACCAAC,6
ACAATGA,6
ATGAGTC,6
AATCCGA,6
CCGAATC,6
CGAATCA,6
AACTTGC,6
GATTGCG,6
CTAGCGA,6
CCGACAA,6
GCACACA,6
AGATGCG,6
TGGAATC,6
GCACTAC,6
CGGGTAT,6
TTTACCC,6
GACCAAA,6
TGTCCAC,6
GCCTATA,6
TTCCAAA,6
AAAACAC,6
AGTGGAT,6
GTGCACC,6
ACCGGTA,6
AAGTCAG,6
TTTGACC,6
TTGACCC,6
AGAATCT,6
TCCAGTG,6
AGCTTAT,6
ACTGGCA,6
CAAATTC,6
CTGCACG,6
ATGCCAG,6
GGTACGT,6
GGTGTCC,6
GGGGGTA,6
GGTACTG,6
AGCTAGC,6
GTTTCAG,6
TGTAGCT,6
AGATGGA,6
TACTCTC,6
ATGGTGA,6
CTACGAT,6
AGCCGTA,6
CACCTGT,6
TGAAGTT,6
ACATTTG,6
TGTCTTC,6
ACAACCA,6
TTAGGAA,6
TGCGTAG,6
GCTGAAT,6
CTGACGA,6
GGTCTAC,6
GTCTTTG,6
CAAGTGA,6
ATTGAAT,6
TGTAAAA,6
CGTGGGT,6
GTCTTAG,6
ATCACGC,6
TCGAACT,6
GTCGACG,6
TTTGAAA,6
CGATGGA,6
AGCAAAC,6
TATCTGG,6
GTTTTTT,6
GTTATGG,6
AATTTGA,6
TGCGGAA,6
TAGGTAG,6
CTACCGT,6
CCGTGCA,6
GCTAGTT,6
TAGTTTT,6
GCATGGT,6
CTTTAGA,6
CGGAATG,6
CACGTAC,6
CCAGTTT,6
TGCCAAG,6
TATCTCG,6
CTTTGAA,6
AAGTCGT,6
TTCGAAC,6
AAAAGGA,6
GCATCTT,6
GATTAGG,6
TAAGCGC,6
TACATTC,6
CTAAGCT,6
TCGCATA,6
CTATTTC,6
CTCTAGA,6
CTAAGAA,6
TCATCGA,6
CCACTAA,6
GGGATAC,6
CGATTGT,6
CCTACGA,6
CCGTCGA,6
ACTCAAC,6
GCTAAGA,6
TCCGAGA,6
TTGTAGG,6
CGAAGGA,6
TCTTTAG,6
TGCGGTG,6
ACCCGCA,6
CATGGTC,6
ATGGTCC,6
CATAGTT,6
AAATAAG,6
CGTTGTT,6
AGTCTTT,6
TCTACTG,6
TCATTCA,6
GCACGAA,6
TACAGGA,6
CTGAAGT,6
GTTCACG,6
AATGCCT,6
TGTTGGA,6
GTTGGAC,6
TGGATAA,6
GTCCTTA,6
GCTAACT,6
TCGTTTT,6
ACCAACT,6
TCGAAAC,6
GCCGGTA,6
AGGAATT,6
GCTTAGT,6
CTAACAG,6
AGCGGTA,6
AAAAGCT,5
TTTAGCG,5
TTGAGAA,5
AGGTCGA,5
GGTTAGA,5
TCAGACA,5
ATACCGG,5
TTCACGT,5
CACGTCT,5
CGTCTAT,5
AAGTACT,5
CTTAATG,5
GGACGTT,5
TTTACCT,5
CGAAAGA,5
ATTGCGC,5
GCATTGA,5
CTTGTAA,5
TAGTTCG,5
GCAGATA,5
GCGAGTT,5
ATAGTGG,5
AACAGCA,5
GGCCATC,5
GGTGCAT,5
ATCGGAC,5
GCAAATC,5
AAATCAG,5
TGTCTAA,5
AGCAGTA,5
AGTAGTC,5
CCCGTTA,5
AAATTGG,5
CTGTAAG,5
ATTGAGT,5
GAACACC,5
ACTAAGC,5
CAATAAC,5
AGTTGCA,5
GCAGCTA,5
CTATGGT,5
AAGCCTA,5
GTTCGCA,5
AGCACTA,5
ACTAGAG,5
AGTTAGA,5
AATTCTG,5
TCCACAT,5
ACATAGC,5
ATAGAGT,5
TTGTCAC,5
GTCCGGT,5
CTAGCAT,5
AGCATAA,5
TACCTGC,5
CTTAAGG,5
TCGACTA,5
AAACATG,5
ACATGTG,5
GACTATT,5
TGATCTG,5
AGGATGT,5
ACAGCTA,5
CAGCTAA,5
CGTAACC,5
GTAACCC,5
CGTTATT,5
GCCATGT,5
CATGTCG,5
AGTTGCT,5
CGTTAAT,5
CATCGTG,5
TCGTGAC,5
GACAGTG,5
CAGTGGT,5
GTTCTAT,5
ACAAAGT,5
CTCGGTT,5
TTACCTA,5
TACCTAG,5
CAAGTGT,5
TCGAAGA,5
TCATGTA,5
ATCTTTC,5
TCAGATT,5
TGTGGAC,5
GCCCGAT,5
AATGATA,5
ATAGTGT,5
TCGAAGC,5
TCGACGG,5
ATCTGGT,5
AGCATCA,5
CATGCAA,5
TCGGAAA,5
ATGAGCA,5
CCACGAT,5
GAGTGCA,5
AACAACA,5
AAAAGTG,5
ATAATGC,5
AATGCAT,5
ATGTCCG,5
TGGACAT,5
CTTCAAT,5
CCAGTTA,5
GATTCGT,5
AAGCATA,5
GACACGT,5
AGGACAT,5
CGTGTTG,5
GGTTCGA,5
CGACTGT,5
CTCAACG,5
CGAACGG,5
TCTGTAC,5
GATTTGC,5
TTTGCCA,5
GTCGAGT,5
TCGAGTG,5
ACAAGAT,5
GATGGTG,5
CCTGTAA,5
ACAAGGA,5
TACAGTC,5
CGTTGAC,5
AGTCCAT,5
CATTCAC,5
ACAAACG,5
CAAACGG,5
ATCCAGA,5
CGCATAG,5
AAGAAAA,5
CTCAGTA,5
AGTATTC,5
TCGCCTA,5
GCTCAAT,5
CAATTTG,5
AATTTGC,5
CATGCCT,5
CCCAAAA,5
GAGTTAT,5
AGTTATG,5
GAAAGGT,5
AAATGTC,5
GCTAGTG,5
TATCTTT,5
TACCCAT,5
CATCATG,5
ACGTCCT,5
GCGTAAA,5
TTTGTGA,5
CGATAGG,5
AGATGCT,5
TTTATAG,5
TTGTCCG,5
CTGCTAT,5
AGGTGGT,5
GACGTAC,5
CTCACAA,5
GATTCGC,5
GTGGAAT,5
CTTTATT,5
GCTGATG,5
TCCTCAT,5
GACATCA,5
TCATGCG,5
AGTGGAA,5
TTGTGTA,5
GGAGAAT,5
TGGATAC,5
CCCGTGC,5
AAGACAC,5
GACAACA,5
ACAACAC,5
CAGATCA,5
GATCAGA,5
TGTCAAG,5
TCAAGTG,5
TTCTGTT,5
TCTGTTG,5
TGCACTC,5
TTAAGAG,5
GACTCGT,5
TGGTATG,5
TATGGTA,5
TTAGACC,5
GATAAGC,5
ACGGATT,5
CTATTCC,5
TTGTTGT,5
AACTACG,5
TGAGAAT,5
CCTGAAT,5
TGTGACT,5
GTTGATT,5
TCTCGAA,5
TCGAAAA,5
CACTGAA,5
ACTGAAC,5
TGAACAG,5
GATGAAC,5
GAGTTAA,5
ATAAAAA,5
AAAATCC,5
CGACCAC,5
ATTTTGC,5
TCATCCA,5
TAGCTCA,5
TTAGTCC,5
CGTGATT,5
ATTCCCG,5
GTAGGAC,5
CACAAGA,5
TTCAGGT,5
AAATAGG,5
TTAGGCT,5
CTGTAAC,5
TCATCTG,5
TCAAAAC,5
CAAAACA,5
TGCCATG,5
CACATTA,5
CGAATAC,5
CAGGTAG,5
AACCTTG,5
TTGTGCA,5
TAGGTCG,5
AGATGCA,5
CTCTTTA,5
ACATTAC,5
TACTCAG,5
CTGCGTT,5
AATGAAT,5
ATGCCGT,5
CTAGGTT,5
TAGGTTC,5
TTTAGAC,5
GTGAGCT,5
CGCACAA,5
TGAAGAA,5
GATAGAG,5
CTAACGT,5
GTAGATA,5
TAGATAA,5
AGATGTG,5
GTTACGT,5
ACTGCAA,5
TGCAACG,5
ACCATTC,5
AATCTGA,5
GGACCAT,5
GAATGTT,5
AAGACAT,5
GACATGG,5
ACATGGC,5
ATTCCTA,5
CTCATTT,5
CTGCATT,5
GACGACT,5
GTAGCTT,5
ACAGATT,5
AAGTGAA,5
GGGTATA,5
ACCACTG,5
AACGGTG,5
AGAGTAG,5
TATGCGC,5
ACAAGTA,5
TCCTACG,5
ACCTTAC,5
CACCCGT,5
CGTTCTA,5
TGGTAGT,5
TTGGGTT,5
CATGGCT,5
AGTCGAC,5
GTCGACC,5
CGGTCGT,5
CTAGTCT,5
CGTAGCG,5
TAGCGTC,5
TACCGCA,5
GCGACAA,5
ACAACAA,5
ACGTCGT,5
TCCGTTT,5
CTCTATT,5
CTACGTC,5
TGGGTTC,5
TACCTTG,5
ATTTCAA,5
TCAAGTA,5
TCTGCTA,5
GCAATCG,5
CAGTCAA,5
AGTCAAA,5
ATTTGCG,5
TGGCGTA,5
GACACAC,5
TATTCCA,5
TTCCATA,5
TATTTTT,5
GGAATAA,5
GTCAATG,5
AGCATTC,5
TGGCGAT,5
CTAAGCA,5
TAAGCAT,5
CGTCCGT,5
ACTTCAA,5
GGACACC,5
AAAATGA,5
GTCGGCA,5
CTTTTAT,5
AGCAAGT,5
AAGTTCT,5
ATCAGCT,5
CAGCTTT,5
GTCACAT,5
CTTGCTA,5
TGCTACA,5
AGCTCAA,5
AATTGTA,5
GTAGTTG,5
GTTAGGA,5
TTTGTAG,5
CTGACAA,5
GTGCCTA,5
CAGTACG,5
GACCGCT,5
CATAGCT,5
GATCAGC,5
ACGATGC,5
CGAGCAT,5
CGATACC,5
GAAGATA,5
GATAGCT,5
ACGTTAC,5
AGAAATC,5
ATGACAG,5
CATGCTT,5
TGAAAGT,5
GGTAGTT,5
GTCACAC,5
AGGTACG,5
GTACGAG,5
GAAGGTA,5
AGGTTTA,5
GTACGCT,5
AGTGTAG,5
GTTAAAG,5
AGATCCA,5
TATAAGG,5
CAAGACG,5
CAGTTGG,5
TGATCAC,5
ACCGACT,5
CGATCCC,5
ACTACGT,5
CGTTTGT,5
GTTTGTG,5
TTTCTAT,5
TTGTTCT,5
AAGCACG,5
TGAACCC,5
GATCACC,5
CTGACTA,5
ACTAGCG,5
CGGTTCG,5
TGCTGAA,5
TGTAGCG,5
CAAGGAT,5
AAGGATT,5
ATTGCTA,5
TAGTAGG,5
CTCACAT,5
CAAACTT,5
AACTTTT,5
TAAAAGT,5
CGCATAT,5
TGTGTAT,5
TATTTCT,5
AAGATTG,5
CGTTACG,5
GCTTGTC,5
TGCGTTT,5
GATCTTT,5
ACATCTC,5
AGTCCGA,5
GGGTAAA,5
AAAACCA,5
CTTATCC,5
TAACCGC,5
TGCGATT,5
TCTCTAA,5
CTCTAAA,5
GTTACAC,5
CCAAAAT,5
GATTAGC,5
GACCATC,5
ATCCAAA,5
TGCTACT,5
CGAGCTA,5
TAGAACT,5
ACTCTAA,5
AAGAAGT,5
AACGTTA,5
TGACGAG,5
GAAAGTT,5
AAAGTTG,5
ACCGCGA,5
CTGTTGA,5
GATACTG,5
GCTAACA,5
CTAACAC,5
TTGCTGT,5
GTGTTAG,5
GACAGTA,5
GTATCGA,5
AAGGTGT,5
ATCTTGT,5
CGTATCG,5
ATGCTGT,5
AATACTC,5
CTAGCGT,5
CGTGTCG,5
CTAGAAA,5
GAAAGTC,5
TATCAGG,5
TTATCTG,5
TTGCATT,5
AGTCGTA,5
TATCCAC,5
TACCTTC,5
ACATGCC,5
ATACAGG,5
TCACACA,5
ATGTCGC,5
GATCCGA,5
AGCGAAC,5
CAGTTTG,5
AGGAATC,5
GTTCGAA,5
TTTTAGA,5
AATAAAC,5
TGTGATC,5
CGTTTCT,5
ACTCGAT,5
CTCGATG,5
TCGATGA,5
ACCTTAG,5
GTTAGTT,5
TTAGTTC,5
TTCTAGT,5
TAGTGTC,5
CGTGTGA,5
AACTATC,5
CTATCTC,5
TTCTTAG,5
TTAGCGT,5
GCAGTAC,5
AATTCTC,5
CTTCGTT,5
TTCTGAT,5
ACAATCG,5
TGGCGTT,5
TGCCTAA,5
ACCGAAA,5
AGATGAC,5
ACTTTCG,5
GTTAGTC,5
CATCTTT,5
TAGAACG,5
GGTGAAC,5
TGGTACG,5
ATGCGAA,5
ATGCAGA,5
ATAACGG,5
AACGGAC,5
CTTTCGA,5
TTTCGAG,5
TTCGAGT,5
GGTTCAC,5
TCTACGA,5
TAAACCG,5
ACATCCG,5
CAACGTT,5
AACGTTC,5
GGAGTAC,5
CATCTGT,5
GTAACCG,5
GCATTCA,5
AACACAA,5
TACTGCT,5
ACTGCTT,5
GGCCATA,5
CCTTATG,5
AATCACT,5
GCAGGTT,5
TGCAGTA,5
CCTCGAA,5
GGTTGTC,5
GCATTTT,5
TTTTGCC,5
CTCTTTT,5
TTTACGG,5
TCAAAGT,5
CGGTCTT,5
TGAACTA,5
AACTATG,5
AGCAGAT,5
GGCATCA,5
CATGAGC,5
TGTCCGA,5
TTCACGA,5
ACTCCTT,5
ATCCGTG,5
GCGTAAC,5
AGACGTT,5
AGCTTTA,5
ACGGCAC,5
CTTTCGT,5
TTTCGCT,5
TTCCTAA,5
TTTATCC,5
ATAGTAT,5
TAGTATT,5
TTATACA,5
TACATAA,5
CGGATAA,5
CAGAACA,5
GTAACGT,5
GCTTAAT,5
ACGCAAT,5
AATCACG,5
ATCAAGT,5
TGAGTAA,5
GAGTAAC,5
GTAACAG,5
CCGTACG,5
GAGTCAA,5
TCAACTG,5
AACCTGC,5
AACAAAA,5
GCATACA,5
ACAAAGA,5
GGGTACA,5
GGTACAC,5
TACACTT,5
ACACCGT,5
TTTCTAG,5
TTTTCAA,5
CTGCATG,5
TCTTACG,5
CATCGCT,5
TAGCCAT,5
AACTTTC,5
GCGTCTA,5
CGTCTAC,5
CATGGAA,5
ATTATTT,5
TTATTTA,5
TATTTAT,5
ACCTGAA,5
CGGCATT,5
CATTCTG,5
TGGAACA,5
CACAAAA,5
TTAACGC,5
GGTCATT,5
GCTTAAA,5
AAGCCAT,5
ACCCGTA,5
GAATACT,5
ATACTGG,5
ACTCACA,5
CCAATTA,5
CAGTTAG,5
GTTGTGT,5
TTGTGTG,5
TCGTTGC,5
GTACTCG,5
ATTCGTC,5
ACCCGGT,5
CCTAAAT,5
ATGGCAA,5
ACGGTGT,5
AAGATGA,5
GATGAGA,5
TTCTTTT,5
GCTTTTT,5
CGGCTAA,5
ATTAATG,5
GACTGCC,5
AGAGGTA,5
AGTGATC,5
TGCTTTA,5
TCTTGAT,5
TTTAAGC,5
ACCACCA,5
ACGTGTG,5
AGCCTAC,5
GTCACGA,5
TCGAGAC,5
TTTACTT,5
AGATTGT,5
GATTGTC,5
ATTGAAG,5
ACTACTG,5
CCACTAT,5
CGATCCG,5
GTCAAGG,5
GTAGCCT,5
TTCAGAT,5
GTTTCAC,5
GATGGGT,5
AACGTGC,5
TCAAACC,5
AACACTA,5
TAGGATT,5
AGTCATA,5
GCTCATG,5
CTTCGGT,5
GTTAAGG,5
CCTACAT,5
CTCAAAT,5
GTAAAGG,5
TCTACAT,5
TAACCTG,5
GTACATT,5
GATAGGT,5
ATAGGTG,5
TACGCAG,5
TGCATCC,5
AACAGGG,5
TTTTCGA,5
GTCAATT,5
AAGTCAC,5
GGCATTT,5
CATTTGG,5
TTTGGAA,5
TGCATAT,5
GGTAACG,5
AACGCTT,5
TAGACGC,5
TCCACTA,5
GTTGCGT,5
GATTCAG,5
TCTCGTT,5
TGCGACT,5
TTCAGAG,5
CGTAGTG,5
TAAGCGA,5
ACACACT,5
GGGTATT,5
AAAGAAT,5
AAGAATT,5
TTATGTG,5
ATCAGAC,5
AGACTGC,5
CTTTCAA,5
CCAGATT,5
TCCAGTT,5
ATTAGAG,5
TTCTGAA,5
ACCTACT,5
CTAAAAA,5
AAAACCG,5
AATGCCA,5
CAGAGTA,5
AGTTCCT,5
GTCCGAA,5
CGAATGA,5
TGATTAG,5
GGTTCAA,5
TCAACCG,5
CGTGTCT,5
TCTGTAG,5
GTGCAAT,5
TACACGG,5
GGCGATA,5
CCATGCG,5
TTTAGAA,5
AACGTGA,5
TGACCGA,5
AAAACTC,5
ACGAGAG,5
TTGCAGC,5
TGCATTA,5
TTTATGA,5
CTCAATC,5
ATACCCC,5
ATGGACC,5
TGTATCT,5
GGATCTA,5
CCATGGA,5
CATGGAC,5
GCAAAGT,5
ATCTCGA,5
AGCTGTT,5
CTGTTCA,5
AAGAACG,5
TAACCTA,5
TTGTACC,5
GTGATCC,5
TACATGA,5
AAACAGT,5
AAAGGAT,5
TGCATAC,5
ACTATCA,5
ACAGCTT,5
TCTTACT,5
AACTTCA,5
GATTCAT,5
TTTCTCG,5
ATGTTAA,5
TAATGAG,5
ACCAGCT,5
AGTTGAT,5
GTGGGAT,5
GCATACT,5
AGTAGAC,5
GACGGTT,5
GGGTAAC,5
GTGAAAA,5
CGAAAAC,5
GCGCTTA,5
CCTTAAC,5
CGATCCA,5
GAACCCT,5
CCAATTC,5
CAAGTCA,5
CAGTCGA,5
GTCGAAC,5
TGAAGTG,5
AGAATTT,5
AATTTGG,5
AGTTCGA,5
TTCGAAA,5
TGCCATC,5
TACAGTT,5
CAGGTTA,5
CGATGCA,5
TTGGATT,5
TCGACGA,5
TCGCACG,5
GCTTCGT,5
CAGCTTA,5
CTTACTT,5
CTACTAG,5
GACTATC,5
GATAGGA,5
TGGATCG,5
TCGACAC,5
ATCACAA,5
TCACAAT,5
ATCAAGA,5
ATGGCAT,5
ATTGTGA,5
CTACTGT,5
TACTGTT,5
ACTGTTT,5
ACCTTGA,5
TAGGTCA,5
ATAACTC,5
GTTACCG,5
GCAAACG,5
ACAGATG,5
CGTTCGT,5
TTCGTGT,5
TCGTGTG,5
CCTATAT,5
TATATTC,5
TCCAAAA,5
CCAACTG,5
AAACGAC,5
CTAATCC,5
TAATCCG,5
AATCCGT,5
GTCACAA,5
CCGGTAC,5
ATTACCA,5
TAAACTC,5
AAGAGAT,5
AGATGGT,5
AAAGAAC,5
TTAGAAT,5
TAAAAGG,5
TCGCATT,5
TGTTCGC,5
TCGCGTA,5
ACGTGTT,5
TGCGAAA,5
ATCGAGG,5
TTCGCGA,5
GGCATTA,5
CTCCTAT,5
TGACCTA,5
GCTTACG,5
TAGCCGC,5
GCTGATC,5
AGATCGG,5
AAACACA,5
CACACGT,5
CGCATAC,5
CGTTTTG,5
CACCGTT,5
GTAAAAG,5
TAAAAGC,5
TATAGGC,5
TCCGATG,5
TTCGAGG,5
GCGATCG,5
CAACCTT,5
AGGGTAA,5
GAGTACC,5
GCAATTC,5
GAAAAGA,5
TTCTTCA,5
AGTGTTA,5
TTATGGT,5
AATTCCA,5
AATTCGG,5
ATAGGAA,5
TTCGCTT,5
AACAAGT,5
ATGCTGA,5
TACGGGG,5
TAACAGG,5
ACAGGTA,5
TTTCGAC,5
ACGGTTC,5
TCCCGAT,5
CGCGTAC,5
AGAAACG,5
AACGGGA,5
GTTTCTT,5
CATCAAA,5
GCAATTG,5
GTCTTTT,5
GTAGACG,5
TGAAAGA,5
TGCTTAA,5
TTTCGAA,5
CGCGAAC,5
GCTTGAT,5
TGTCTTA,5
GCCATAT,5
CCATATA,5
TTACATT,5
TGCTTAG,5
TTAGCGA,5
CTTTTGC,5
GTGCCGT,5
CGTAGAA,5
TCGGCAT,5
CGTCTTT,5
GTCTTTC,5
GTGTGTT,5
GATACAG,5
ACTCAAA,5
CCCTATT,5
CACTAGC,5
GCGTACT,5
GTGGTGT,5
ACAGTTA,5
ATTAGCA,5
AGACGTG,5
CGTGCTA,5
CACATTT,5
CCATGAC,5
ACATGGG,5
GACCTAA,5
CGGCATA,5
ACGCTAA,5
GATAGTT,5
ATAGTTT,5
TAACCGG,5
TCATGGT,5
ATTAAGC,5
AAGGTTC,5
TGGTGAC,5
ATGCCGG,5
AGTAACC,5
CACATGT,5
GAGTGTT,5
CGGTACT,5
GTTGCTC,5
TCCACAA,5
AATGCAG,5
CACAACC,5
GTTGAGA,5
TGCAAAC,5
GTATCTC,5
GCATCGA,5
ATCGTCA,5
TAGCATT,5
TGTTTGT,5
GGGTACC,5
TCTTTCA,5
ACCGTGC,5
CATCACT,5
ACGTAGT,5
AGTATTG,5
ACTAACG,5
CTTAGTG,5
CTCTAAC,5
ATCGTGG,5
GAAATGC,5
GTTTTGA,5
GAAACGT,5
GATGGCA,5
GTCGCAT,5
TGATGCC,5
CTTTGTT,5
GACTTGC,5
CCGATGT,5
TGATGAG,5
ATCGCCA,5
GTACAGG,5
GTGAGTA,5
CGACAAA,5
GCATCGT,5
CTTCGCA,5
TTGTCTG,5
ACATCCC,5
ACGCAGT,5
CTCACGA,5
GGTCGCA,5
TGTGAGT,5
CAAAGGT,5
AGCGCTA,5
TGGTTTA,5
TCCTTAC,5
TAAGGGT,4
TGGACCG,4
GGCGATC,4
CTGCTAA,4
CTCATAC,4
ACGTCTA,4
TACCAAA,4
GTACTTA,4
CATTGAG,4
GTACAGC,4
ACCCTAG,4
CTAGTTC,4
CGAGTTC,4
AGAATAG,4
AATAGTG,4
TGTTCCA,4
GTTCCAA,4
GTGCATC,4
ATCAGTG,4
ATCAACC,4
ACCACTT,4
AGCACAC,4
TTATGCC,4
TAGGTCT,4
GAGACAA,4
AGACAAC,4
AAGCAGT,4
TACAGTG,4
GATTGAG,4
CGTTTGG,4
AATAACG,4
ACGAGAC,4
GAAACCG,4
CGTAGGA,4
TAGGAAA,4
GTTGGTC,4
CTAGACG,4
TCTAGCA,4
CAGCTAG,4
TATGGTG,4
AAGCTAA,4
AGCAGTT,4
CAGTTCG,4
GAGTGAT,4
CAAATGC,4
TTAGACT,4
TAGACTG,4
CAACAAA,4
AACAAAT,4
AATAGAG,4
GATAACT,4
CTTGTCA,4
GGGTATG,4
TATGGGA,4
TTAAGGG,4
GACTCGA,4
AACATGT,4
CTATTGC,4
ATGATCT,4
GATGTTG,4
GTTATTG,4
AAAAGAA,4
AAAGAAA,4
AATGATG,4
ACCCATC,4
ATCGTGA,4
AGTGGTT,4
TATCCCC,4
CAATCTA,4
GTTTAAG,4
TTTAAGT,4
AACAAAG,4
TATTATC,4
TATCGGA,4
CGTAGCT,4
AATCGAA,4
GACGACC,4
ACCTTTT,4
TACTTCA,4
CATGTAA,4
GATTTGT,4
GAGTTTG,4
GGACAAT,4
CGTCAAC,4
GTCAACG,4
TCAACGG,4
AATCTGG,4
GTGTGTA,4
CCGACGA,4
CGAATAA,4
AATAATC,4
GCGACTT,4
CTTGTCG,4
TTGTCGG,4
GTAGCAT,4
CTTATGA,4
TATGATT,4
TAGACAC,4
CAAATGA,4
ATGAACC,4
ACGGTCT,4
CGGCAGT,4
GCTTATC,4
TTATCAG,4
ATCAGAT,4
GTCGACT,4
AAGACGG,4
ATCTCAT,4
AGAATGT,4
AATGTCC,4
GGACATT,4
ATTCGGA,4
CAGTTAC,4
TTACAGG,4
TTGCACC,4
AGCATAG,4
CGATCGC,4
AATTCAG,4
CTTCATG,4
TTCTTAA,4
TCTTAAA,4
AACGACT,4
ACGACTG,4
CAAAACC,4
CGCACAT,4
GCACATA,4
ATTTGCC,4
TTGCCAT,4
AACAAGA,4
TGACTAG,4
TAGTTTG,4
AGTTTGA,4
TTAGCCG,4
TAGCCGT,4
AGAATCC,4
TTGTGGA,4
ATATTTG,4
CTGTTAC,4
TGTTACC,4
GTAGGAT,4
TAGGATG,4
CGAAACG,4
ACTAACC,4
GATGACA,4
ATGACAC,4
TGACACA,4
GACACAA,4
CTTACCG,4
TACCGTC,4
CCGTTGA,4
TGATGCG,4
ATTTCCT,4
AAAGAGT,4
TTCACAA,4
CACAAAC,4
TACTCCT,4
TGGTACA,4
ACAGACA,4
ACACTTT,4
AAAACTT,4
TCAGTAT,4
TATTCGC,4
TAAGGAT,4
TCAATTT,4
GATGGTT,4
TGGTTAA,4
GTTAAGA,4
TTAAGAC,4
CGTCTTG,4
ATCATGC,4
GCTTCAT,4
TATACCC,4
ACCCGTC,4
ATAGAAC,4
GTTTGCT,4
GGTAATG,4
CAACTCG,4
TCGGAAT,4
GAATCCT,4
GAAATCT,4
TATGGCA,4
GTAGAGT,4
GAGTAGA,4
TACCCTC,4
TTATTGA,4
TGCGGTA,4
GTAGCAG,4
CCGATAC,4
GATAGTC,4
ACCTGAT,4
GGTCTAT,4
ACATCAT,4
TAGTCGG,4
GAGAATT,4
GGATACT,4
AGACGGT,4
GACGGTA,4
CTGTTGT,4
GTCTACA,4
TTACCGA,4
CCTTAGA,4
TACCTAA,4
ATAAGCT,4
ACTAAGG,4
CACGGAT,4
TTGTTGG,4
GGTATTG,4
GAGAATG,4
CTGAATC,4
CGGCAAT,4
GGCAATC,4
AGTGATG,4
TGATGTC,4
ATGTCAC,4
TTGTTGA,4
TGTTGAT,4
ACGACCA,4
CAATTGA,4
AATTGAC,4
GACGGTC,4
ATCGTTC,4
TCGACCT,4
GACCTTT,4
ACCTTTG,4
ATGCATA,4
AAAAATC,4
AAATCCT,4
AGTAAAT,4
GTAAATA,4
ATATTTT,4
ATGAATC,4
AGTAAGA,4
GGATCGC,4
ATCCAAG,4
CTTAGGA,4
ACCTGGT,4
ACAAGAC,4
TCATCAG,4
AACCTCT,4
AGTCATC,4
AAAACAG,4
TTTTCGG,4
TTTCGGT,4
TAGCCCG,4
GGTTTCG,4
GACGAAC,4
TTAGACA,4
CCGAATA,4
CAAACTA,4
CTTGAAA,4
TCAACTA,4
TACATTA,4
GTTTAGA,4
ATGGCGA,4
CTTGACT,4
GCTTAAC,4
GTAAGCC,4
CAATGTA,4
ATGTAGG,4
ATGTAGA,4
GTAACTG,4
CTGCAAC,4
AACGACA,4
TGCACCA,4
ACTCTTT,4
AGGAAAT,4
AATGTTT,4
TGATTTA,4
ATGTAAT,4
GGATGAT,4
CATTAGG,4
TGCATTC,4
GCATTCG,4
CCTAAGA,4
ATAGAGA,4
TAAGTGA,4
TGAACTG,4
ACCGATG,4
GACTAAG,4
AACGAGC,4
CCAATAC,4
TTAGATT,4
TAGATTG,4
TAGAATT,4
TCCCTAT,4
CTGTATT,4
CGAACTA,4
TTCATGA,4
GGTGGTA,4
GGTAGTG,4
AAAGTCG,4
TTTGAAC,4
ATCGTAG,4
GTAGCGT,4
CTTTACC,4
CGTCGTT,4
GTCGTTT,4
TAGGCAA,4
GCTACGT,4
GTACTCC,4
TTCGTGA,4
GATTTCA,4
GCTAGGT,4
ATTTCAC,4
GTCAAAT,4
TCAAATT,4
AAATTTG,4
GACATAG,4
CAGGTTT,4
TTTAACC,4
CAACCGT,4
TCCATAT,4
CCATATT,4
AGTTTAG,4
GGGAATA,4
GCGATTT,4
CGATTTC,4
ATTCCTT,4
CACGACA,4
GTGGATT,4
TACCAAT,4
AGCTTTG,4
ACTAGAT,4
CTAGATA,4
TTGTCAG,4
TAGTTGA,4
CCTATCG,4
CTAGTTA,4
GGCAATT,4
AGTTCAG,4
TCTGAGT,4
AGACGAC,4
CTATCCT,4
TATCCTT,4
AAGTGCA,4
TACCTCG,4
CCTCGAT,4
ATGGATA,4
CTAGTGA,4
CTACGTT,4
TTGTTAG,4
GTTGCAT,4
ATTTGGC,4
GAACTAA,4
GTAGGTT,4
CAGGTAC,4
GCCTAAA,4
AATGCGG,4
GTTGGCA,4
GCCATGA,4
CCATGAT,4
GTTGTTC,4
GCGGTAT,4
AGTTCAT,4
ACGGGAT,4
ATGTGCC,4
CTTGCGA,4
TTGCGAG,4
ACAATTG,4
CACGAGA,4
GGTTTTA,4
GTTTTAA,4
TTTTAAA,4
TTTAAAA,4
TATGTGT,4
GAACAAA,4
GTGCTTG,4
GAAGGAT,4
ATGGAAT,4
TGGAATA,4
CGTTATC,4
ACAACGG,4
GTTTGTC,4
CGTCGAA,4
TATGTCC,4
TACATCT,4
TCAAATG,4
CGCTAAA,4
TACACAA,4
TCACTAC,4
GGACATA,4
ACATAGT,4
CATAGTG,4
CGGATTA,4
GGATTAG,4
AATCCAA,4
TAGCTGA,4
TTAAACG,4
AAGTTGA,4
CGCGATA,4
ATCGTCG,4
AGTAACG,4
TCCTAAG,4
ACAAAAA,4
TACTTGG,4
AGCTAAC,4
GGTGTTA,4
TTAGCTT,4
ACAGTAT,4
AGTATCG,4
AATGCGT,4
CCATACT,4
AGGATGA,4
CATGTCC,4
ATCATCC,4
TATCTGC,4
CAAGTTT,4
TGCATTG,4
TCGTAGT,4
CTACAAG,4
CCCCGTA,4
ATAACCA,4
AACCATG,4
ATAGCTC,4
CTCATGA,4
TGAATAA,4
ATAATTG,4
CAGATGT,4
GATGTCG,4
CGCGTAT,4
GTAGCGA,4
CGAACTG,4
AATCCCG,4
TACTTTT,4
TAAACGC,4
TTGTGAT,4
ATCGCGT,4
AGAAGAT,4
AAGATAA,4
TAGCAGA,4
CTAGTGT,4
AGTACGT,4
GTACGTG,4
CATGAGA,4
CAACAAG,4
GGCACAA,4
TCATCTC,4
TCTTTGA,4
TTATCAC,4
TCAGTAC,4
CATGCAG,4
GATACCG,4
AATCATT,4
TTCATGT,4
GAGATTC,4
GCAGGTA,4
GTGATCG,4
GTAAACC,4
AGCTTGT,4
ACATCGG,4
GAACAGT,4
TCCAACG,4
TCGCCGA,4
CTCGTGT,4
CGTGTCA,4
GAGTAGT,4
GAGTACG,4
GTGCGAA,4
GTAGAAC,4
GGGTTAA,4
GTCAGTA,4
GGTAACC,4
GTAGCTA,4
CACGTTG,4
ATCAAGG,4
TTGCAGT,4
ATCGAGA,4
GAGCATT,4
AGCATTT,4
CATTTTG,4
CTTTACG,4
TTACGGA,4
ATTAGCG,4
TTTTCAC,4
TTAGAAG,4
GAACTAT,4
ACCGTTA,4
TTAGGGA,4
CACGAAC,4
AGACATT,4
CGTACAA,4
GTCGGAT,4
TATCCTG,4
AGTATTA,4
TATTATA,4
ATTATAC,4
TATACAT,4
ATACATA,4
ACATAAC,4
AGGATCA,4
GGATCAA,4
GATCAAG,4
CCGGATA,4
CTATTCT,4
ATTCTCT,4
GTCAAAC,4
TATCTCA,4
TAACGTT,4
TTGCCTA,4
GCAATCA,4
ACGCTAC,4
GACCTAT,4
CTGAGTA,4
TTTTACT,4
TTTTGTG,4
AGAAGTG,4
TAAGCGG,4
CGAGTTG,4
GTCGCTA,4
AAAATTC,4
ACACAAA,4
TGGGTAC,4
TTGGCAA,4
AACGTCC,4
CTTACGT,4
CATCATC,4
TACGCCA,4
TCTGATG,4
ATTCGTG,4
CCTCGTA,4
ATGAACA,4
GGTCCAT,4
TTTATTA,4
ATTTATT,4
ATCCTTT,4
AAATTTC,4
GCATTCT,4
ATTCTGC,4
CGTACCA,4
GATGGTA,4
ATGGTAT,4
AGAATCG,4
AATCGGT,4
ATCGGTC,4
TCTATGA,4
TTACACA,4
ACAAAAT,4
GTGTCTT,4
AACGCAA,4
GATACCA,4
ATACCAC,4
TGTTCAG,4
GTATGAG,4
GCGAATA,4
AATACTG,4
ATACTGA,4
ATGGTCA,4
CGATAAG,4
GGATTAT,4
CATCTGA,4
GTAAACT,4
TAAACTA,4
TACAACA,4
GTTAGGT,4
TAGGTAA,4
TGACGAA,4
TTCGTCA,4
CTAAATG,4
TAAATGG,4
AAAGCTA,4
TCCAATA,4
GTATTCA,4
CCATCAA,4
GATCCAA,4
ACGTTAA,4
ATTTGCT,4
TTATAGC,4
TTCGAGA,4
CACCCAT,4
AGAGATT,4
GTTGAGT,4
TTGAGTA,4
TGAGTAG,4
CTCACTA,4
GTACGCC,4
CTCTATC,4
TCTATCA,4
TGGTCGT,4
GCTAAGT,4
CTAAGTC,4
AAAAAAT,4
AAATGCG,4
TGCGATC,4
AGACGTA,4
TCGGTGT,4
TGTTGAG,4
GATTCCA,4
ATTCCAA,4
TCCGGTA,4
TAGAAAA,4
CACCAAA,4
CTGATTT,4
ATTTGTT,4
TTTCTTA,4
TCTTACA,4
TTACAAA,4
AAACTCG,4
ACACTAC,4
TACCACC,4
AGATCTT,4
ATCTTGA,4
AAATTGC,4
GTTCGAG,4
TCGTTCA,4
ATGTCTG,4
GAGCGTA,4
CGTAGTT,4
GATCTTC,4
ACGAGAT,4
AGACTAG,4
ATCCTGT,4
CGGTAAC,4
ACATTTA,4
TAAAGCT,4
ATCAGTA,4
ATCTTAC,4
TCAACAA,4
CCGGTAA,4
CTTGCAT,4
GCATATC,4
ATCTACT,4
ATTGCGT,4
TGCGTTA,4
CTGGTAA,4
GCTGTAT,4
ACACTCG,4
CTACTGA,4
CGTTGTG,4
CGTTCAA,4
GTTCAAG,4
AAGGTTT,4
GGTTTAT,4
TTATTTC,4
TTTGCAC,4
GCTAATT,4
CGGTCAA,4
CAAACGT,4
AACCCGT,4
ATTTCAT,4
AGGCTAA,4
GTCATCA,4
TCATCAC,4
CACGATG,4
CACGAAT,4
GTTATGT,4
ATGGCTA,4
CATCAGA,4
TGTAGTG,4
TGTAACT,4
GTAACTA,4
AACTAAC,4
ACGTTAG,4
AACCCAT,4
ACCCATT,4
TCTTCTT,4
TTTTGGA,4
CATGTTG,4
GCTAAAA,4
ATATCAG,4
GCTACTA,4
CTAATGC,4
CGCATTA,4
GTGGGTT,4
ATTTTCC,4
TCTAGTA,4
AGTAGCT,4
TTTAGCT,4
GATAGCG,4
CTGTGTT,4
TAGAGCA,4
TCTCGGA,4
AACAGGT,4
TATTTCC,4
CGAAAAA,4
GTTTGAC,4
TGTTTGC,4
TGCATGC,4
GTAATAG,4
CGTTGGA,4
TTCGTCC,4
TCCAACA,4
ATGCATT,4
CATTATT,4
ATGAGAT,4
TCCCATA,4
CTTTATG,4
AAGGTAG,4
TCGCAGT,4
CTGGCAT,4
CTGAAAT,4
TTAGAAA,4
AGGTACC,4
TTTGTAA,4
ACCATAA,4
GCTTGTA,4
GCATAAC,4
ATAGCGC,4
AATCTTA,4
AACAGTC,4
TCTCAAA,4
GAACCGA,4
AACAGTA,4
TTCGGAT,4
TCGGATG,4
CAAAACT,4
TATCATT,4
TACCAGA,4
CAGATGA,4
GGGATTA,4
GATTATT,4
TTATTCG,4
GGTTTGT,4
TACACAC,4
CGCGAAT,4
GCAACTT,4
TCATTCT,4
CATTCTT,4
ATGCGTT,4
GACAAAC,4
TAGGTGT,4
CACGTTC,4
CATACTG,4
GGACGTA,4
CCAAGTT,4
CCTCAAT,4
ATGACCG,4
ACGGACG,4
GTCTAGA,4
TCTAGAC,4
AAACAGG,4
CATTTAC,4
GCTTATT,4
TTATTTG,4
TACGATC,4
TGCCGAT,4
GATTGCC,4
ATTGCGA,4
TTGCGAA,4
TGTGGAT,4
TCCAATT,4
AGTCGAA,4
TCGAACA,4
CGAACAA,4
AAGTAGT,4
CACTATG,4
CAAAGTT,4
AGTGTAT,4
GGTACCT,4
TATGACC,4
TGCCTAC,4
TTTTAAT,4
TTTAATG,4
TTAATGC,4
TAAGTGT,4
GTTTGAA,4
CGCCATA,4
TGTTACT,4
ACCAACA,4
AAGAAAT,4
AATTCAA,4
ACCTTTA,4
TAAGCAC,4
TTGGATC,4
CAGATTG,4
ACTATCG,4
GTGTCAT,4
TGTCATG,4
GTAGTGA,4
ATCGGCT,4
TATGGAG,4
GTAACTT,4
TAACTTC,4
CACGGTA,4
GTAGGTC,4
TACTAGC,4
CTTATCG,4
CATTGAA,4
CACACAA,4
AAGATGC,4
TTGGAAT,4
GAATCTT,4
GGTATCA,4
TACTCGT,4
GGCAATA,4
GCGGTAA,4
GCTAAAT,4
AATAACT,4
GTTGTCC,4
GTACACA,4
AAACCGG,4
GTGACAC,4
CTATATT,4
TATTCCC,4
AGTACCC,4
CATTTTT,4
CAGATCG,4
CAAGAAT,4
GCTAATC,4
ATCCGTC,4
ATGACGA,4
ACCACGA,4
AGTAGGA,4
CGGTACA,4
CACTGAT,4
AATAATA,4
ATAATAA,4
TTCTTTG,4
CTGTTAA,4
GAGGGTA,4
GTGTTAC,4
CAGGTTG,4
GGGTACT,4
TGACTTG,4
ACCTAAA,4
CCTAAAA,4
CTAAAAG,4
GAAATCA,4
ATCCCGA,4
CCGTCGT,4
GAGAAAT,4
AGAAATA,4
TGCAAAA,4
GCCTAAT,4
CCTAATG,4
TACGTGA,4
AGCTGAT,4
TCTAACC,4
GAGATCG,4
AAGCCTT,4
GAAACAC,4
AGTTCTA,4
TTTGCGT,4
CTGAATG,4
TTTTACA,4
ACGTACA,4
TTGTCTT,4
TGTCTTT,4
GTTGCAA,4
GACGATC,4
TAAAGAA,4
ATGAAAA,4
GTGTCGA,4
TTGAAAG,4
CTAGTCA,4
AAGCTGT,4
GCTGTAC,4
GATCGGT,4
TTAATCC,4
TGAGTAC,4
AAATCCA,4
GCTACGC,4
TTGTGAG,4
TGCCGTA,4
CTCGAAG,4
AACTGCT,4
GTTACAA,4
GTTGTCG,4
CCCGATC,4
GTTAATC,4
TTAATCT,4
ATTCGCT,4
GATCTGC,4
GAATGTA,4
TAGTTAC,4
TATCTTC,4
ATGCCAT,4
CATTAAT,4
ACGATGG,4
TTACAAG,4
TTCGACA,4
GTGCAAC,4
CGTACTG,4
TAGCTGT,4
TTGCTCG,4
CGTCCGA,4
GCGTACA,4
ACGGCAA,4
GCACAAC,4
GGTAAAG,4
CCACGTA,4
ATTTTCT,4
GTTATCT,4
CTATTTG,4
AGGAGTA,4
TCAAGAC,4
CGCAATT,4
GTGACTA,4
TGACACT,4
ACACTTA,4
CCGATAA,4
TTGGCAT,4
CATCGGT,4
ATCGCTT,4
TAAGCTT,4
ACGAGTC,4
CCTACAC,4
ATTTCGA,4
CCTAACA,4
CCGACTA,4
CTATTAC,4
GTTCGGT,4
AAGAAGA,4
TGTTTCT,4
CGGTTCA,4
GTATCCT,4
GGCACAC,4
TTAAGGA,4
CATATAG,4
ATATAGC,4
TATAGCA,4
CAAGCTA,4
GATCGTG,4
TTATAAT,4
TATAATC,4
GCTTTAT,4
TAGAAAC,4
TTGTGTT,4
CTGAACT,4
GTCCCAT,4
TCGTCTT,4
GCTATTT,4
ACTACGC,4
ACATGTT,4
ACAGAAT,4
TTGTACT,4
TGTACTG,4
GTACTGG,4
ACGAGCT,4
ACGTACT,4
CAAACAG,4
AACAGTT,4
TATTGTC,4
CTCGTGA,4
CTGTATG,4
CACATGG,4
TAGTCTG,4
CTGAATT,4
ACGCCTA,4
ATCTTCA,4
TATCCTA,4
TCACAAC,4
TTCGAGC,4
GAGAATC,4
CACGACT,4
CGCTTGT,4
GTATGGC,4
TTAAGTT,4
AAGTTTC,4
TTCCTAT,4
TCCTATC,4
ACATAGG,4
TTCGGTT,4
TGCAATT,4
TGCATCT,4
CATGTTT,4
CGCATTT,4
ATAAACC,4
AAGACAA,4
ATGTGGT,4
CATTATG,4
AACTGGA,4
TCGAGCA,4
TTAGCAT,4
TCTAATT,4
CGTAGAT,4
TGGGTAT,4
AACAACC,4
CGGGTAC,4
CGGTTGA,4
GGGGTAA,4
GTCATAT,4
CAAATAA,4
TGCAACT,4
ATGTGCG,4
AAGACTT,4
GCTTACA,4
CATTCAA,4
CACCTAT,4
GAAGTAC,4
TACACAG,4
TGGCAAG,4
TAGACGG,4
TAGGACA,4
TCTCATG,4
GAAATCG,4
ACACGAC,4
CGTTAGC,4
TGTACGT,4
TGCGATG,4
AATAAAA,4
ATAAAAG,4
CTACCTT,4
CACTAAC,4
ACGACAC,4
ACTCTTA,4
GGAATTT,4
TACTCGG,4
GTCGTTC,4
CAGTAAA,4
TAATGTG,4
ATTGTGC,4
GTGCGGT,4
CAAAAGG,4
ACGGAAT,4
CGGAATT,4
TTCTGAC,4
GTAACCA,4
AACGACC,4
TGAGACA,4
TGCTTCG,4
GATCTAA,4
GAGCAAT,4
GTTTCAA,4
ACTTCGT,4
TCGGATT,4
AACCTTT,4
GGTAAAC,4
CGATGTG,4
CCAAATA,4
ACGACGC,4
GCGTATC,4
GAAAAAT,4
CTGAACG,4
TACTTTG,4
TTAGTCT,4
TAGATGG,4
GACTCAA,4
CGCATCG,4
TTCGCAT,4
TCGACCG,4
CGCTAAC,4
CAATTAG,4
ATGTAAA,4
TCACGAC,4
GATCGTC,4
GTATTGT,4
GGATCGT,4
GGGAGTA,4
TATCGCC,4
ACACCAC,4
GTTGTTA,4
GCGTTAC,4
CGTAGCA,4
GCGCTAT,4
TACATCC,4
TTTAACG,4
AGAGCAT,4
TGAAATC,4
AAATCGG,4
CATCGAG,4
GTCGTAC,4
AGCACAT,4
CAACTAG,4
TACAAGT,4
TACGATG,4
ACATCCA,4
TTGTCGA,4
AAGCTTA,3
ACCGACC,3
TTAGAGC,3
TACGGGC,3
ATTATCC,3
CAGTTCA,3
GTCTATT,3
AGTACTT,3
GACGTTT,3
ACGTTTA,3
ATTGAGG,3
ATCCACT,3
ACTTGTA,3
TTGTAAA,3
TAAACGA,3
GTTCGTT,3
CAGATAA,3
ACTTAGC,3
AACTCTA,3
TTCAAAA,3
GAGAATA,3
ACGAACC,3
ACATCAA,3
CATCAAC,3
CACTTAT,3
CTTATGC,3
CGTCTAG,3
TTAAAGA,3
TTACAGT,3
ACAGTGT,3
GCACTAA,3
AACCGAT,3
GTTGCAG,3
TAGAGGT,3
TTCACTT,3
TATGCTG,3
TATAGTC,3
TGTTTGA,3
GCAACAA,3
AAATAGA,3
CGAGATA,3
TGAGGAT,3
TATTGCC,3
AGTTTGT,3
CTATGAT,3
GTTAATG,3
TAATGAT,3
CCATCGT,3
AATCTAA,3
ATCTAAG,3
AAGTTTA,3
AGTTTAA,3
ACTAACA,3
CAACGTA,3
ATGTAAG,3
ATTTGTG,3
AATCTTT,3
ATTGAGC,3
CAGATTA,3
ATGATAG,3
TGTGTAA,3
GACGAAT,3
CAACTTA,3
AACTTAT,3
TTATGAT,3
TGCCAAC,3
TAACGGG,3
GACATGC,3
TGAACCA,3
GAACAAT,3
ACAACAG,3
CTCATAA,3
AATAATG,3
ATGCATC,3
GCTGATA,3
GATTAAT,3
ATTAATA,3
AATCTGT,3
ACTCTGT,3
TTTCTAA,3
ATTCGTT,3
GTAATTC,3
TAATTCA,3
GTTCGAC,3
CGAACGA,3
ACAGTAC,3
CAGTACA,3
ACAAAAC,3
GTTGAAA,3
TGAAAAA,3
CAACGCA,3
AACGCAT,3
ACATACC,3
TGAACAA,3
ACCTGTA,3
ACACTAA,3
CACTAAA,3
ACTAAAT,3
TTACCCG,3
CGACTAA,3
TAACCAA,3
AGCTAAT,3
CGGCTTA,3
ACAGTCT,3
AGATTTC,3
ATTCACA,3
TGAAATG,3
TTGCGTA,3
TCAAATA,3
AATAGCC,3
ATAGCCG,3
ACCTACG,3
ATGTGAC,3
GTTATGC,3
CCGCGTA,3
CAAAAAT,3
AACCTTC,3
CCGGTTT,3
TTGTGAA,3
GCACTTT,3
GTAATGT,3
AGCGATA,3
ATAGACC,3
GGGATCG,3
CTTTATA,3
TGTGCGA,3
CGAAATC,3
GTAAGGT,3
GTGGTTA,3
TACGGGT,3
TGGAGTA,3
AACTTTA,3
ACTTTAT,3
CGATACG,3
GATACGT,3
ATACGTC,3
CTGATGA,3
ATGCGTC,3
TGTGTAG,3
ATGGGAT,3
GTAAATT,3
TAAATTG,3
GTCGACA,3
TCGACAA,3
CAACACA,3
ACGGTAC,3
CGTTAGA,3
TAGCCAG,3
TGCGCTA,3
GCTAGCC,3
ACATTGT,3
TCTACCG,3
CTACGGT,3
ATGGCAC,3
TACCAGC,3
CAGTGAT,3
GTGATGT,3
ACCAATT,3
ATGAACT,3
TTGAGTT,3
TGAGTTA,3
AGTTAAG,3
GTTAAGC,3
AAATGCA,3
TGCATAA,3
CATAAAA,3
CTTTAGT,3
TACTTTC,3
CTCATCA,3
GTAACCT,3
AAGTCAT,3
GTCATCT,3
TTCGGTC,3
CCGAGTT,3
GACAACT,3
AACTTTG,3
TTGAAAC,3
AAACCTG,3
CATTACT,3
TTACTCA,3
TGCGTTG,3
TTGAATG,3
GGCTATA,3
GACTGAA,3
TTAACCA,3
AGGAATA,3
GATTAAA,3
TTTCAGA,3
GTTCAGT,3
AATATGG,3
GCTGTTA,3
TTACGTA,3
TACGTAA,3
GTGATTT,3
TTTACAT,3
TTACATG,3
ACATGTA,3
TGTAATG,3
TCGATTC,3
ATTAGGC,3
CATTTCT,3
ATAGCGA,3
CTTGCAC,3
ACGACTT,3
TAGCTTG,3
AACTGTA,3
TGTACCG,3
GTACCGA,3
CACCGAT,3
CTAGAAT,3
ACCGGAT,3
TATTGAT,3
ATTGATT,3
AGTTTCA,3
TCATGAT,3
AAGTCGA,3
GGAAATA,3
AATCGTA,3
CGCTACG,3
CTAACCG,3
TAACCGT,3
ACCGTCG,3
TTACCTT,3
GGTTCGT,3
TTCAAGT,3
TTTCACG,3
TATCCGG,3
CGGCTAT,3
CAAATTT,3
GCGACAT,3
TGCGACC,3
ACCAGTA,3
AGTAAGT,3
GTAAGTG,3
ATTTTTG,3
TAGTTTA,3
GAATAAG,3
AAAAGCA,3
AAAAGGT,3
CGGTGTC,3
TTTTATA,3
TTATATG,3
CACATGA,3
ACATGAA,3
GTGTAAG,3
GTGTACC,3
TGCCGAC,3
TGTAGCA,3
ATAGGCA,3
CCAGTAC,3
TACGCAC,3
ATAGCTA,3
CTTCACA,3
TTCACAG,3
AGTAGTT,3
CGACGAT,3
GCGATAC,3
AAACATT,3
AACATTC,3
CATGGAT,3
ATAGCTT,3
TAGTTGC,3
TACAAAC,3
AAGGTAT,3
AGGTATG,3
GCGTGAT,3
GATTTGG,3
AGTAGGT,3
TAGGTTT,3
TGCAAGA,3
ACAGTTG,3
AGGCCAT,3
ATGATCA,3
TACGTTT,3
ACGTTTG,3
GTTTCTA,3
ATCACCT,3
CGACACG,3
TCGCAAC,3
TCGTGTC,3
ATGCACT,3
CCGTAAG,3
ATTGTTC,3
TGTTCTT,3
GCTAGTA,3
ACAAACT,3
ACTTTTG,3
TTAAAAG,3
AAAAGTT,3
GATCTTA,3
TGTATTT,3
GTATTTC,3
ACAAATG,3
AAGGATG,3
AAAATAT,3
ATCGACT,3
TTGTCCT,3
CCTATGT,3
CTATGTC,3
GTAAAAC,3
TAAAACC,3
ATCAAAT,3
CTACACA,3
GAATAAC,3
ATAACCG,3
ACCATCG,3
CGGACAT,3
TTACACT,3
ATCCGAA,3
TTATAGG,3
GTCCTAA,3
GGATACA,3
CGATACT,3
ATACTGT,3
TACTGTC,3
GCTGTTT,3
GTTAGCT,3
TGATCAT,3
ATGTCCC,3
TAAATAC,3
ACCTGTT,3
CATCCTA,3
GTACCTT,3
TCATACA,3
CGTAACA,3
GTAACAC,3
TAACACT,3
ACCATAG,3
ATGAATA,3
AGATGTC,3
CGTATTG,3
GACAATG,3
TCAGTTT,3
CGTTCGA,3
TTTAGAT,3
GTGATCA,3
TGATCAG,3
AAACTAT,3
CAAGCGA,3
CGCTAGT,3
AAATGTT,3
ATGTTCA,3
ATGCGTA,3
ATGGTTC,3
TTCATGG,3
CGACTTT,3
GTCAATA,3
TCAATAC,3
ATACTCT,3
TACTCTT,3
TGAACGC,3
TTGGTAC,3
TATCACA,3
AATGCTA,3
TGGTATC,3
GTTGGTA,3
TTGGTAA,3
TGGTAAG,3
TAATCTC,3
TCGAGAT,3
AAACAAT,3
TGATCGC,3
CTATCTA,3
ATCTACG,3
CACATCG,3
GAGAGTA,3
AAAGTGC,3
GGTTAAA,3
TGAAACG,3
CAACTTG,3
ATCACTG,3
GGATTGC,3
GAAAATC,3
AATCGAG,3
AGGTTGT,3
GTTGTCT,3
CTTTTGA,3
AACGAGT,3
GTCTTGT,3
ACCTAGC,3
TGGGTTA,3
TTTTAGC,3
CGCGTAA,3
AACCATC,3
GTGATAG,3
ACAGAAC,3
ATACCGC,3
TGCTAGC,3
ATCAAGC,3
GATAGTA,3
ATAGTAC,3
TAGTACT,3
TGTCAAC,3
GTCAACC,3
AGGATAA,3
TCAAACA,3
ACACTGT,3
ATCTCAG,3
TTTGAGA,3
GTTTCGA,3
AGACCTA,3
ACCTATC,3
TACGCGT,3
AGTCAAC,3
GATAGCC,3
TTGTGCG,3
GTAAGCG,3
ACAAGAA,3
ATACAGA,3
CGCTATC,3
ATACACA,3
TCCTAAA,3
GTGCTAA,3
TAACCCG,3
ATCATCG,3
GGACGAT,3
TCGTACC,3
GAACTTT,3
CGTTTGA,3
GTTTGAT,3
TTTGATC,3
GAAAATA,3
AATATTC,3
ATATTCG,3
CGTTTAT,3
TATTATT,3
AAAATTT,3
AATTTCC,3
GCAATCT,3
ATCTTTT,3
TCCATAC,3
GCAGAAT,3
CAGAATC,3
TGTATGG,3
TTGGAAC,3
CACTTAC,3
TGTCTTG,3
TCACTTA,3
CACTTAA,3
ACTTAAC,3
AGTAGAT,3
GTGTTCA,3
CCCGTAT,3
CCGTATG,3
ACACCTT,3
TACTGAG,3
ATTATCA,3
GAATCAA,3
GATTATA,3
AGAAAAG,3
CTCGACA,3
TCGACAG,3
ATCTGAC,3
GTACAAC,3
CGCTATG,3
TAAGATG,3
CAGGTAT,3
TTATTAG,3
TTTTGGT,3
AATAAGT,3
TATTCAG,3
TGACTAT,3
CTATTAA,3
TATTAAT,3
TAATGGT,3
TTTAAGG,3
GATTTAA,3
CTCGTTA,3
GACGTGT,3
CAACGAA,3
ACGAACA,3
ACACAAT,3
GGATGTA,3
GATGTAA,3
TCCTTAA,3
GATTGAA,3
ACTCGAG,3
ACTGATG,3
AGTCAAG,3
ACCAAAG,3
ATTGCTG,3
CCATGAA,3
TGGTCAT,3
AGAGAAT,3
GTCATAG,3
ACGGTCG,3
GTTCAAA,3
ATCTTCG,3
TCTTTTT,3
CTACATA,3
GATTCTT,3
GGTACAT,3
TCAATTG,3
AATTGGT,3
AACAAGG,3
GCATTTG,3
TTGGAAA,3
CATATCT,3
TGGTAAC,3
ATGCGAC,3
CTGTATA,3
AGATTCT,3
TACTGAT,3
GTTGTGC,3
GGGATAT,3
GCATGAT,3
CATGATG,3
GTCAACA,3
TACTGGC,3
AGGGTAT,3
GACACGA,3
ACGAATG,3
ATGTGCT,3
GGATTCT,3
GATTCTA,3
ATTCTGT,3
TCCAGAT,3
CAGTTGT,3
TTAGAGA,3
TTAGTTA,3
AGACCAT,3
CCATGTT,3
ATGTTGG,3
GCACTTA,3
TACCTAC,3
AAACCGT,3
AGCATAT,3
CATATCA,3
CTCTAGT,3
ACTAATG,3
GCATTAC,3
CATTACG,3
TATTCTG,3
TACTCAC,3
AACTGGT,3
AAATGAT,3
TTCAATT,3
CAATTTA,3
TGCAATA,3
GCAATAC,3
TGTTGGT,3
TACTGTG,3
AGACAAA,3
TAGAACA,3
AACTACT,3
TTTATCT,3
ATGAAGA,3
AGACGAT,3
GACGATT,3
CGTGTTT,3
TGTAATA,3
ATGGAAC,3
CATCAAG,3
TGATGCA,3
ATTTATG,3
TCTTTAT,3
TTATGGA,3
AAAGTGT,3
CTGTATC,3
GTATCTT,3
GATCTAG,3
ATAAAGC,3
GAGACAT,3
TGAACGT,3
AACGGCA,3
TTAGTTG,3
CCAGTAT,3
CAGTATG,3
TTTTGTA,3
AACCTAG,3
GACTCAT,3
CTTATAG,3
CACAAAT,3
ACAAATC,3
AAGATTC,3
GCATACC,3
ATACCTG,3
CTATGTG,3
ATTATTC,3
CTATGTT,3
TATGTTA,3
TGTTAAT,3
GTTAATA,3
TTAATAA,3
ACATCCT,3
TCACGTT,3
TGGTTTT,3
TGACCGT,3
TCTAAAA,3
AAACTCT,3
AGAAACA,3
AAACCGC,3
GGTAACT,3
AGCGACT,3
CGTGAAA,3
TCATTTA,3
CTTATTT,3
AACCACC,3
TTGAGAC,3
CACACAT,3
TTACGAT,3
CGATTGC,3
TAGGTTA,3
AAGTCAA,3
TCATCCG,3
TCGTGAA,3
AAAGTTC,3
TATTTCG,3
GTAGGTA,3
GCTATGA,3
GAACGAT,3
AACGATT,3
ACAACCG,3
TCATCTT,3
TTTGGAT,3
AGACTAT,3
GACTATG,3
ATGAGTT,3
TTCGCAC,3
ACTTACC,3
GAACCTA,3
GACTACT,3
TACTAGA,3
GTTGATA,3
TTGATAG,3
TACGACA,3
TCGAAAG,3
TTAAGCA,3
ACAGGTT,3
TATCGTT,3
GAATCAC,3
TGATTGC,3
TGGCAAT,3
TAATGGC,3
ACGGTAG,3
ACGTAGG,3
GGTCGTC,3
CCTATCT,3
ATTACTA,3
ATGACCA,3
GTATCAG,3
TACACTG,3
AAATAAC,3
TGTGTGA,3
ATGATAA,3
TGATAAA,3
GATCACT,3
GTAACAA,3
AACGCCA,3
TATTACA,3
ATATTCC,3
ATTTTTT,3
CGACGGT,3
CTATAGG,3
TACAGAA,3
TTTCGCA,3
AACCATT,3
ACCATTT,3
CATAGAC,3
ACAATGC,3
AGATTGC,3
GTTATGA,3
TTATGAC,3
TCAGGTT,3
TAGATCC,3
TCATAAC,3
GTCGTAA,3
TAAGACG,3
TGTGTCA,3
TGTTCGG,3
AGTGGTA,3
TAGTGCT,3
ATGTATC,3
TGTATCG,3
TATCGAG,3
TTGCAAA,3
AAGTATC,3
ATGCAAT,3
GCCGTAT,3
CCGTATA,3
TATAGGA,3
ATTAGAA,3
CTACGTG,3
CAAGATA,3
TCAAACT,3
GCGTTTT,3
ATCGGTG,3
TATGCGG,3
CGGATCG,3
TTACCTC,3
TTGCAAC,3
GAATATA,3
AATATAG,3
ATATAGG,3
ACGTAAT,3
CGCATAA,3
ATAAAGA,3
TGTCGAC,3
GAACTTA,3
AACTTAG,3
AGTACCT,3
AGCAATT,3
CAATTCA,3
GGCTATC,3
GCTATCT,3
CTATCTG,3
CGCATGA,3
TCAAGTT,3
CGACATC,3
TTTTCTA,3
TTTCTAC,3
TGATAGA,3
GTGTTAT,3
TGTTATG,3
CGTTACA,3
AACAATT,3
TGTTGTC,3
GGTATGC,3
ATGGGTA,3
ACCCGAT,3
AAATTCG,3
AGATAGG,3
TAGGAAT,3
TGCTATT,3
AGCTACA,3
TTAATAG,3
GTAGATC,3
GACTAAT,3
CTAATCG,3
TAATCGT,3
TACAAGG,3
ACCACGT,3
ACCGTAG,3
GATCGCT,3
TCTCGTA,3
CTAGCTA,3
AATTGTC,3
GTACATG,3
ATAGTGC,3
AGCCGAT,3
ACGCGAT,3
CTGATCA,3
ACAAGTT,3
CAAGTTA,3
TATTTGT,3
AGCTTAA,3
CAAAATC,3
AATCATG,3
TAAATGA,3
AAATGAC,3
GTGCGAC,3
TACGGTG,3
ATCGGTT,3
AGAGTTA,3
AATAAGC,3
CTTAAAC,3
AGTCAAT,3
TCAATTC,3
CAATTCG,3
AATTCGT,3
CATTTCG,3
GACATAC,3
ATACGAC,3
ACATAAA,3
TAAAAAG,3
ATATGAG,3
ACTGTGT,3
TTGCCAA,3
CGGTAGT,3
CAACGGA,3
AGCATCT,3
GAATTCA,3
TTCAACG,3
AACGGTT,3
TACCGTG,3
TTGATTA,3
TTTTGTT,3
TTATTAA,3
GACTTAT,3
TTGATCC,3
TATCCTC,3
ATAAGCG,3
GTCTTAA,3
CTTAAAT,3
TTAAATC,3
TTTATGT,3
TTATGTA,3
TCAGCTA,3
CAGCTAT,3
GCTATTA,3
TGGATTT,3
ATAGGTC,3
ACATTAA,3
CATTAAG,3
TGTGTTC,3
AATTAGC,3
GCAATAG,3
CAACTGG,3
TCTGAAC,3
GATGTTT,3
GTTCATC,3
TTCATCG,3
CATCGAA,3
GACATGT,3
AATCCAC,3
TTCATCA,3
AGCGTAC,3
CGTACTT,3
TGTTTTA,3
CATATCC,3
GTACTGT,3
GTACAGT,3
CACTAAT,3
CCCTATA,3
CCTAAGT,3
AGGACTT,3
TGTCACA,3
GTAATGA,3
TTCAACT,3
ACAGTTT,3
GCGAGTA,3
CGAGTAT,3
AGTATCT,3
CGTATCC,3
CTAAGAT,3
TTAGGAT,3
ATCGGCA,3
CGGCACA,3
CGGATCA,3
TCTTAAC,3
CTTAACT,3
CGTCGAC,3
TCACTAA,3
GCATTAG,3
GGTGATA,3
GTGCCAT,3
GGGTTCA,3
GGTTCAT,3
TAAGTTT,3
AGCCTAA,3
TAAGAAT,3
TTGCTCA,3
TCTTAAG,3
ACCACAT,3
TTTAGAG,3
CTTGTTA,3
TTGTTAA,3
TTCTTTA,3
GGGATGC,3
ATAGTCG,3
TTGCCGT,3
GATAAAC,3
AAGATCC,3
AGCTCTA,3
CATCCGT,3
GCTAATA,3
CTAATAG,3
TTTTCGT,3
ATCTTTA,3
ATTCTAT,3
AGTAATG,3
AAGCATT,3
CGCTACA,3
TACAGTA,3
CGTGTTA,3
ATCGATT,3
TACTTCT,3
TTAACTC,3
CCTATTC,3
GTCTAAT,3
AAGACGA,3
TATGCTT,3
TTTGTCA,3
ACACGGT,3
AACCGTA,3
TAGACGT,3
CTGTACG,3
AAACGTC,3
AACGTCT,3
ATTCTTT,3
ATTCAAT,3
GCACAAA,3
GCATAGT,3
ATAGTTA,3
TCATATG,3
TTCATCT,3
CTCGATT,3
GTGTAAT,3
ATTGTCA,3
TTGTCAT,3
TGAAACA,3
AGGATAC,3
CTACGAG,3
CCTTACG,3
TGCGAGT,3
GAATGAT,3
TCCTAAT,3
TACAGGT,3
CGTAATT,3
CGAGACA,3
TCTCATC,3
AGGAGAT,3
AGATACA,3
CGACACA,3
AAAACCT,3
AGGTACT,3
TCGTTCG,3
CTCAATG,3
TCTAATG,3
TCTTTGT,3
TTTGTAC,3
TGTACGA,3
GAACGTT,3
AAACGTA,3
AACGTAG,3
GGTAGAT,3
GTAGATG,3
ATCACTC,3
TCTAACT,3
TAACTCG,3
AAATGCC,3
GAGTGTA,3
GTGTATC,3
CGATCAA,3
GATCAAC,3
CAATGCA,3
TGTCGCA,3
TCGCATG,3
CGTTTCA,3
TAAAGCA,3
ACCGTCT,3
AAGTAAC,3
ATGCCTA,3
TTTTGAA,3
CTATTTT,3
ATTTTTA,3
GACATTT,3
GTGATGA,3
TATGACT,3
TTTAAAT,3
GGTCGTT,3
GTTCTGT,3
CGTACAG,3
ACCTATT,3
TTCCATG,3
CGTCCTA,3
ATCGTCT,3
ACTCGAA,3
AGGTAAA,3
CGATAAT,3
GGTACTT,3
GTACTTT,3
TGCACAA,3
ATTTTTC,3
ATCAACT,3
CTACGCA,3
TACGCAT,3
ACGCATC,3
GTAAAGC,3
GCAGTTT,3
ACCGCTA,3
CGTTTGC,3
TAGGACT,3
TATTTGC,3
CATATGA,3
GGCATGT,3
TTCTTGT,3
CCGAATT,3
TAAACAC,3
TTGAAGT,3
TATGTAA,3
TTAGTGG,3
TTTTATG,3
TTACACG,3
AGTTTGC,3
CCCAATT,3
CCTATAG,3
AGTTCTT,3
CTTAACA,3
TAACAGT,3
GAATTCG,3
GCAAATT,3
TCATAAG,3
TTTCCAA,3
GTCTACT,3
AAGTTGT,3
TTGTACG,3
AACTGAA,3
CCGTTGT,3
TGCGACA,3
CGTACAC,3
TGACTAC,3
ATGCATG,3
CTAGTTG,3
GGCGTAT,3
TGGATCT,3
TGTATGA,3
ATGCCTT,3
AAATCTT,3
TTTTTCA,3
TTGAACT,3
ACCTATG,3
GAGTACT,3
TATAACT,3
AGATCAT,3
GTACACG,3
CCGTTTG,3
CGTACGT,3
GTACGTA,3
TACGTAC,3
TACTGAC,3
AAGATGT,3
TTGTTAC,3
TTACCGG,3
ATGCCAA,3
ATAACTA,3
TTGTTTG,3
TGTGTTT,3
ACGCGTA,3
TCGAAAT,3
GCGATTA,3
CCTAATT,3
AAGCAAA,3
CGAGTAC,3
CTTATAC,3
AATTGAA,3
CTCTAAT,3
CTATGCA,3
TAGCCTT,3
AAAATCT,3
GTCAGAT,3
CTGTTAG,3
GAAATAA,3
TTTCATC,3
CCTTAGT,3
CGTCTAA,3
GTCTAAC,3
TAATCTG,3
TCTATGC,3
CTACACT,3
TACGACT,3
TACACGT,3
CAAACCT,3
TTAGACG,3
TAGCAGG,3
CGGTACG,3
TCGTTTA,3
TTTACAA,3
TACGTCC,3
GGTTTAA,3
GTTTAAC,3
CGTCATA,3
ATCAGTC,3
AAAGTTT,3
AACGAAG,3
TGAGATT,3
CCGTTTA,2
GTTTAGC,2
CATTATC,2
GTTCACT,2
TCATACC,2
TACTTAA,2
ACTTAAT,2
GCGTACC,2
CTGTACA,2
TGTACAG,2
GCCCGTA,2
CGAGAAT,2
GAATAGT,2
AAACGAA,2
CTAAGTT,2
TTTAACA,2
TTAACAT,2
AACATCA,2
ATAGCAC,2
TAGCACT,2
ATAACGA,2
TAACGAG,2
ACCGATT,2
TCTTATT,2
TAGACGA,2
CTAGCAG,2
CCTGATA,2
GATATGC,2
TCTGTTT,2
AGATAAC,2
ATAACTT,2
GGATTGA,2
ACTCGAC,2
CGACTAT,2
TATGATC,2
ATGTTGT,2
GTCCGTT,2
TTAATGA,2
TTAAGTC,2
CTAACAA,2
TAACAAA,2
AACGTAT,2
ACGTATT,2
CGTATTA,2
ATTATCG,2
AGTGTAC,2
GTGTACT,2
GTACTCT,2
CGACGAC,2
AGATTAT,2
ACGAATA,2
TGTCGGT,2
TTACCCT,2
GGGACAT,2
ACATGCA,2
AAGAACA,2
CTTATCA,2
CACGATT,2
AAAGACG,2
TAAATAA,2
TAATGCA,2
ACATTCG,2
ACGAGTA,2
CTGATAC,2
TGATACC,2
CATAGAA,2
GACATCG,2
TGTTGTA,2
TGTAATT,2
AGTACAA,2
GTACAAA,2
TACAAAA,2
CACATAC,2
AGTGAAC,2
GTGAACA,2
TTGACTA,2
GACTAGT,2
ATAGAAT,2
ATCCGGT,2
GTGAAAT,2
TCACCAT,2
AACACTT,2
TTTTAAC,2
TTAACTG,2
CAGTATT,2
GTATTCG,2
AAGGATA,2
CTCAATT,2
TGCATGT,2
ATGGTTA,2
TAAGACT,2
TTATGCA,2
TCTATCT,2
CTATATA,2
TATATAC,2
CTTGAAC,2
CGGTTTG,2
TGTGAAG,2
AAGTGTT,2
GGGTAAT,2
TAATGTA,2
AATAGAC,2
ACCAGAT,2
TTATAGT,2
GCGAAAT,2
CGACCGT,2
AGATTCG,2
ATTCGCG,2
ATCCCGT,2
ATAGTCT,2
TGATGAC,2
GATACTT,2
ATACTTG,2
CGCAAAC,2
CGGTCGA,2
GTATGGT,2
CATTGTC,2
GCTATTC,2
TATTCCG,2
TAGGTAT,2
GCAATCC,2
TGACGGT,2
GTGAATC,2
GAATCGT,2
AATCGTT,2
TGGTTAT,2
TATTGAG,2
GGCAAAT,2
TAAAAAT,2
TATTTTG,2
TTTTGCA,2
TAGTAAG,2
ATAGGAT,2
TGTATCC,2
TGTAACC,2
CGAGTTA,2
ACATTAG,2
ATTAGAC,2
ACCGAAT,2
GAATACC,2
ATACCAG,2
TCTTTAC,2
CTTTACA,2
GTTGAAT,2
TGCCGTC,2
AGACAGT,2
GCTATAA,2
CTATAAG,2
GGAATAG,2
GAATAGA,2
ATTAAAG,2
GGATCGA,2
ATCGAAC,2
TCGAACG,2
TTCAGTT,2
CAATATG,2
ATATGGC,2
TGTTACG,2
TAACTGC,2
TGTGAAT,2
CGATCTA,2
GATCTAC,2
ATTAACA,2
GATGTGT,2
GTAATGC,2
AAAAGAC,2
TACTTGA,2
CATCTCA,2
AAACTAA,2
TACCGAT,2
ATACCGA,2
AGAATTG,2
ATTGCAA,2
TTGCAAT,2
AAACTCA,2
TTTCATG,2
ATGATCC,2
GTAGTGT,2
TAGTGTT,2
CACATCA,2
ACATCAG,2
CATGTCA,2
TTACCGC,2
ACAACGA,2
GTCCGTA,2
CGTACTC,2
TGAAGAT,2
GAGATTT,2
CTATCCG,2
TAGTCAT,2
CGACATA,2
AGGTTTT,2
GGTTTTG,2
TCTATTC,2
CATATTT,2
TGTAGAC,2
GTAGACT,2
GTGGTAC,2
GTACCAA,2
AATGAGT,2
ATGAGTG,2
TGGATTC,2
AAAGCAT,2
TATCGCA,2
AGTACGC,2
TTGACTT,2
TAGCTAT,2
GACGATG,2
ATCCTTA,2
GTGCGAT,2
TGCGATA,2
ATACCCA,2
CTCGATC,2
TCGATCA,2
AAGATAG,2
ATGCTTT,2
GGTACGA,2
CTAAGAC,2
AAATCCG,2
TCTTATG,2
TCTTGAA,2
TTGAACC,2
GGTATAA,2
TACCAGT,2
AATGCAC,2
CGTAAGT,2
CCGTAAA,2
TTGCGTG,2
TCTACAA,2
ATCTTAG,2
CATATGT,2
ATATGTG,2
ATGTGTA,2
ATGCGGT,2
AAAAATA,2
ATATGGA,2
CACGTTA,2
CCTACGT,2
GTGTACA,2
GTACATC,2
GGTAAAA,2
ACCACTA,2
CTAAACG,2
AATAACC,2
TTCACTA,2
ATTACAC,2
TACACTC,2
GTGCTAC,2
ATAGCTG,2
GTTATAG,2
TTTAAAC,2
AAACGTT,2
ACGTTAT,2
CGATAGA,2
TATCGAA,2
ATCATGT,2
AAATACT,2
TATCATC,2
TCTGATC,2
CCATTTA,2
CATTTAG,2
ATTTAGG,2
TTTAGGC,2
TCCTTAT,2
ATCTACA,2
GGTTATC,2
CACCGTA,2
TAACCAT,2
CACCATA,2
AATTGAG,2
GCGTATT,2
TAGCGAA,2
ATAAACG,2
CATGTAC,2
ATGTACC,2
TACGTGG,2
TCCATGA,2
GCACAAT,2
CTTAAAA,2
TTAAAAT,2
TAAAATG,2
AATGTTC,2
AGCTCGT,2
TCACATC,2
CGAAATA,2
TTGGGAT,2
CAATACT,2
TTTATCA,2
CGTGGTA,2
GTGGTAT,2
CAGATAC,2
AGATACC,2
CAATAAT,2
ATCGCAC,2
CAACTAT,2
TAGTGGA,2
AGTGCGA,2
GTTAAAA,2
TTAAAAC,2
ATTCACC,2
TGCAACA,2
AACAACT,2
CTTCATA,2
ATACTCG,2
GATTGCA,2
ATCTGGA,2
CCTATTA,2
TATTAGC,2
TTGACGA,2
GACTTGA,2
TCACGAA,2
TGATCCG,2
GATCCGT,2
CGTGATA,2
ATAACTG,2
TATTCTC,2
TCGTCAA,2
AACGTTG,2
TTTCGAT,2
TCGATAC,2
AACGCTA,2
GTACCGT,2
ACTTGAA,2
TTGAAGA,2
CCTAATC,2
ACAACCT,2
TCACAAG,2
GGCATAC,2
CAAAATT,2
AAATTCA,2
AATCAAT,2
ATCAATA,2
TCAATAT,2
GTACACT,2
ATCTCTT,2
GGATGTC,2
ACGTAAG,2
GACGATA,2
ACGATAC,2
GATACGC,2
ATACGCC,2
CGAAAGT,2
CATTCGT,2
CATACCT,2
CTCGTAC,2
TTGATCA,2
TATTCGA,2
ATTCGAT,2
TTCGATC,2
TCGATCT,2
CGATCTC,2
CATGACT,2
TTATTAT,2
TGAAAAT,2
GAAAATT,2
GTATAAG,2
TTGTATG,2
TCTCTAT,2
ACCGACA,2
CAAAATA,2
AATAGCT,2
TTTGGAC,2
CACAGTT,2
TTGCACT,2
CTTAACG,2
TAACGCA,2
CGTATGA,2
TACACCT,2
ATGGGTT,2
TCAAAAT,2
AATTATC,2
ATTATAA,2
ACAGTCG,2
ATAAGAT,2
AGGTATA,2
ATTATTA,2
ATAAGTA,2
TAAGTAT,2
AAGTATT,2
ACTATTA,2
ACGGTTG,2
ATTTAAG,2
GAAATTT,2
TATAGCC,2
ATAGCCT,2
TGTAAGA,2
CACTACT,2
CCTCTAT,2
ATGCGAT,2
AACCCTT,2
CTTACAA,2
GGATCAT,2
ATCATGA,2
CATGAAA,2
TGAGTTT,2
TCTTGAC,2
ATTCGGT,2
GGTCATC,2
AAGTGGT,2
ATTACAG,2
TGTAAAG,2
TACATAG,2
GCTGGTA,2
GTACGGT,2
ACGGTAA,2
ATTTAAA,2
CTTTGAT,2
AGACCGT,2
GACCGTC,2
ACCGTCA,2
ATATCTA,2
TACTTTA,2
ACTTTAA,2
TCAATGA,2
CGTTAAG,2
ATAGACG,2
GATTCTC,2
CATGCGA,2
AGATTCA,2
TTTATTT,2
ATCTCGT,2
CTGATAA,2
TGATAAG,2
GGTATTC,2
CGATGTC,2
CGAATGT,2
ATTCTCG,2
ATTCTAA,2
CGATTGA,2
TTTCAAT,2
TTACTCG,2
TCGTCGA,2
AGTTGTC,2
GTTGTCA,2
GATTAGA,2
TTAGGTG,2
GACCATG,2
ACCATGT,2
AGGTCAT,2
TCATGTG,2
GATGATG,2
CGTTATG,2
GATGGTC,2
TAACATG,2
ACTCTAC,2
CTTTTTG,2
TTTTTGT,2
TTTTGTC,2
TAGTAGC,2
TAGCTAG,2
ATTAGCT,2
ATACACG,2
CGATAGC,2
GAGTTTA,2
CAATTGT,2
AAACGTG,2
CAGTTAT,2
AGTTATT,2
GTTATTT,2
GTTTTAT,2
CTGTGTA,2
TCGTAGG,2
TCTCAAT,2
GTCTTTA,2
TTTATGG,2
TATGGAC,2
AGTGCAC,2
TCTGTAT,2
TATCTTG,2
TCTTGTA,2
ATCTAGC,2
GCGATAA,2
GACAATT,2
CATGAAC,2
CATCTAT,2
ACGTTTC,2
TTTGTAT,2
TTGTATT,2
TCTTAGA,2
GAGTTTT,2
TGATCCA,2
TATAGCG,2
TTACAAC,2
TATCTCT,2
GAATAGC,2
AAAAACA,2
TACTAAA,2
ATCGGGT,2
TTAAATG,2
TATTCGT,2
CAAACCG,2
TGATTCA,2
CAAGTTG,2
ACGTACG,2
CGTACGG,2
AGTTGGT,2
ATATTGA,2
ATTGACT,2
CATAGCG,2
CGCTTAT,2
AGTCGTG,2
ACACATT,2
CACATTC,2
TGATGAA,2
TATGCCT,2
CAATTCT,2
AATTCTA,2
ATTCTAG,2
TGTGTAC,2
GTACTTC,2
GAAAGTA,2
TGAATCT,2
ACTATGA,2
ATTTCGG,2
AACATTT,2
AGGTTAA,2
TAGACTA,2
TATGAGT,2
TCGTGTA,2
CGTGTAG,2
GTTACTT,2
TTACTTA,2
TACTTAC,2
TCGGTAA,2
AGAAATT,2
ATTCAAG,2
TACTAGG,2
CTTACGA,2
TTACGAC,2
ATCGACA,2
CCAGATA,2
CAGATAG,2
GTGCAAA,2
CTATCGT,2
ATCGCAA,2
TCGCAAT,2
TAGTGAA,2
CCTTAAT,2
TCATTAC,2
TTACTAG,2
GATGACC,2
ACAGGAT,2
GATGCTA,2
TGCACTA,2
TGAACAT,2
ATACACT,2
ATGAAAT,2
CGGTGTA,2
TGTACAC,2
GTAGTTA,2
TTAGTCA,2
TTTTACC,2
AGGTAAC,2
GGTAACA,2
TAACAAG,2
ATTTCAG,2
CTGGTAT,2
CCCATAT,2
CATATTA,2
AAAGACC,2
ATGTCCA,2
CAGTAAT,2
TAATAGC,2
GATGTGC,2
AAAGTCA,2
CAACTGT,2
TCAGATG,2
GCTATAG,2
AGATCGC,2
GATCGCC,2
TAAACCT,2
CATAACA,2
ATAACAC,2
TACGGAC,2
ACAACAT,2
AGTAGCA,2
GTACACC,2
TGACACG,2
ATAAACT,2
TAATAAT,2
TTTTTGC,2
TTTTGCT,2
TTTGCTA,2
ACCGCTT,2
ATGCCGA,2
TGTTAAA,2
AGTCTAT,2
GTTACTG,2
GTCATGA,2
GCTAGAT,2
CTAGATC,2
TGTATAA,2
CGGTTGT,2
GGTCATA,2
GTCATAA,2
CATAACT,2
CATGTAT,2
CTATTGA,2
GGTTGTA,2
CTTGCAA,2
GTATGTG,2
GTTTTAG,2
AAAACGC,2
ACGTGTC,2
CATCAGT,2
TAGCACG,2
GGCACAT,2
TAGCAGT,2
ACGAACG,2
CGTAATC,2
GTAATCG,2
GGTCTTA,2
AAATCAC,2
CAGACAA,2
ATAAAGT,2
TGTCAAA,2
TCAACCT,2
TTTGACA,2
ACTTAGT,2
CTGATTA,2
ATTAATC,2
ATTCAGT,2
GATCCAT,2
ATCCATT,2
CGTATAT,2
GTATATG,2
TATATGC,2
ACTGCTA,2
TGACGAT,2
GACATCT,2
ACATCTG,2
AAAGGTT,2
GGTTTTT,2
TATTCAT,2
TCATGAG,2
AGTCTAC,2
GCAATTT,2
CAACAAT,2
TTTAGTG,2
TTAGTGT,2
ATTGTTG,2
CTCTTAA,2
GTATGCT,2
TTCAGAA,2
AGTATGC,2
GTATGCA,2
GAATCGA,2
CCGGTTA,2
AATGTAC,2
GTACTAG,2
ACTAGGT,2
ACATGAG,2
TTGCAGA,2
ACCTTAT,2
TTATCTT,2
TAATAGT,2
ACTAATC,2
AATCGTG,2
TGCAACC,2
CTGATCG,2
TATAATT,2
TAATTGT,2
ATTGTCC,2
CGACAAG,2
AAATGTG,2
ACGGCTA,2
AGTACGA,2
GGAGTAT,2
GCATCAA,2
CAAGGTA,2
AGATAAA,2
TGGCATG,2
GACTTAA,2
ACTTAAA,2
TTAAACT,2
GTTTGGA,2
ACATACG,2
CATACGA,2
AATGGAT,2
GGAACAT,2
GAACATA,2
AACATAA,2
TGTCGTG,2
TCTAGAA,2
GGATATG,2
GATATGA,2
ATTCAAC,2
CTTATTA,2
TATTAAC,2
CTTAAGT,2
TGACTTA,2
ACTTATT,2
GTTGATC,2
AGGTATC,2
GAGTATC,2
AACTCAA,2
CGAGAAA,2
TTACCAT,2
ACTGTCT,2
TAAATCC,2
TATGTAG,2
TTCGTGC,2
ACATTCA,2
GTTATTC,2
TTATTCC,2
ATTAAGG,2
AGGTAAT,2
GTAATTA,2
GTTTCGT,2
TTTCGTC,2
CTAAATC,2
TAAATCG,2
AAATCGC,2
TCCAACT,2
ATTGGTA,2
GAATCCA,2
AGACTTA,2
TCATCAA,2
TTTCAAA,2
CATTTGT,2
TAGCGTA,2
TACTTAG,2
AGTAGTA,2
AGTACGG,2
TCATATC,2
ACTAATT,2
AGCATAC,2
ATTTGGT,2
TCAGTTA,2
CATGACA,2
TGTCGTA,2
TCGTAAG,2
TGAATTG,2
AATCTAG,2
ATGATTC,2
ATCCTAA,2
AAGATAC,2
ATAGTTG,2
TGACAAA,2
AACAGGA,2
ACTCGTT,2
CATCATT,2
GCCATTA,2
ATTAGGG,2
AATACGC,2
ATACGCT,2
TACGCTT,2
GCCATAC,2
ATACCCT,2
CTTGTGA,2
ATGAGGT,2
GATGTTA,2
AAGAATA,2
GATTAAG,2
TTAAGCT,2
CTCGAGT,2
ACTATGC,2
TATGCCG,2
TAACGGT,2
TAATGAA,2
ATGTCAG,2
GTGCGTT,2
CGTTTTT,2
GTATCTG,2
CCTACTA,2
CTACTAC,2
TACTACC,2
TATCGCG,2
GAGTAAA,2
TTCGGCA,2
GGATTTT,2
AAAGATC,2
AAATACA,2
GTTGAAG,2
ATTATGT,2
AAAGTAA,2
AAGTAAT,2
TACTGAA,2
CTCGGTA,2
TCGGTAT,2
ATCGCTA,2
TCGCTAC,2
TCAACGA,2
CAACGAT,2
AACGATG,2
ACGATGA,2
CGTAAGC,2
TAGCGGT,2
CGTCTTA,2
CTAATTA,2
TACCACG,2
TGACTAA,2
CATTGCA,2
TCGCTAG,2
GTACAAG,2
TGACAAT,2
AATGGTT,2
CTAATAA,2
GAATTTA,2
AATTTAT,2
TTTATTC,2
TTATTCT,2
TATTCTT,2
TTGTCGC,2
AAGGTTG,2
AGTTACG,2
TATCGGC,2
ATGTTCC,2
AAAAAGA,2
TCTCGAT,2
AAGCGTA,2
CTAGTAT,2
TAGTATC,2
TTTCTGA,2
AGAGTTT,2
GCACGTA,2
TATATGG,2
ATATGGG,2
GTAATTG,2
CTATCAA,2
CAATACG,2
TACGAGA,2
TGTTCAC,2
CCGTTAA,2
CATGCTA,2
TGTAATC,2
GTAATCT,2
AGTTAAA,2
ATCTAAA,2
GGGTAGT,2
ACTGGTA,2
CGCTTAG,2
TTAGCAA,2
TAGACCG,2
CCTAATA,2
AATACAG,2
TAATTAC,2
AATTACC,2
ACCATAT,2
CCATATC,2
CAAGTAT,2
CTTTGCA,2
TTTCAAC,2
CTTATTC,2
TCCATCG,2
GGTACTC,2
TTCGTTG,2
TAGTCTA,2
CACATCT,2
ACTAACT,2
GCGTATG,2
CGTATGG,2
ACACCTA,2
TAGGATA,2
TTATGGG,2
GTAAATG,2
AAATGGT,2
ATGGTTG,2
CTAATGT,2
GTGAACC,2
AACCCTA,2
CATCCAT,2
ACGCTTA,2
TCTACAC,2
ATGACTT,2
GATTGCT,2
CTTGATC,2
ATAACAG,2
AATTCAT,2
TCGTTAC,2
AGTCTTA,2
CAAGTAA,2
CAGCGTA,2
CGGTTAG,2
GGATAAT,2
GATAATG,2
ACTATTC,2
ATCCTAT,2
TATTCTA,2
TTTTTAG,2
ATGGTTT,2
CGTATCT,2
ATGATGT,2
ATGTACG,2
GTACGAA,2
TACGAAA,2
TGCATTT,2
TTTTCGC,2
GCATGTC,2
CACCTAA,2
ATGTGAT,2
GTGATTA,2
TGATTAT,2
ATATTCT,2
TGCGTAC,2
GTTGATG,2
AACACGT,2
AAATTGA,2
TACGACG,2
TTCGACT,2
GAGGTAA,2
CTACATG,2
TCCGATA,2
GATAATA,2
ATAATAC,2
TAATACG,2
AATACGT,2
ATACGTT,2
TACGTTG,2
TTTGTTA,2
TGTTAGT,2
GATTTTT,2
AAAAGTC,2
GCTACAC,2
CTACACG,2
GCGGATA,2
ATGGTGC,2
CGATTCT,2
TTGCTTA,2
GAATTGA,2
TTGACAC,2
GTACCAC,2
CAAATAT,2
ATATGAC,2
ATAGTTC,2
TCTTTAA,2
ATCGATA,2
GCTAACG,2
AGAACGT,2
TTCAATG,2
TAACTAC,2
CGTTAGT,2
TCTTTTA,2
GGTTGAT,2
CCTTGAT,2
ATAGGGT,2
ATCTCCT,2
AGATCGT,2
ATCGTCC,2
GTGCACT,2
ATGGTCG,2
TTAACAG,2
GTATCGC,2
CATTTAT,2
ATTTATC,2
AAAGGTA,2
AAGGTAC,2
TACTTGC,2
TTATAAG,2
GCAGTAT,2
TCATTAG,2
CGAATTC,2
TTGATAC,2
GATGCTT,2
TACCATC,2
CTAACTG,2
CATCGTC,2
AGTCGAT,2
TGATCGT,2
TCTGAAT,2
CAATGCT,2
AACGTTT,2
CATAGGT,2
CGGCGTA,2
ACTCATC,2
AACCTTA,2
TCATCGG,2
TCGGTTG,2
GTGTGAT,2
ATTCCAC,2
AAGTCTT,2
TTTCGTT,2
TTCGTTT,2
TGCTTAC,2
TCCGTAA,2
TAACGCT,2
AAACAGA,2
TTTTTGG,2
TAGCAAT,2
TTAAAAA,2
AGATGTT,2
ATGTTGC,2
TTAAGAA,2
ACGGTTA,2
TATGCCA,2
CAAAGAT,2
AAAATAA,2
AGCTAGT,2
AGTAAAG,2
CATACCA,2
ACAATCA,2
TACTCGA,2
CGTACTA,2
CTCGTAG,2
TGCTCGT,2
TGACATA,2
CGGTATG,2
GTATGGA,2
TAAAACT,2
TTTTCAT,2
TGCACGA,2
TACCGTT,2
GTTTTAC,2
ATAGAAA,2
TAGCAAA,2
AATAGGT,2
GTACTCA,2
ATCGGTA,2
CTAAACT,2
CGAAATG,2
CTATGTA,2
ACACTAG,2
ATCCCTA,2
CCTAGTA,2
CGATTAG,2
CGTTTTA,2
ATTTGAT,2
TTTGATG,2
CTAATTC,2
TTATAGA,2
TATAGAG,2
GTTACTC,2
GCATATT,2
GATGAGT,2
AAACCTA,2
TAGTGGT,2
TTAACCG,2
TTGATGA,2
CTATAGT,2
TATAGTG,2
AACTGAG,2
CAACCAT,2
AACCATA,2
GTTACCT,2
AGATCTA,2
ATCTAAT,2
CAGTTTT,2
GCAAAGA,2
GCGATGT,2
CGATGTT,2
GATGTTC,2
TGTAGAA,2
ATCTAGG,2
ATACTGC,2
TCGTTAT,2
GATCCTT,2
CACATAA,2
GTCGAAA,2
ATATACG,2
ACGAATC,2
TATCAAC,2
GGTCTAA,2
TGACAAC,2
TACAAGA,2
CCCTAAT,2
GGAATAT,2
ACGTTGT,2
TCTAACA,2
CGGTATC,2
GGTATCG,2
TGTTTTT,2
GTCTTAC,2
ACAACTG,2
ATTCGAA,2
CCTATTT,2
AATCATA,2
ATGCACG,2
GTTCTTT,2
ATTACTG,2
CGTTGTC,2
TTAGTGC,2
TTACTGA,2
GTCTAAA,2
GGTCTTT,2
ACACATA,2
ATCGTTT,2
CGACCAT,2
TAATTCC,2
CAAACAT,2
AACATGG,2
GTTGACA,2
AGCATTA,2
ATTATGG,2
GTAACTC,2
ATTGCTC,2
GTCGATC,2
TCGATCC,2
CGTAGTA,2
GTAGTAA,2
TTGTTCA,2
GTCGGTT,2
GGTATGT,2
TTTACGA,2
GACATCC,2
TAGATAG,2
TGTTAGA,2
GTTAGAC,2
ACACAAC,2
TTAACGT,2
AACCGAC,2
TTTGTCG,2
TGTCGAG,2
GGTGAAT,2
CAAAACG,2
AAAACGA,2
TAACAAC,2
TTTGGTA,2
TTCATAG,2
GACACAT,2
GTCCATA,2
CCATATG,2
TCCCAAT,2
TCGTCAT,2
CTTAATC,2
AAAATCA,2
CGACTGA,2
ATACGCG,2
CGTTACT,2
TGTCGAT,2
ATGCGGA,2
ATCGCAT,2
GCATAAG,2
TATGGTT,2
TAATGCT,2
GGTACAA,2
CCTAAAC,2
CAACATT,2
CTGCTTA,2
AATTTAC,2
ATTGTAC,2
TATGAGC,2
GCTATCC,2
AACATGC,2
CCTAGAT,2
CTAGATG,2
TACAACC,2
TTAGTTT,2
ATCCATA,2
ATCGAGT,2
CGTTTAG,1
ACATTAT,1
CGTACCG,1
TACCCTA,1
GGATTCA,1
TAAGTTG,1
TAACATC,1
CTGATAT,1
TGATATG,1
ATATGCT,1
AGTGATA,1
GTGATAT,1
TGATATA,1
GATATAG,1
ATATAGT,1
ACAAATA,1
TAACTTG,1
AACTTGT,1
TAGCATA,1
ATTGAGA,1
TTGAGAT,1
CAGTGTA,1
TGTACTC,1
GATTATC,1
GGCTTAT,1
TCATAAA,1
CATAAAT,1
ATAAATA,1
AAATAAT,1
TGCATCA,1
GAATGTC,1
GACATTC,1
AGATTAA,1
TTCTAGA,1
GGACATC,1
ACATCGA,1
ATCGATC,1
TCGATCG,1
GTTGTAA,1
TTGTAAT,1
GTTCGAT,1
TTCGATG,1
CCGATTT,1
CGATTTG,1
AAGATTT,1
ACTAGTT,1
CCTGTTA,1
TTACCGT,1
ACGCATA,1
CTGTGAA,1
TGTGAAA,1
TTTAACT,1
GTAGCTG,1
CTCTATA,1
TCTATAT,1
ATATACC,1
CTACCGA,1
TAAGGTG,1
TTACGGG,1
ACGCATT,1
TAAGAAC,1
TACGGTC,1
AGGTATT,1
TGAATCA,1
TGAACTT,1
GGTTATT,1
TTTAGTA,1
TTAGTAA,1
TTGTATC,1
TTAGGAC,1
AATACCA,1
ATGCACC,1
ATTACTC,1
CGTTGAA,1
TATAAGA,1
GATCGAA,1
CGCAATA,1
GCAATAT,1
TACTCCC,1
TGTAGAT,1
ATAAGTC,1
GCACCAT,1
GCGATCT,1
GATTGAT,1
ATTGATG,1
TTGATGT,1
TGATGTG,1
GATTTAC,1
TACATGT,1
ACTAAGT,1
ACTGTAC,1
CAATACC,1
AATACCG,1
CTTAGAT,1
AAACGGT,1
CACCTTA,1
ATGTCAT,1
TTTACCG,1
TCCGTAC,1
CCGTACT,1
ACCCTAT,1
ACATAGA,1
TTTATAT,1
TATATGT,1
ATATGTC,1
TATGTCG,1
GTACGCA,1
TACGTTA,1
ATTGTTA,1
TTGCATC,1
TAAGACC,1
GACTATA,1
ACTATAA,1
CGGAATA,1
CGGTATA,1
GTATAAA,1
TATAAAG,1
TTCGCAA,1
GTCGTGT,1
AAAGTTA,1
CGATCTT,1
AAATATG,1
TGTACAT,1
ACTAGAA,1
GCTAAAC,1
CTGTTAT,1
TGTTATA,1
TAAACGT,1
GATACAA,1
ATACAAA,1
TGCTGTT,1
CAAACGA,1
GTCGAAT,1
TCGAATG,1
GATGATC,1
CGAATCT,1
GAATCTA,1
AATCTAC,1
TACAAGC,1
ACCGTAA,1
TAGCTGC,1
AATAATT,1
TAATTGA,1
TTCGAAT,1
TCGAATC,1
ATCACGA,1
ATTCTCA,1
CCGAAAT,1
AAATAGT,1
TTAGTCG,1
TTTTATT,1
ACCGATC,1
ATAATCT,1
AGTACCA,1
GTACCAT,1
TACCATG,1
GGTAAGT,1
GATCGCA,1
CATAAGT,1
TTATGAA,1
TATGAAT,1
TGAATAT,1
GAATATG,1
AATATGC,1
ATGCAAC,1
GCACGTT,1
TTCATAC,1
TCATACT,1
CGAAAAT,1
AAAATCG,1
AAATCGA,1
TTGATTC,1
TGTGATA,1
CTATTAG,1
TAACTGT,1
CTTAATT,1
TTAATTG,1
TAATTGC,1
TTCGATA,1
GATACTA,1
ATACTAT,1
TACTATC,1
ATCCACA,1
AATGTTG,1
ACCTAAT,1
CTAATCA,1
TAATCAA,1
GCTATCG,1
CTATCGG,1
CAATATA,1
AATATAC,1
ATATACA,1
TATACAC,1
ATGTCAA,1
TCAATCG,1
AAAGTCT,1
ATACCTT,1
CATACTA,1
ATACTAC,1
TACTACG,1
TGGTATA,1
CTTGTAT,1
ACTTACA,1
AAAATAG,1
GTCTTGA,1
AACAGAC,1
CGTGAAT,1
TCATTGA,1
TTAAAGT,1
TAAAGTA,1
TAGATAT,1
AGATATG,1
TACCACA,1
CAGTATA,1
AGTATAC,1
GTATACT,1
TATACTG,1
CAATTAT,1
TCGGCAC,1
TATCGCT,1
CAGTACT,1
TATAGGT,1
ATAGGTT,1
GGTGTAT,1
TGTATTA,1
TATTAGG,1
TGTTGCG,1
GGAAATT,1
TCGTTAA,1
TAGCCTA,1
ACTAGTC,1
CATTTTA,1
ATTTTAC,1
AACTCGA,1
TGCGAAT,1
ATCCGTA,1
TAGTCAA,1
ACGTAGC,1
TCATAGA,1
CATTACA,1
AAGTTAA,1
TACGGTA,1
TGATTCT,1
CATTTAA,1
TTTAGTC,1
TTGATCT,1
TGGAAAT,1
TGTATAG,1
GTATAGA,1
TATAGAC,1
GGATATC,1
GATATCC,1
ATATCCG,1
TATTCAC,1
ACACGAT,1
ACGATGT,1
TATGTGC,1
CTACTAA,1
TACTAAT,1
TTATGTC,1
ATTACGT,1
GTATTCT,1
ATTTGTA,1
ATGATTA,1
TCTAGTT,1
GTTCAAT,1
AATTTAG,1
ATTTAGC,1
TGTGATG,1
AATTGTG,1
GCAGTTA,1
TTTTATC,1
TATCTGT,1
TGATGTA,1
TTTATGC,1
TTATGCT,1
AAAAAGT,1
CGATAAA,1
TTTAGTT,1
ATCTATC,1
AGTATGT,1
GTATGTC,1
TATGTCT,1
ATGTCCT,1
CGAATAG,1
TAGTGCA,1
CTTACTA,1
TTACTAA,1
GTTAAAT,1
CATATGG,1
CTTCTAA,1
CTCAATA,1
CAATATT,1
AATATTG,1
TTACATA,1
ACATTCT,1
ATTACGA,1
TGTACTT,1
ACAACTA,1
TCGAGTT,1
GATGCAA,1
AGCTTAC,1
GCTTACT,1
TTCGGTA,1
GAAATTC,1
ACTACTA,1
TCTACTA,1
ATCTGAA,1
TACCTTT,1
GATCGAC,1
TATTAGA,1
GAACATC,1
ACATCAC,1
CCCGTAA,1
GTGTGAA,1
GGTGTAC,1
TTCGCTA,1
TAAGTCT,1
ACTTGCA,1
AATTTCA,1
GTATCAC,1
TATCACC,1
ATATTAC,1
TACAGAT,1
AGTAATA,1
AGTTATA,1
ATTCAGA,1
ATTCTTC,1
TTTTTTA,1
TCTAAAC,1
CTAAACC,1
AAGAATC,1
CAACATA,1
AACATAC,1
ACATACA,1
GTAGCAC,1
CGCTTAA,1
CATCGCA,1
TAAAAGA,1
AGGCATA,1
GGCATAA,1
ACTGTAT,1
TCGTAAC,1
CACGAAA,1
ACGAAAT,1
ATCTTGC,1
CATGCAC,1
ATTATCT,1
AAAGTAT,1
CGTTGTA,1
GTTGTAT,1
TGTATGT,1
CGTATAG,1
AACAGAT,1
AGATTAG,1
CGGTTTT,1
CATCTAA,1
ATCTAAC,1
AAAAACG,1
AAGATAT,1
GATATCA,1
ACTGTAA,1
TAACGTA,1
AACGTAC,1
CTAGCAC,1
TAAAGTG,1
ATCCGAT,1
TGATTAA,1
AAAAGAT,1
AAAGATT,1
TCATGCA,1
TCCATTA,1
TTATTCA,1
CAGCAAT,1
ACCAAAT,1
ATATTTA,1
TATTTAG,1
ATTTAGT,1
AATTGTT,1
TATGCAT,1
ACGACAA,1
ACATGAT,1
ATGTACT,1
TGTACTA,1
GTTACGA,1
GGATATT,1
GATATTG,1
TGGTTAG,1
GGTTAGT,1
TGATCGA,1
GATCGAG,1
TCGTACT,1
GTATAAT,1
ACGGCAT,1
TTCCGTA,1
TACATGC,1
CTTTAAT,1
TTTAATC,1
TGGTAAA,1
TACGTGC,1
TTGCGAT,1
ACATTGA,1
CTCGATA,1
CGATACA,1
GATACAT,1
ATACATG,1
GATAAAT,1
ATAAATG,1
ATGTCTT,1
AGTTAAT,1
TAAACTT,1
TGCTTTT,1
ACGACAT,1
ATGGATG,1
TAATGAC,1
TATTACC,1
GCTAGCA,1
AAAATAC,1
AAATACC,1
AATACCC,1
TAACATA,1
AACATAG,1
CATGATT,1
ATTAACC,1
CGTTGAT,1
AATTCAC,1
TCGCGAA,1
CGATCGT,1
ATTACAT,1
ATGCTTA,1
AATCTTC,1
GGTAATT,1
TAATTAG,1
ATGTTTA,1
TGTTTAT,1
GTTTATG,1
CTGACAT,1
TGACATG,1
CATGTTC,1
TTCATTA,1
TTGGTAG,1
CTAAAAC,1
TAAAACA,1
ATTCATC,1
TTCTACG,1
GTAGTAC,1
TAGTACG,1
CTCATAT,1
ATATCCC,1
TATGGTC,1
CTATTGT,1
CCTATAA,1
CTATAAT,1
AAGACGT,1
TACGGTT,1
ATCTAGA,1
CAGTTTA,1
TAAGATA,1
AATAGTT,1
GTTCACA,1
TCCACGA,1
CACGAGT,1
ATCTTAA,1
TTAACTA,1
TAAAGAC,1
AGATAGC,1
CAAATAC,1
AAATACG,1
AGTACAG,1
CATGGTA,1
AGAATAC,1
AATACTA,1
ATACTAG,1
CTATGAA,1
TATGAAG,1
GAACATG,1
ACATGTC,1
GATTTAG,1
ATTTAGA,1
TTAACCT,1
CACGTTT,1
ACGTTTT,1
TCTATCG,1
AGTAAAA,1
TGAACAC,1
GATTTTG,1
ATTTTGA,1
TTTTGAC,1
ATACACC,1
GTGTTTA,1
GCAATTA,1
CAATTAA,1
AATTAAG,1
CACTGTA,1
ATCCGAC,1
AGATAAT,1
GATAATT,1
ACGCAAA,1
CGGTATT,1
ATGGTAA,1
GTAAGCA,1
TAGCGTT,1
TAACTCA,1
AACTCAT,1
CTATTCA,1
TATTCAA,1
TAATTAA,1
AATTAAC,1
ATTAACT,1
TAGATCT,1
ATTGCAT,1
ACGTCTT,1
TCAAACG,1
TGTACGC,1
ATTGTCG,1
TAAGGTT,1
GCGTTAT,1
GTTATCG,1
AGTTTAT,1
TGGTAAT,1
GTAATGG,1
TACATGG,1
ACTTTTT,1
GTTATAT,1
TACGATT,1
TGTCATC,1
GATACCT,1
TATGGAT,1
ATGGATC,1
TATCAAG,1
ATGACAA,1
GACAATA,1
ACAATAC,1
AATACGA,1
ATACGAG,1
TGAAGTA,1
AAGTACA,1
AGTACAC,1
TACGAGT,1
AGTGCTA,1
AACTCGT,1
AGTGCAT,1
GTGCATT,1
AATACAA,1
CTAATAC,1
TAATACA,1
AACGTAA,1
ATATCTG,1
ACTTGAT,1
GAGATAC,1
TTGTCAA,1
TTAGTGA,1
TAGAGTT,1
TTACGGT,1
TGTTCAA,1
CGATGGT,1
GTGTACG,1
TACGAGC,1
ATCCATG,1
TTATCGT,1
TATCGTG,1
TAAGTTA,1
AAGTTAC,1
ATAGGAC,1
TGATTTC,1
GATTTCG,1
ATTTCGT,1
TTTCGTG,1
ATTCGCA,1
TAGATGT,1
TCTAAGA,1
TGCTGTA,1
TCTACGT,1
TGCAAGT,1
ATTGCAC,1
TCGTCTA,1
TATTGAA,1
TTGAATA,1
AATAACA,1
TAACAGA,1
CTCGTAA,1
TCGTAAT,1
GCCGAAT,1
AACCTAC,1
ACGAGTT,1
CTTAATA,1
CACTTTA,1
ACTTTAG,1
ATCACTA,1
TTAAGCG,1
TAAGCGT,1
CATGGTT,1
GGATACG,1
AGTCGTT,1
ACGAAAA,1
TTTCACA,1
TTCACAC,1
ACGCTAT,1
GGATTTA,1
TAAATGT,1
AATGTTA,1
ATGTTAT,1
TGTTATC,1
ATTATAT,1
TTATATT,1
CCAATAT,1
TTGATGG,1
ACAGTAA,1
AAACACG,1
TTGTTCG,1
TGTTCGA,1
AAAAATT,1
GGTAATC,1
GTAATCC,1
ATCCGTT,1
TGATCTA,1
AGTAAGC,1
AGATTTT,1
TACATCA,1
TCGTTTG,1
ATCGTGC,1
TACACGC,1
CGGATAG,1
CTAAAAT,1
TAAAATT,1
AATTTCT,1
ATTTCTT,1
GATTCTG,1
ATATTCA,1
TTTTTAC,1
TAAGCCG,1
TAGTGAT,1
TCCGTAT,1
CCGTATT,1
CGAATTA,1
GAATTAG,1
AATTAGT,1
ATTAGTT,1
AATTAGA,1
TAGATCG,1
GTTTTGT,1
TTAAATA,1
TAAATAG,1
GTTATCA,1
TACTAGT,1
ACTAGTA,1
TCGATAG,1
CGATAGT,1
GCAAAAA,1
AATGTAA,1
GTAAAAT,1
CTGTAAT,1
GTTAGTG,1
CTTGATA,1
TAGGTGA,1
GACTTAC,1
ACTTACG,1
GTCCTAT,1
TCCTATA,1
CTATAGA,1
TATAGAA,1
TTCTACA,1
CGTAAAG,1
CTCGTAT,1
TCGTATT,1
GATAATC,1
TGAATTC,1
AATTCCT,1
TTCAGTA,1
TACCTTA,1
TTACTTG,1
TCAATGT,1
ATGTGAA,1
TGTGAAC,1
TTAACAC,1
TAACACA,1
CTTATAA,1
ACTTACT,1
GTCATTA,1
CGCAAAT,1
TTTGATA,1
TGATACG,1
ATAAGCA,1
TAAGCAA,1
ACTACTT,1
ATGCTTC,1
TCACTAG,1
TCTGACA,1
TACGTCT,1
GTTGTAC,1
ACGAAAG,1
GTCGATG,1
TCGATGG,1
GTTGGAT,1
CGTTTAA,1
TATCCAT,1
TAACCTT,1
AATGTAT,1
ATGTATG,1
GTATGAC,1
ATAGTAA,1
TAGTAAT,1
AGTAATC,1
TAATCTT,1
TATTGCA,1
TTGCAAG,1
AGTTGAA,1
GTTGAAC,1
AGTACTG,1
GAATTTC,1
GTTGGAA,1
ATTCATA,1
TTCATAA,1
ATCGTGT,1
TCGTGTT,1
TACACGA,1
ACGAATT,1
CGAATTG,1
TAAAAAA,1
TGGCATA,1
AACACGA,1
GTACATA,1
TACATAC,1
CATACGT,1
ATACGTA,1
GTACTGA,1
GGTACTA,1
GTACTAA,1
TGAATTA,1
GAATTAC,1
AATTACA,1
ATTACAA,1
AAAGATA,1
ATACCAA,1
AACACTC,1
GTGATAA,1
CGTGCGA,1
TACGTAT,1
ACGTATG,1
CGTATGT,1
GTATGTA,1
TATGTAC,1
ATTGTTT,1
TGACTTT,1
GTAAAGA,1
TAACTAT,1
ACATGGT,1
CAACCTA,1
TAATGCG,1
GTGTAAC,1
CCGGTAT,1
AGTTTTA,1
TTACATC,1
TATTCGG,1
ATTCACG,1
CGGTAAA,1
ACTAAAC,1
AGCTATA,1
CTATAAA,1
TATAAAA,1
GACACTA,1
CTAGTAA,1
TAGTAAC,1
ATTAGGA,1
TTCAAGA,1
TTGATGC,1
GGTTAAT,1
ACCGTAT,1
CCGTATC,1
AATTAGG,1
TTAGGCA,1
TATACAG,1
ATACAGT,1
GTATGCG,1
TATGCGA,1
TCTAATC,1
GCATGTT,1
ATGTTTG,1
AACGGAT,1
GGCATAT,1
CATATTC,1
TCATGTT,1
ATGTTGA,1
ATAAGGT,1
ACCTAGT,1
TATTGTG,1
AATCGAT,1
ATCGATG,1
TCGATGC,1
TAACACG,1
GTATCGT,1
TATCGTC,1
CTTAGTA,1
TTAGTAG,1
GCGTAAT,1
GATAAAA,1
TGTTGCA,1
TTGCACA,1
GTGTTAA,1
GAATAGG,1
TTGTGTC,1
TGGATCA,1
ATATCCT,1
GTTTTTG,1
CGTTATA,1
GATGTCT,1
GTGTAGA,1
TCGAGTA,1
TGATTGT,1
TAACCCA,1
TCATCAT,1
GTAAGTC,1
TAAGTCA,1
CGGTAAT,1
TAATGTC,1
TTCCAAC,1
GTTTAGT,1
GTGCATA,1
TAAAGTC,1
ACATAAT,1
CATAATG,1
TATACGG,1
ATACGGC,1
AAATAAA,1
AAACCTT,1
ACGATCT,1
CGATCTG,1
AACGAAT,1
AGCGTAT,1
CGTATCA,1
GTATCAA,1
ACCATAC,1
TGATACA,1
TGTCTAT,1
GTCTATC,1
TATCATG,1
AACTGTT,1
ATATTAT,1
TTATCAT,1
TCATGAC,1
GGTATTA,1
TTCTATG,1
GCAATAA,1
AACTAAT,1
ACTAATA,1
CGGATTT,1
GAAAGAT,1
AGTTTTC,1
AGGATAT,1
TTAGCTA,1
AGTTTAC,1
TTTGTGT,1
GTTTTTA,1
TTTTTAA,1
TTTTAAG,1
TTAAGAT,1
GTACTTG,1
TTAACAA,1
CGATTAT,1
GATTATG,1
ATTATGA,1
AAGTACG,1
GCATGCA,1
CATGCAT,1
TTCAAAC,1
AATTCGA,1
ATTCGAG,1
AGGATTT,1
GATTCGA,1
AACCTAT,1
TATTTCA,1
TTATACG,1
TATACGC,1
CATTCGA,1
GATCGTA,1
GTGATAC,1
TGATACT,1
ATCATAA,1
TCGACAT,1
GACATAT,1
ACATATC,1
TATTACT,1
TAACTTA,1
AACTTAA,1
TTGTCGT,1
GATCATC,1
ATCATAT,1
TCATATA,1
CATATAC,1
TATACGA,1
ACGACTA,1
AAACATC,1
AACATCC,1
GATGTGA,1
GATAGCA,1
TTTGTTC,1
GAAATAC,1
TACACAT,1
CACATAT,1
ACATATG,1
ATATGCG,1
AAATATC,1
AATATCG,1
ATATCGT,1
GCATACG,1
AGTAATT,1
TCGTGAT,1
ATCAAAC,1
AGTTACC,1
TTATACC,1
TGATGGT,1
ACTAGCA,1
GCAACTA,1
CCGAACA,1
CGAACAT,1
GAACATT,1
CGGTCTA,1
TACGCCG,1
CTAATTT,1
TAATTTG,1
TGAATGT,1
AGTAACT,1
CCTATAC,1
CTATACC,1
GGTCGAT,1
TTCGTTA,1
GTACGGG,1
TAGTAAA,1
GTAAATC,1
TAAATCT,1
GCTTATA,1
ATCCAAC,1
ACTATGT,1
ACCATGA,1
CGACCTA,1
TTCTTAT,1
CATGTGT,1
GAGTAAT,1
TAGAGTA,1
CCATCGA,1
TCGATAA,1
CATGATA,1
TGATAAC,1
GATAACA,1
ACCATCA,1
TTGACAT,1
TGAAATA,1
TAGTAGA,1
TAGTAGT,1
ACAACGT,1
GATTAAC,1
TCACATT,1
TCTTCGA,1
AAACGAT,1
AACGATA,1
ACGATAT,1
CGATATT,1
GATATTT,1
GATGGAA,1
TCAATGC,1
TCTTGTG,1
AGTTGTT,1
ATTACCT,1
ATGATGA,1
ATGACAT,1
CATCGAC,1
AACCGTT,1
TTGGTAT,1
TGCAATC,1
GTTCATA,1
GTCGTTG,1
TCGTTGT,1
ATCCAGT,1
ACACATG,1
ACTACTC,1
AATTCTT,1
CATATTG,1
ATATTGG,1
GCATCTA,1
CATCTAG,1
ATATCCA,1
ATGCTAC,1
TAAATGC,1
AATGCTT,1
TTAATCG,1
TAATCGA,1
ACTGATA,1
TTTATCG,1
CCATACG,1
CATACGC,1
GAACCAT,1
AAACTTG,1
GTAAGCT,1
TAAGCTG,1
CTTAAGA,1
GAGATTA,1
ATTATTG,1
AAATCTA,1
ATTCTGA,1
CATAACG,1
TAAGATT,1
AAGATTA,1
AGATTAC,1
GATTACT,1
TTACTAT,1
TACTATG,1
GTATCTA,1
TAAATCA,1
ACTGAAT,1
GAATTTT,1
AATTTTT,1
CTTATAT,1
TCGGATA,1
CGGATAC,1
GATACAC,1
TACACTA,1
CTCATGT,1
CGACAAT,1
TGTTCTA,1
TCGACTT,1
CCAACAT,1
AACATTG,1
GTAAGTA,1
TAAGTAG,1
ATTCACT,1
GTCCGAT,1
CCAATTT,1
ACGAGCA,1
CGACATG,1
TAATCGC,1
GTTTATC,1
TTATCCG,1
ACCTCTA,1
TAGTTAT,1
ATTTGTC,1
TATTAAG,1
ATTTTGT,1
GTCTATA,1
TCTATAA,1
CTATAAC,1
CGTGTAC,1
CCGTACA,1
TGTTAGG,1
CATGCCA,1
TATCCGT,1
GCAAAAC,1
TATTGTA,1
AAAGATG,1
ACGTGTA,1
CGTGTAA,1
TTGATCG,1
CAAATTA,1
AAATTAC,1
AATTACT,1
ACATACT,1
TAAAATC,1
TTAAATT,1
TAAATTA,1
AAATTAT,1
AATTATG,1
ATTATGC,1
ATAGACT,1
TATAAGC,1
CAAATGT,1
TGTAGGT,1
TCACGTA,1
CACGTAG,1
TGTCGAA,1
GGTATCT,1
CTGTACT,1
CTTTTTA,1
TTTTTAT,1
TCAATAA,1
CCGATCT,1
CGTTCTT,1
ACCCATA,1
ACGTAGA,1
CAACTAA,1
ATTAAAC,1
GTAACAT,1
GTGTCAA,1
GTTGCGA,1
CAGTTAA,1
AGTTAAC,1
GTTAACT,1
TAACTGA,1
TAAGTTC,1
CGAACAG,1
ACACATC,1
ACATCTT,1
GATGTAC,1
ATGTACA,1
AATGTGT,1
TGTGTTA,1
TGTTACA,1
GATGAAA,1
TTACTTT,1
TAACAAT,1
ACAATTT,1
TTATGCG,1
CACAACA,1
GTAGTAG,1
TCATCTA,1
ATCTATT,1
CTTGAAT,1
TTGAATT,1
TGAATTT,1
CTGAATA,1
ATAATGT,1
ACTTAAG,1
TCGGTAC,1
CGTTGCA,1
CATATAA,1
ATATAAG,1
TATGTGA,1
TATCAGT,1
TCGATTA,1
CGATTAA,1
GCATTAA,1
CATTAAA,1
ATTAAAA,1
CATCGTT,1
GGAATAC,1
AATACCT,1
ACATGGA,1
AAGGAAT,1
GGAATTA,1
GAATTAT,1
GCAAACA,1
ACATAAG,1
ACTTTGA,1
GTCATAC,1
CATACAT,1
ATACATT,1
CATTGTA,1
TTGTACA,1
TGTACAA,1
